ppd_id,PlanName,PlanFullName,StateAbbrev,StateName,GovtName,PlanType,fy,fye,MktAssets_net,InvestmentReturn_1yr,ActFundedRatio_GASB
1,Alabama ERS,Employees’ Retirement System of Alabama,AL,Alabama,Alabama,1,2001.0,2001-09-30,7.236735e+06,-0.0636,1.002
1,Alabama ERS,Employees’ Retirement System of Alabama,AL,Alabama,Alabama,1,2002.0,2002-09-30,6.424435e+06,-0.0929,0.954
1,Alabama ERS,Employees’ Retirement System of Alabama,AL,Alabama,Alabama,1,2003.0,2003-09-30,7.222812e+06,0.1648,0.911
1,Alabama ERS,Employees’ Retirement System of Alabama,AL,Alabama,Alabama,1,2004.0,2004-09-30,7.795598e+06,0.1006,0.897
1,Alabama ERS,Employees’ Retirement System of Alabama,AL,Alabama,Alabama,1,2005.0,2005-09-30,8.464515e+06,0.1098,0.84
1,Alabama ERS,Employees’ Retirement System of Alabama,AL,Alabama,Alabama,1,2006.0,2006-09-30,9.001867e+06,0.0837,0.811
1,Alabama ERS,Employees’ Retirement System of Alabama,AL,Alabama,Alabama,1,2007.0,2007-09-30,1.0401218e+07,0.1792,0.79
1,Alabama ERS,Employees’ Retirement System of Alabama,AL,Alabama,Alabama,1,2008.0,2008-09-30,8.647705e+06,-0.1521,0.757
1,Alabama ERS,Employees’ Retirement System of Alabama,AL,Alabama,Alabama,1,2009.0,2009-09-30,7.679005e+06,-0.1003,0.722
1,Alabama ERS,Employees’ Retirement System of Alabama,AL,Alabama,Alabama,1,2010.0,2010-09-30,8.176732e+06,0.0847,0.682
1,Alabama ERS,Employees’ Retirement System of Alabama,AL,Alabama,Alabama,1,2011.0,2011-09-30,8.130435e+06,0.0221,0.658
1,Alabama ERS,Employees’ Retirement System of Alabama,AL,Alabama,Alabama,1,2012.0,2012-09-30,9.188696e+06,0.1801,0.657
1,Alabama ERS,Employees’ Retirement System of Alabama,AL,Alabama,Alabama,1,2013.0,2013-09-30,1.009194e+07,0.146,0.657
1,Alabama ERS,Employees’ Retirement System of Alabama,AL,Alabama,Alabama,1,2014.0,2014-09-30,1.0883952e+07,0.1202,0.669
1,Alabama ERS,Employees’ Retirement System of Alabama,AL,Alabama,Alabama,1,2015.0,2015-09-30,1.0551904e+07,0.0105,0.673
1,Alabama ERS,Employees’ Retirement System of Alabama,AL,Alabama,Alabama,1,2016.0,2016-09-30,1.1177074e+07,0.1022,0.662
1,Alabama ERS,Employees’ Retirement System of Alabama,AL,Alabama,Alabama,1,2017.0,2017-09-30,1.2122471e+07,0.1286,0.678
1,Alabama ERS,Employees’ Retirement System of Alabama,AL,Alabama,Alabama,1,2018.0,2018-09-30,1.2720352e+07,0.0929,0.687
1,Alabama ERS,Employees’ Retirement System of Alabama,AL,Alabama,Alabama,1,2019.0,2019-09-30,1.2568473e+07,0.0278,0.682
1,Alabama ERS,Employees’ Retirement System of Alabama,AL,Alabama,Alabama,1,2020.0,2020-09-30,1.3150538e+07,0.0583,0.682
1,Alabama ERS,Employees’ Retirement System of Alabama,AL,Alabama,Alabama,1,2021.0,2021-09-30,1.5479476e+07,0.2218,0.677
2,Alabama Teachers,Teachers' Retirement System of Alabama,AL,Alabama,Alabama,2,2001.0,2001-09-30,1.5814533e+07,-0.0605,1.014
2,Alabama Teachers,Teachers' Retirement System of Alabama,AL,Alabama,Alabama,2,2002.0,2002-09-30,1.4167952e+07,-0.0781,0.974
2,Alabama Teachers,Teachers' Retirement System of Alabama,AL,Alabama,Alabama,2,2003.0,2003-09-30,1.568562e+07,0.1598,0.936
2,Alabama Teachers,Teachers' Retirement System of Alabama,AL,Alabama,Alabama,2,2004.0,2004-09-30,1.6853148e+07,0.1071,0.896
2,Alabama Teachers,Teachers' Retirement System of Alabama,AL,Alabama,Alabama,2,2005.0,2005-09-30,1.8168524e+07,0.1126,0.836
2,Alabama Teachers,Teachers' Retirement System of Alabama,AL,Alabama,Alabama,2,2006.0,2006-09-30,1.9207804e+07,0.0882,0.828
2,Alabama Teachers,Teachers' Retirement System of Alabama,AL,Alabama,Alabama,2,2007.0,2007-09-30,2.191875e+07,0.1746,0.795
2,Alabama Teachers,Teachers' Retirement System of Alabama,AL,Alabama,Alabama,2,2008.0,2008-09-30,1.8100388e+07,-0.1536,0.776
2,Alabama Teachers,Teachers' Retirement System of Alabama,AL,Alabama,Alabama,2,2009.0,2009-09-30,1.6120988e+07,-0.0794,0.747
2,Alabama Teachers,Teachers' Retirement System of Alabama,AL,Alabama,Alabama,2,2010.0,2010-09-30,1.7037672e+07,0.0842,0.711
2,Alabama Teachers,Teachers' Retirement System of Alabama,AL,Alabama,Alabama,2,2011.0,2011-09-30,1.6752218e+07,0.0181,0.675
2,Alabama Teachers,Teachers' Retirement System of Alabama,AL,Alabama,Alabama,2,2012.0,2012-09-30,1.8950126e+07,0.183,0.665
2,Alabama Teachers,Teachers' Retirement System of Alabama,AL,Alabama,Alabama,2,2013.0,2013-09-30,2.0820372e+07,0.1493,0.662
2,Alabama Teachers,Teachers' Retirement System of Alabama,AL,Alabama,Alabama,2,2014.0,2014-09-30,2.2441308e+07,0.1213,0.675
2,Alabama Teachers,Teachers' Retirement System of Alabama,AL,Alabama,Alabama,2,2015.0,2015-09-30,2.1747732e+07,0.0104,0.683
2,Alabama Teachers,Teachers' Retirement System of Alabama,AL,Alabama,Alabama,2,2016.0,2016-09-30,2.2936298e+07,0.1041,0.683
2,Alabama Teachers,Teachers' Retirement System of Alabama,AL,Alabama,Alabama,2,2017.0,2017-09-30,2.4651456e+07,0.1177,0.689
2,Alabama Teachers,Teachers' Retirement System of Alabama,AL,Alabama,Alabama,2,2018.0,2018-09-30,2.5935432e+07,0.0942,0.702
2,Alabama Teachers,Teachers' Retirement System of Alabama,AL,Alabama,Alabama,2,2019.0,2019-09-30,2.5619448e+07,0.0263,0.694
2,Alabama Teachers,Teachers' Retirement System of Alabama,AL,Alabama,Alabama,2,2020.0,2020-09-30,2.5946388e+07,0.0562,0.707
2,Alabama Teachers,Teachers' Retirement System of Alabama,AL,Alabama,Alabama,2,2021.0,2021-09-30,3.056193e+07,0.2262,0.702
3,Alaska PERS,State of Alaska Public Employees’ Retirement System,AK,Alaska,Alaska,1,2001.0,2001-06-30,5.796189e+06,-0.0525,1.009
3,Alaska PERS,State of Alaska Public Employees’ Retirement System,AK,Alaska,Alaska,1,2002.0,2002-06-30,5.323757e+06,-0.0548,0.752
3,Alaska PERS,State of Alaska Public Employees’ Retirement System,AK,Alaska,Alaska,1,2003.0,2003-06-30,5.31839e+06,0.0367,0.728
3,Alaska PERS,State of Alaska Public Employees’ Retirement System,AK,Alaska,Alaska,1,2004.0,2004-06-30,5.880443e+06,0.1508,0.702
3,Alaska PERS,State of Alaska Public Employees’ Retirement System,AK,Alaska,Alaska,1,2005.0,2005-06-30,6.122064e+06,0.0895,0.657
3,Alaska PERS,State of Alaska Public Employees’ Retirement System,AK,Alaska,Alaska,1,2006.0,2006-06-30,6.56815e+06,0.1174,0.782
3,Alaska PERS,State of Alaska Public Employees’ Retirement System,AK,Alaska,Alaska,1,2007.0,2007-06-30,7.439387e+06,0.1888,0.778
3,Alaska PERS,State of Alaska Public Employees’ Retirement System,AK,Alaska,Alaska,1,2008.0,2008-06-30,6.935808e+06,-0.0306,0.788
3,Alaska PERS,State of Alaska Public Employees’ Retirement System,AK,Alaska,Alaska,1,2009.0,2009-06-30,5.09044e+06,-0.2049,0.63
3,Alaska PERS,State of Alaska Public Employees’ Retirement System,AK,Alaska,Alaska,1,2010.0,2010-06-30,5.391527e+06,0.1139,0.624
3,Alaska PERS,State of Alaska Public Employees’ Retirement System,AK,Alaska,Alaska,1,2011.0,2011-06-30,6.267925e+06,0.2122,0.619
3,Alaska PERS,State of Alaska Public Employees’ Retirement System,AK,Alaska,Alaska,1,2012.0,2012-06-30,6.118294e+06,0.0046,0.571
3,Alaska PERS,State of Alaska Public Employees’ Retirement System,AK,Alaska,Alaska,1,2013.0,2013-06-30,6.694482e+06,0.125,0.545
3,Alaska PERS,State of Alaska Public Employees’ Retirement System,AK,Alaska,Alaska,1,2014.0,2014-06-30,7.731438e+06,0.1856,0.597
3,Alaska PERS,State of Alaska Public Employees’ Retirement System,AK,Alaska,Alaska,1,2015.0,2015-06-30,8.606862e+06,0.0329,0.67
3,Alaska PERS,State of Alaska Public Employees’ Retirement System,AK,Alaska,Alaska,1,2016.0,2016-06-30,8.227687e+06,-0.0036,0.664
3,Alaska PERS,State of Alaska Public Employees’ Retirement System,AK,Alaska,Alaska,1,2017.0,2017-06-30,8.943127e+06,0.1335,0.667
3,Alaska PERS,State of Alaska Public Employees’ Retirement System,AK,Alaska,Alaska,1,2018.0,2018-06-30,9.306675e+06,0.0961,0.646
3,Alaska PERS,State of Alaska Public Employees’ Retirement System,AK,Alaska,Alaska,1,2019.0,2019-06-30,9.489405e+06,0.064,0.637
3,Alaska PERS,State of Alaska Public Employees’ Retirement System,AK,Alaska,Alaska,1,2020.0,2020-06-30,9.469161e+06,0.0383,0.636
3,Alaska PERS,State of Alaska Public Employees’ Retirement System,AK,Alaska,Alaska,1,2021.0,2021-06-30,1.1912309e+07,0.2762,0.679
4,Alaska Teachers,State of Alaska Teachers’ Retirement System,AK,Alaska,Alaska,2,2001.0,2001-06-30,3.302567e+06,-0.0535,0.95
4,Alaska Teachers,State of Alaska Teachers’ Retirement System,AK,Alaska,Alaska,2,2002.0,2002-06-30,2.983297e+06,-0.0549,0.682
4,Alaska Teachers,State of Alaska Teachers’ Retirement System,AK,Alaska,Alaska,2,2003.0,2003-06-30,2.917523e+06,0.0368,0.643
4,Alaska Teachers,State of Alaska Teachers’ Retirement System,AK,Alaska,Alaska,2,2004.0,2004-06-30,3.164807e+06,0.1509,0.628
4,Alaska Teachers,State of Alaska Teachers’ Retirement System,AK,Alaska,Alaska,2,2005.0,2005-06-30,3.239727e+06,0.0901,0.609
4,Alaska Teachers,State of Alaska Teachers’ Retirement System,AK,Alaska,Alaska,2,2006.0,2006-06-30,3.422923e+06,0.1178,0.678
4,Alaska Teachers,State of Alaska Teachers’ Retirement System,AK,Alaska,Alaska,2,2007.0,2007-06-30,3.806494e+06,0.1892,0.682
4,Alaska Teachers,State of Alaska Teachers’ Retirement System,AK,Alaska,Alaska,2,2008.0,2008-06-30,3.550798e+06,-0.0305,0.702
4,Alaska Teachers,State of Alaska Teachers’ Retirement System,AK,Alaska,Alaska,2,2009.0,2009-06-30,2.596433e+06,-0.2062,0.57
4,Alaska Teachers,State of Alaska Teachers’ Retirement System,AK,Alaska,Alaska,2,2010.0,2010-06-30,2.716557e+06,0.1158,0.543
4,Alaska Teachers,State of Alaska Teachers’ Retirement System,AK,Alaska,Alaska,2,2011.0,2011-06-30,3.12353e+06,0.214,0.54
4,Alaska Teachers,State of Alaska Teachers’ Retirement System,AK,Alaska,Alaska,2,2012.0,2012-06-30,3.006647e+06,0.0051,0.499
4,Alaska Teachers,State of Alaska Teachers’ Retirement System,AK,Alaska,Alaska,2,2013.0,2013-06-30,3.27913e+06,0.1259,0.481
4,Alaska Teachers,State of Alaska Teachers’ Retirement System,AK,Alaska,Alaska,2,2014.0,2014-06-30,3.771139e+06,0.1846,0.545
4,Alaska Teachers,State of Alaska Teachers’ Retirement System,AK,Alaska,Alaska,2,2015.0,2015-06-30,5.246955e+06,0.033,0.76898
4,Alaska Teachers,State of Alaska Teachers’ Retirement System,AK,Alaska,Alaska,2,2016.0,2016-06-30,4.942201e+06,-0.0036,0.758
4,Alaska Teachers,State of Alaska Teachers’ Retirement System,AK,Alaska,Alaska,2,2017.0,2017-06-30,5.312295e+06,0.1336,0.759
4,Alaska Teachers,State of Alaska Teachers’ Retirement System,AK,Alaska,Alaska,2,2018.0,2018-06-30,5.472727e+06,0.0962,0.762
4,Alaska Teachers,State of Alaska Teachers’ Retirement System,AK,Alaska,Alaska,2,2019.0,2019-06-30,5.511929e+06,0.0639,0.753
4,Alaska Teachers,State of Alaska Teachers’ Retirement System,AK,Alaska,Alaska,2,2020.0,2020-06-30,5.444799e+06,0.0383,0.75
4,Alaska Teachers,State of Alaska Teachers’ Retirement System,AK,Alaska,Alaska,2,2021.0,2021-06-30,6.731481e+06,0.2765,0.791
5,Arizona Public Safety,Arizona Public Safety Personnel Retirement System,AZ,Arizona,Arizona,3,2001.0,2001-06-30,4.4220625e+06,-0.1686,1.269
5,Arizona Public Safety,Arizona Public Safety Personnel Retirement System,AZ,Arizona,Arizona,3,2002.0,2002-06-30,3.6963182e+06,-0.1507,1.13
5,Arizona Public Safety,Arizona Public Safety Personnel Retirement System,AZ,Arizona,Arizona,3,2003.0,2003-06-30,3.832538e+06,0.0667,1.009
5,Arizona Public Safety,Arizona Public Safety Personnel Retirement System,AZ,Arizona,Arizona,3,2004.0,2004-06-30,4.309735e+06,0.1497,0.924
5,Arizona Public Safety,Arizona Public Safety Personnel Retirement System,AZ,Arizona,Arizona,3,2005.0,2005-06-30,4.608042e+06,0.0911,0.821
5,Arizona Public Safety,Arizona Public Safety Personnel Retirement System,AZ,Arizona,Arizona,3,2006.0,2006-06-30,4.9063985e+06,0.083,0.77
5,Arizona Public Safety,Arizona Public Safety Personnel Retirement System,AZ,Arizona,Arizona,3,2007.0,2007-06-30,5.5317935e+06,0.1705,0.664
5,Arizona Public Safety,Arizona Public Safety Personnel Retirement System,AZ,Arizona,Arizona,3,2008.0,2008-06-30,5.0192805e+06,-0.0727,0.688
5,Arizona Public Safety,Arizona Public Safety Personnel Retirement System,AZ,Arizona,Arizona,3,2009.0,2009-06-30,4.115701e+06,-0.1773,0.7
5,Arizona Public Safety,Arizona Public Safety Personnel Retirement System,AZ,Arizona,Arizona,3,2010.0,2010-06-30,4.5858635e+06,0.1347,0.677
5,Arizona Public Safety,Arizona Public Safety Personnel Retirement System,AZ,Arizona,Arizona,3,2011.0,2011-06-30,5.216643e+06,0.1737,0.637
5,Arizona Public Safety,Arizona Public Safety Personnel Retirement System,AZ,Arizona,Arizona,3,2012.0,2012-06-30,5.055828e+06,-0.0079,0.602
5,Arizona Public Safety,Arizona Public Safety Personnel Retirement System,AZ,Arizona,Arizona,3,2013.0,2013-06-30,5.529057e+06,0.1064,0.587
5,Arizona Public Safety,Arizona Public Safety Personnel Retirement System,AZ,Arizona,Arizona,3,2014.0,2014-06-30,5.935524e+06,0.1328,0.492
5,Arizona Public Safety,Arizona Public Safety Personnel Retirement System,AZ,Arizona,Arizona,3,2015.0,2015-06-30,6.0757685e+06,0.0368,0.49
5,Arizona Public Safety,Arizona Public Safety Personnel Retirement System,AZ,Arizona,Arizona,3,2016.0,2016-06-30,6.0424775e+06,0.0063,0.46
5,Arizona Public Safety,Arizona Public Safety Personnel Retirement System,AZ,Arizona,Arizona,3,2017.0,2017-06-30,6.8413265e+06,0.1185,0.453
5,Arizona Public Safety,Arizona Public Safety Personnel Retirement System,AZ,Arizona,Arizona,3,2018.0,2018-06-30,7.28913e+06,0.0707,0.45765
5,Arizona Public Safety,Arizona Public Safety Personnel Retirement System,AZ,Arizona,Arizona,3,2019.0,2019-06-30,7.829913e+06,0.0545,0.46515
5,Arizona Public Safety,Arizona Public Safety Personnel Retirement System,AZ,Arizona,Arizona,3,2020.0,2020-06-30,8.105798e+06,0.0091,0.47006
5,Arizona Public Safety,Arizona Public Safety Personnel Retirement System,AZ,Arizona,Arizona,3,2021.0,2021-06-30,1.1556792e+07,0.2776,0.5444
6,Arizona SRS,Arizona State Retirement System,AZ,Arizona,Arizona,1,2001.0,2001-06-30,2.0798328e+07,-0.067,1.14948
6,Arizona SRS,Arizona State Retirement System,AZ,Arizona,Arizona,1,2002.0,2002-06-30,1.8346958e+07,-0.082,1.06373
6,Arizona SRS,Arizona State Retirement System,AZ,Arizona,Arizona,1,2003.0,2003-06-30,1.792158e+07,0.024,0.98418
6,Arizona SRS,Arizona State Retirement System,AZ,Arizona,Arizona,1,2004.0,2004-06-30,2.0485188e+07,0.175,0.92464
6,Arizona SRS,Arizona State Retirement System,AZ,Arizona,Arizona,1,2005.0,2005-06-30,2.1570914e+07,0.085,0.86114
6,Arizona SRS,Arizona State Retirement System,AZ,Arizona,Arizona,1,2006.0,2006-06-30,2.3219646e+07,0.098,0.84302
6,Arizona SRS,Arizona State Retirement System,AZ,Arizona,Arizona,1,2007.0,2007-06-30,2.7069558e+07,0.178,0.83282
6,Arizona SRS,Arizona State Retirement System,AZ,Arizona,Arizona,1,2008.0,2008-06-30,2.4717188e+07,-0.076,0.82075
6,Arizona SRS,Arizona State Retirement System,AZ,Arizona,Arizona,1,2009.0,2009-06-30,1.9880452e+07,-0.181,0.79013
6,Arizona SRS,Arizona State Retirement System,AZ,Arizona,Arizona,1,2010.0,2010-06-30,2.214696e+07,0.1491,0.76435
6,Arizona SRS,Arizona State Retirement System,AZ,Arizona,Arizona,1,2011.0,2011-06-30,2.6839224e+07,0.246,0.75527
6,Arizona SRS,Arizona State Retirement System,AZ,Arizona,Arizona,1,2012.0,2012-06-30,2.6402094e+07,0.013,0.75287
6,Arizona SRS,Arizona State Retirement System,AZ,Arizona,Arizona,1,2013.0,2013-06-30,2.902543e+07,0.131,0.75443
6,Arizona SRS,Arizona State Retirement System,AZ,Arizona,Arizona,1,2014.0,2014-06-30,3.3693704e+07,0.186,0.76296
6,Arizona SRS,Arizona State Retirement System,AZ,Arizona,Arizona,1,2015.0,2015-06-30,3.364565e+07,0.032,0.77064
6,Arizona SRS,Arizona State Retirement System,AZ,Arizona,Arizona,1,2016.0,2016-06-30,3.2859792e+07,0.006,0.7695
6,Arizona SRS,Arizona State Retirement System,AZ,Arizona,Arizona,1,2017.0,2017-06-30,3.6202756e+07,0.139,0.69674
6,Arizona SRS,Arizona State Retirement System,AZ,Arizona,Arizona,1,2018.0,2018-06-30,3.8491948e+07,0.094,0.70384
6,Arizona SRS,Arizona State Retirement System,AZ,Arizona,Arizona,1,2019.0,2019-06-30,3.9825144e+07,0.066,0.71255
6,Arizona SRS,Arizona State Retirement System,AZ,Arizona,Arizona,1,2020.0,2020-06-30,3.9167584e+07,0.008,0.717
6,Arizona SRS,Arizona State Retirement System,AZ,Arizona,Arizona,1,2021.0,2021-06-30,4.8202224e+07,0.251,0.701
7,Arkansas PERS,Arkansas Public Employees Retirement System,AR,Arkansas,Arkansas,1,2001.0,2001-06-30,4.0141165e+06,-0.0382,1.06
7,Arkansas PERS,Arkansas Public Employees Retirement System,AR,Arkansas,Arkansas,1,2002.0,2002-06-30,3.7408212e+06,-0.0574,1.0
7,Arkansas PERS,Arkansas Public Employees Retirement System,AR,Arkansas,Arkansas,1,2003.0,2003-06-30,3.8826635e+06,0.0553,0.95
7,Arkansas PERS,Arkansas Public Employees Retirement System,AR,Arkansas,Arkansas,1,2004.0,2004-06-30,4.306846e+06,0.134,0.89
7,Arkansas PERS,Arkansas Public Employees Retirement System,AR,Arkansas,Arkansas,1,2005.0,2005-06-30,4.640778e+06,0.0985,0.86
7,Arkansas PERS,Arkansas Public Employees Retirement System,AR,Arkansas,Arkansas,1,2006.0,2006-06-30,5.135503e+06,0.1224,0.83
7,Arkansas PERS,Arkansas Public Employees Retirement System,AR,Arkansas,Arkansas,1,2007.0,2007-06-30,5.970244e+06,0.1801,0.891
7,Arkansas PERS,Arkansas Public Employees Retirement System,AR,Arkansas,Arkansas,1,2008.0,2008-06-30,5.638452e+06,-0.0445,0.897
7,Arkansas PERS,Arkansas Public Employees Retirement System,AR,Arkansas,Arkansas,1,2009.0,2009-06-30,4.3498125e+06,-0.2089,0.78
7,Arkansas PERS,Arkansas Public Employees Retirement System,AR,Arkansas,Arkansas,1,2010.0,2010-06-30,4.7285005e+06,0.1195,0.741
7,Arkansas PERS,Arkansas Public Employees Retirement System,AR,Arkansas,Arkansas,1,2011.0,2011-06-30,5.801921e+06,0.26,0.707
7,Arkansas PERS,Arkansas Public Employees Retirement System,AR,Arkansas,Arkansas,1,2012.0,2012-06-30,5.692416e+06,-0.0033,0.689
7,Arkansas PERS,Arkansas Public Employees Retirement System,AR,Arkansas,Arkansas,1,2013.0,2013-06-30,6.4344705e+06,0.1558,0.743
7,Arkansas PERS,Arkansas Public Employees Retirement System,AR,Arkansas,Arkansas,1,2014.0,2014-06-30,7.5311895e+06,0.1968,0.778
7,Arkansas PERS,Arkansas Public Employees Retirement System,AR,Arkansas,Arkansas,1,2015.0,2015-06-30,7.549993e+06,0.0245,0.791
7,Arkansas PERS,Arkansas Public Employees Retirement System,AR,Arkansas,Arkansas,1,2016.0,2016-06-30,7.3703245e+06,0.003,0.804
7,Arkansas PERS,Arkansas Public Employees Retirement System,AR,Arkansas,Arkansas,1,2017.0,2017-06-30,8.028797e+06,0.123,0.776
7,Arkansas PERS,Arkansas Public Employees Retirement System,AR,Arkansas,Arkansas,1,2018.0,2018-06-30,8.602752e+06,0.1023,0.787
7,Arkansas PERS,Arkansas Public Employees Retirement System,AR,Arkansas,Arkansas,1,2019.0,2019-06-30,8.833328e+06,0.0578,0.785
7,Arkansas PERS,Arkansas Public Employees Retirement System,AR,Arkansas,Arkansas,1,2020.0,2020-06-30,8.769011e+06,0.0241,0.79
7,Arkansas PERS,Arkansas Public Employees Retirement System,AR,Arkansas,Arkansas,1,2021.0,2021-06-30,1.1185454e+07,0.3149,0.837
8,Arkansas Teachers,Arkansas Teacher Retirement System,AR,Arkansas,Arkansas,2,2001.0,2001-06-30,7.6428655e+06,-0.029,0.954
8,Arkansas Teachers,Arkansas Teacher Retirement System,AR,Arkansas,Arkansas,2,2002.0,2002-06-30,7.084325e+06,-0.062,0.919
8,Arkansas Teachers,Arkansas Teacher Retirement System,AR,Arkansas,Arkansas,2,2003.0,2003-06-30,7.0503555e+06,0.02,0.859
8,Arkansas Teachers,Arkansas Teacher Retirement System,AR,Arkansas,Arkansas,2,2004.0,2004-06-30,8.122004e+06,0.177,0.838
8,Arkansas Teachers,Arkansas Teacher Retirement System,AR,Arkansas,Arkansas,2,2005.0,2005-06-30,8.811147e+06,0.094,0.804
8,Arkansas Teachers,Arkansas Teacher Retirement System,AR,Arkansas,Arkansas,2,2006.0,2006-06-30,9.868312e+06,0.124,0.803
8,Arkansas Teachers,Arkansas Teacher Retirement System,AR,Arkansas,Arkansas,2,2007.0,2007-06-30,1.1636935e+07,0.191,0.853
8,Arkansas Teachers,Arkansas Teacher Retirement System,AR,Arkansas,Arkansas,2,2008.0,2008-06-30,1.1018088e+07,-0.037,0.849
8,Arkansas Teachers,Arkansas Teacher Retirement System,AR,Arkansas,Arkansas,2,2009.0,2009-06-30,8.802987e+06,-0.18,0.757
8,Arkansas Teachers,Arkansas Teacher Retirement System,AR,Arkansas,Arkansas,2,2010.0,2010-06-30,9.883574e+06,0.135,0.738
8,Arkansas Teachers,Arkansas Teacher Retirement System,AR,Arkansas,Arkansas,2,2011.0,2011-06-30,1.1894877e+07,0.223,0.718
8,Arkansas Teachers,Arkansas Teacher Retirement System,AR,Arkansas,Arkansas,2,2012.0,2012-06-30,1.1483886e+07,-0.009,0.712
8,Arkansas Teachers,Arkansas Teacher Retirement System,AR,Arkansas,Arkansas,2,2013.0,2013-06-30,1.2829566e+07,0.143,0.733
8,Arkansas Teachers,Arkansas Teacher Retirement System,AR,Arkansas,Arkansas,2,2014.0,2014-06-30,1.4856277e+07,0.19,0.773
8,Arkansas Teachers,Arkansas Teacher Retirement System,AR,Arkansas,Arkansas,2,2015.0,2015-06-30,1.5035701e+07,0.052,0.796
8,Arkansas Teachers,Arkansas Teacher Retirement System,AR,Arkansas,Arkansas,2,2016.0,2016-06-30,1.4558577e+07,-0.005,0.81007
8,Arkansas Teachers,Arkansas Teacher Retirement System,AR,Arkansas,Arkansas,2,2017.0,2017-06-30,1.6284808e+07,0.161,0.79469
8,Arkansas Teachers,Arkansas Teacher Retirement System,AR,Arkansas,Arkansas,2,2018.0,2018-06-30,1.7492628e+07,0.116,0.8
8,Arkansas Teachers,Arkansas Teacher Retirement System,AR,Arkansas,Arkansas,2,2019.0,2019-06-30,1.7741622e+07,0.053,0.802
8,Arkansas Teachers,Arkansas Teacher Retirement System,AR,Arkansas,Arkansas,2,2020.0,2020-06-30,1.6902076e+07,-0.014,0.806
8,Arkansas Teachers,Arkansas Teacher Retirement System,AR,Arkansas,Arkansas,2,2021.0,2021-06-30,2.1468772e+07,0.319,0.806
9,California PERF,California Public Employees Retirement Fund,CA,California,California,1,2001.0,2001-06-30,1.562744e+08,-0.072,1.119
9,California PERF,California Public Employees Retirement Fund,CA,California,California,1,2002.0,2002-06-30,1.4278722e+08,-0.061,0.9519
9,California PERF,California Public Employees Retirement Fund,CA,California,California,1,2003.0,2003-06-30,1.447627e+08,0.037,0.877
9,California PERF,California Public Employees Retirement Fund,CA,California,California,1,2004.0,2004-06-30,1.675841e+08,0.166,0.873
9,California PERF,California Public Employees Retirement Fund,CA,California,California,1,2005.0,2005-06-30,1.8963088e+08,0.123,0.873
9,California PERF,California Public Employees Retirement Fund,CA,California,California,1,2006.0,2006-06-30,2.111908e+08,0.118,0.872
9,California PERF,California Public Employees Retirement Fund,CA,California,California,1,2007.0,2007-06-30,2.5112269e+08,0.191,0.872
9,California PERF,California Public Employees Retirement Fund,CA,California,California,1,2008.0,2008-06-30,2.3791547e+08,-0.051,0.869
9,California PERF,California Public Employees Retirement Fund,CA,California,California,1,2009.0,2009-06-30,1.7889989e+08,-0.24,0.833
9,California PERF,California Public Employees Retirement Fund,CA,California,California,1,2010.0,2010-06-30,2.0161608e+08,0.133,0.834
9,California PERF,California Public Employees Retirement Fund,CA,California,California,1,2011.0,2011-06-30,2.417618e+08,0.217,0.826
9,California PERF,California Public Employees Retirement Fund,CA,California,California,1,2012.0,2012-06-30,2.3698195e+08,0.001,0.831
9,California PERF,California Public Employees Retirement Fund,CA,California,California,1,2013.0,2013-06-30,2.619899e+08,0.132,0.752
9,California PERF,California Public Employees Retirement Fund,CA,California,California,1,2014.0,2014-06-30,3.0176154e+08,0.184,0.763
9,California PERF,California Public Employees Retirement Fund,CA,California,California,1,2015.0,2015-06-30,3.027645e+08,0.024,0.731
9,California PERF,California Public Employees Retirement Fund,CA,California,California,1,2016.0,2016-06-30,2.98704e+08,0.006,0.683
9,California PERF,California Public Employees Retirement Fund,CA,California,California,1,2017.0,2017-06-30,3.26499e+08,0.112,0.701
9,California PERF,California Public Employees Retirement Fund,CA,California,California,1,2018.0,2018-06-30,3.539955e+08,0.086,0.702
9,California PERF,California Public Employees Retirement Fund,CA,California,California,1,2019.0,2019-06-30,3.7261142e+08,0.067,0.702
9,California PERF,California Public Employees Retirement Fund,CA,California,California,1,2020.0,2020-06-30,3.9245254e+08,0.047,0.706
9,California PERF,California Public Employees Retirement Fund,CA,California,California,1,2021.0,2021-06-30,4.7732275e+08,0.213,0.82
10,California Teachers,California State Teachers’ Retirement System,CA,California,California,2,2001.0,2001-06-30,1.0313763e+08,-0.0912,0.98
10,California Teachers,California State Teachers’ Retirement System,CA,California,California,2,2002.0,2002-06-30,9.670946e+07,-0.0595,0.98527
10,California Teachers,California State Teachers’ Retirement System,CA,California,California,2,2003.0,2003-06-30,1.0037233e+08,0.0341,0.82
10,California Teachers,California State Teachers’ Retirement System,CA,California,California,2,2004.0,2004-06-30,1.1606129e+08,0.1738,0.83
10,California Teachers,California State Teachers’ Retirement System,CA,California,California,2,2005.0,2005-06-30,1.2952363e+08,0.1109,0.86
10,California Teachers,California State Teachers’ Retirement System,CA,California,California,2,2006.0,2006-06-30,1.4421238e+08,0.1321,0.87
10,California Teachers,California State Teachers’ Retirement System,CA,California,California,2,2007.0,2007-06-30,1.7237792e+08,0.2103,0.89
10,California Teachers,California State Teachers’ Retirement System,CA,California,California,2,2008.0,2008-06-30,1.6149819e+08,-0.0369,0.87
10,California Teachers,California State Teachers’ Retirement System,CA,California,California,2,2009.0,2009-06-30,1.1843007e+08,-0.2503,0.78
10,California Teachers,California State Teachers’ Retirement System,CA,California,California,2,2010.0,2010-06-30,1.29768104e+08,0.122,0.71
10,California Teachers,California State Teachers’ Retirement System,CA,California,California,2,2011.0,2011-06-30,1.5534581e+08,0.231,0.69
10,California Teachers,California State Teachers’ Retirement System,CA,California,California,2,2012.0,2012-06-30,1.5131806e+08,0.0184,0.67
10,California Teachers,California State Teachers’ Retirement System,CA,California,California,2,2013.0,2013-06-30,1.6634891e+08,0.138,0.67
10,California Teachers,California State Teachers’ Retirement System,CA,California,California,2,2014.0,2014-06-30,1.9047402e+08,0.1866,0.6854
10,California Teachers,California State Teachers’ Retirement System,CA,California,California,2,2015.0,2015-06-30,1.9182234e+08,0.0477,0.685
10,California Teachers,California State Teachers’ Retirement System,CA,California,California,2,2016.0,2016-06-30,1.8911349e+08,0.0135,0.637
10,California Teachers,California State Teachers’ Retirement System,CA,California,California,2,2017.0,2017-06-30,2.102899e+08,0.1344,0.63
10,California Teachers,California State Teachers’ Retirement System,CA,California,California,2,2018.0,2018-06-30,2.2486864e+08,0.0899,0.64
10,California Teachers,California State Teachers’ Retirement System,CA,California,California,2,2019.0,2019-06-30,2.3886189e+08,0.0682,0.66
10,California Teachers,California State Teachers’ Retirement System,CA,California,California,2,2020.0,2020-06-30,2.4698374e+08,0.0388,0.67
10,California Teachers,California State Teachers’ Retirement System,CA,California,California,2,2021.0,2021-06-30,3.1029344e+08,0.2719,0.73
11,Chicago Teachers,Public School Teachers' Pension and Retirement Fund of Chicago,IL,Illinois,Chicago,2,2001.0,2001-06-30,1.0111549e+07,-0.0147,0.9995
11,Chicago Teachers,Public School Teachers' Pension and Retirement Fund of Chicago,IL,Illinois,Chicago,2,2002.0,2002-06-30,9.287655e+06,-0.0328,0.963
11,Chicago Teachers,Public School Teachers' Pension and Retirement Fund of Chicago,IL,Illinois,Chicago,2,2003.0,2003-06-30,9.203331e+06,0.04,0.92
11,Chicago Teachers,Public School Teachers' Pension and Retirement Fund of Chicago,IL,Illinois,Chicago,2,2004.0,2004-06-30,1.0244326e+07,0.15,0.858
11,Chicago Teachers,Public School Teachers' Pension and Retirement Fund of Chicago,IL,Illinois,Chicago,2,2005.0,2005-06-30,1.0777855e+07,0.108,0.79
11,Chicago Teachers,Public School Teachers' Pension and Retirement Fund of Chicago,IL,Illinois,Chicago,2,2006.0,2006-06-30,1.1387461e+07,0.107,0.78
11,Chicago Teachers,Public School Teachers' Pension and Retirement Fund of Chicago,IL,Illinois,Chicago,2,2007.0,2007-06-30,1.2772609e+07,0.177,0.8012
11,Chicago Teachers,Public School Teachers' Pension and Retirement Fund of Chicago,IL,Illinois,Chicago,2,2008.0,2008-06-30,1.1438488e+07,-0.053,0.7938
11,Chicago Teachers,Public School Teachers' Pension and Retirement Fund of Chicago,IL,Illinois,Chicago,2,2009.0,2009-06-30,8.3759695e+06,-0.224,0.7328
11,Chicago Teachers,Public School Teachers' Pension and Retirement Fund of Chicago,IL,Illinois,Chicago,2,2010.0,2010-06-30,8.94747e+06,0.134,0.669
11,Chicago Teachers,Public School Teachers' Pension and Retirement Fund of Chicago,IL,Illinois,Chicago,2,2011.0,2011-06-30,1.0312762e+07,0.248,0.5967
11,Chicago Teachers,Public School Teachers' Pension and Retirement Fund of Chicago,IL,Illinois,Chicago,2,2012.0,2012-06-30,9.437316e+06,0.006,0.5389
11,Chicago Teachers,Public School Teachers' Pension and Retirement Fund of Chicago,IL,Illinois,Chicago,2,2013.0,2013-06-30,9.674189e+06,0.133,0.4948
11,Chicago Teachers,Public School Teachers' Pension and Retirement Fund of Chicago,IL,Illinois,Chicago,2,2014.0,2014-06-30,1.0815695e+07,0.184,0.5151
11,Chicago Teachers,Public School Teachers' Pension and Retirement Fund of Chicago,IL,Illinois,Chicago,2,2015.0,2015-06-30,1.0689954e+07,0.035,0.5185
11,Chicago Teachers,Public School Teachers' Pension and Retirement Fund of Chicago,IL,Illinois,Chicago,2,2016.0,2016-06-30,1.0093068e+07,0.005,0.5241
11,Chicago Teachers,Public School Teachers' Pension and Retirement Fund of Chicago,IL,Illinois,Chicago,2,2017.0,2017-06-30,1.0793174e+07,0.136,0.501
11,Chicago Teachers,Public School Teachers' Pension and Retirement Fund of Chicago,IL,Illinois,Chicago,2,2018.0,2018-06-30,1.1104766e+07,0.09,0.4785
11,Chicago Teachers,Public School Teachers' Pension and Retirement Fund of Chicago,IL,Illinois,Chicago,2,2019.0,2019-06-30,1.1038837e+07,0.055,0.474
11,Chicago Teachers,Public School Teachers' Pension and Retirement Fund of Chicago,IL,Illinois,Chicago,2,2020.0,2020-06-30,1.0937062e+07,0.045,0.4543
11,Chicago Teachers,Public School Teachers' Pension and Retirement Fund of Chicago,IL,Illinois,Chicago,2,2021.0,2021-06-30,1.3373042e+07,0.292,0.4748
12,Austin ERS,City of Austin Employees' Retirement System,TX,Texas,Austin,1,2001.0,2001-12-31,1.1720835e+06,-0.061,0.964
12,Austin ERS,City of Austin Employees' Retirement System,TX,Texas,Austin,1,2002.0,2002-12-31,1.0423711e+06,-0.095,0.869
12,Austin ERS,City of Austin Employees' Retirement System,TX,Texas,Austin,1,2003.0,2003-12-31,1.2595411e+06,0.24,0.869
12,Austin ERS,City of Austin Employees' Retirement System,TX,Texas,Austin,1,2004.0,2004-12-31,1.3750166e+06,0.118,0.808
12,Austin ERS,City of Austin Employees' Retirement System,TX,Texas,Austin,1,2005.0,2005-12-31,1.4607516e+06,0.088,0.78
12,Austin ERS,City of Austin Employees' Retirement System,TX,Texas,Austin,1,2006.0,2006-12-31,1.6089432e+06,0.125,0.759
12,Austin ERS,City of Austin Employees' Retirement System,TX,Texas,Austin,1,2007.0,2007-12-31,1.6981969e+06,0.073,0.783
12,Austin ERS,City of Austin Employees' Retirement System,TX,Texas,Austin,1,2008.0,2008-12-31,1.2344812e+06,-0.26,0.659
12,Austin ERS,City of Austin Employees' Retirement System,TX,Texas,Austin,1,2009.0,2009-12-31,1.5112655e+06,0.256,0.718
12,Austin ERS,City of Austin Employees' Retirement System,TX,Texas,Austin,1,2010.0,2010-12-31,1.7115772e+06,0.155,0.696
12,Austin ERS,City of Austin Employees' Retirement System,TX,Texas,Austin,1,2011.0,2011-12-31,1.6657744e+06,-0.013,0.657
12,Austin ERS,City of Austin Employees' Retirement System,TX,Texas,Austin,1,2012.0,2012-12-31,1.863468e+06,0.133,0.639
12,Austin ERS,City of Austin Employees' Retirement System,TX,Texas,Austin,1,2013.0,2013-12-31,2.1306245e+06,0.155,0.704
12,Austin ERS,City of Austin Employees' Retirement System,TX,Texas,Austin,1,2014.0,2014-12-31,2.2097998e+06,0.047,0.709
12,Austin ERS,City of Austin Employees' Retirement System,TX,Texas,Austin,1,2015.0,2015-12-31,2.144804e+06,-0.02,0.68
12,Austin ERS,City of Austin Employees' Retirement System,TX,Texas,Austin,1,2016.0,2016-12-31,2.2996885e+06,0.081,0.675
12,Austin ERS,City of Austin Employees' Retirement System,TX,Texas,Austin,1,2017.0,2017-12-31,2.650438e+06,0.166,0.683
12,Austin ERS,City of Austin Employees' Retirement System,TX,Texas,Austin,1,2018.0,2018-12-31,2.4613835e+06,-0.059,0.676
12,Austin ERS,City of Austin Employees' Retirement System,TX,Texas,Austin,1,2019.0,2019-12-31,2.928033e+06,0.207,0.635
12,Austin ERS,City of Austin Employees' Retirement System,TX,Texas,Austin,1,2020.0,2020-12-31,3.1995465e+06,0.108,0.653
12,Austin ERS,City of Austin Employees' Retirement System,TX,Texas,Austin,1,2021.0,2021-12-31,3.5651398e+06,0.13,0.66
13,Colorado Municipal,Colorado Public Employee Retirement Association-Local Division,CO,Colorado,Colorado,1,2001.0,2001-12-31,1.601852e+06,-0.077,1.043
13,Colorado Municipal,Colorado Public Employee Retirement Association-Local Division,CO,Colorado,Colorado,1,2002.0,2002-12-31,1.422948e+06,-0.1179,0.936
13,Colorado Municipal,Colorado Public Employee Retirement Association-Local Division,CO,Colorado,Colorado,1,2003.0,2003-12-31,1.81924e+06,0.2406,0.802
13,Colorado Municipal,Colorado Public Employee Retirement Association-Local Division,CO,Colorado,Colorado,1,2004.0,2004-12-31,2.08771e+06,0.141,0.772
13,Colorado Municipal,Colorado Public Employee Retirement Association-Local Division,CO,Colorado,Colorado,1,2005.0,2005-12-31,2.377471e+06,0.098,0.78
13,Colorado Municipal,Colorado Public Employee Retirement Association-Local Division,CO,Colorado,Colorado,1,2006.0,2006-12-31,2.751071e+06,0.157,0.795
13,Colorado Municipal,Colorado Public Employee Retirement Association-Local Division,CO,Colorado,Colorado,1,2007.0,2007-12-31,3.014274e+06,0.1,0.812
13,Colorado Municipal,Colorado Public Employee Retirement Association-Local Division,CO,Colorado,Colorado,1,2008.0,2008-12-31,2.221581e+06,-0.26,0.764
13,Colorado Municipal,Colorado Public Employee Retirement Association-Local Division,CO,Colorado,Colorado,1,2009.0,2009-12-31,2.574275e+06,0.174,0.762
13,Colorado Municipal,Colorado Public Employee Retirement Association-Local Division,CO,Colorado,Colorado,1,2010.0,2010-12-31,2.883504e+06,0.14,0.73
13,Colorado Municipal,Colorado Public Employee Retirement Association-Local Division,CO,Colorado,Colorado,1,2011.0,2011-12-31,2.883513e+06,0.019,0.693
13,Colorado Municipal,Colorado Public Employee Retirement Association-Local Division,CO,Colorado,Colorado,1,2012.0,2012-12-31,3.166132e+06,0.129,0.7453
13,Colorado Municipal,Colorado Public Employee Retirement Association-Local Division,CO,Colorado,Colorado,1,2013.0,2013-12-31,3.508312e+06,0.156,0.731
13,Colorado Municipal,Colorado Public Employee Retirement Association-Local Division,CO,Colorado,Colorado,1,2014.0,2014-12-31,3.751468e+06,0.057,0.787
13,Colorado Municipal,Colorado Public Employee Retirement Association-Local Division,CO,Colorado,Colorado,1,2015.0,2015-12-31,3.660509e+06,0.015,0.79
13,Colorado Municipal,Colorado Public Employee Retirement Association-Local Division,CO,Colorado,Colorado,1,2016.0,2016-12-31,3.773506e+06,0.073,0.744
13,Colorado Municipal,Colorado Public Employee Retirement Association-Local Division,CO,Colorado,Colorado,1,2017.0,2017-12-31,4.283086e+06,0.181,0.795
13,Colorado Municipal,Colorado Public Employee Retirement Association-Local Division,CO,Colorado,Colorado,1,2018.0,2018-12-31,3.971389e+06,-0.035,0.777
13,Colorado Municipal,Colorado Public Employee Retirement Association-Local Division,CO,Colorado,Colorado,1,2019.0,2019-12-31,4.592962e+06,0.203,0.807
13,Colorado Municipal,Colorado Public Employee Retirement Association-Local Division,CO,Colorado,Colorado,1,2020.0,2020-12-31,5.194638e+06,0.174,0.824
13,Colorado Municipal,Colorado Public Employee Retirement Association-Local Division,CO,Colorado,Colorado,1,2021.0,2021-12-31,5.844117e+06,0.161,0.886
14,Colorado School,Colorado Public Employee Retirement Association-School Division,CO,Colorado,Colorado,2,2001.0,2001-12-31,1.5423117e+07,-0.077,0.99544
14,Colorado School,Colorado Public Employee Retirement Association-School Division,CO,Colorado,Colorado,2,2002.0,2002-12-31,1.3320129e+07,-0.1179,0.89125
14,Colorado School,Colorado Public Employee Retirement Association-School Division,CO,Colorado,Colorado,2,2003.0,2003-12-31,1.6404677e+07,0.2406,0.76234
14,Colorado School,Colorado Public Employee Retirement Association-School Division,CO,Colorado,Colorado,2,2004.0,2004-12-31,1.8156234e+07,0.141,0.71051
14,Colorado School,Colorado Public Employee Retirement Association-School Division,CO,Colorado,Colorado,2,2005.0,2005-12-31,1.9327602e+07,0.098,0.739
14,Colorado School,Colorado Public Employee Retirement Association-School Division,CO,Colorado,Colorado,2,2006.0,2006-12-31,2.1635956e+07,0.157,0.741
14,Colorado School,Colorado Public Employee Retirement Association-School Division,CO,Colorado,Colorado,2,2007.0,2007-12-31,2.3043186e+07,0.1,0.755
14,Colorado School,Colorado Public Employee Retirement Association-School Division,CO,Colorado,Colorado,2,2008.0,2008-12-31,1.64158e+07,-0.26,0.701
14,Colorado School,Colorado Public Employee Retirement Association-School Division,CO,Colorado,Colorado,2,2009.0,2009-12-31,1.8302812e+07,0.174,0.692
14,Colorado School,Colorado Public Employee Retirement Association-School Division,CO,Colorado,Colorado,2,2010.0,2010-12-31,1.9870276e+07,0.14,0.648
14,Colorado School,Colorado Public Employee Retirement Association-School Division,CO,Colorado,Colorado,2,2011.0,2011-12-31,1.927458e+07,0.019,0.602
14,Colorado School,Colorado Public Employee Retirement Association-School Division,CO,Colorado,Colorado,2,2012.0,2012-12-31,2.0676356e+07,0.129,0.621
14,Colorado School,Colorado Public Employee Retirement Association-School Division,CO,Colorado,Colorado,2,2013.0,2013-12-31,2.2740004e+07,0.156,0.603
14,Colorado School,Colorado Public Employee Retirement Association-School Division,CO,Colorado,Colorado,2,2014.0,2014-12-31,2.2920608e+07,0.057,0.609
14,Colorado School,Colorado Public Employee Retirement Association-School Division,CO,Colorado,Colorado,2,2015.0,2015-12-31,2.2152768e+07,0.015,0.607
14,Colorado School,Colorado Public Employee Retirement Association-School Division,CO,Colorado,Colorado,2,2016.0,2016-12-31,2.2581046e+07,0.073,0.563
14,Colorado School,Colorado Public Employee Retirement Association-School Division,CO,Colorado,Colorado,2,2017.0,2017-12-31,2.536273e+07,0.181,0.594
14,Colorado School,Colorado Public Employee Retirement Association-School Division,CO,Colorado,Colorado,2,2018.0,2018-12-31,2.347755e+07,-0.035,0.579
14,Colorado School,Colorado Public Employee Retirement Association-School Division,CO,Colorado,Colorado,2,2019.0,2019-12-31,2.7171396e+07,0.203,0.599
14,Colorado School,Colorado Public Employee Retirement Association-School Division,CO,Colorado,Colorado,2,2020.0,2020-12-31,3.0674184e+07,0.174,0.606
14,Colorado School,Colorado Public Employee Retirement Association-School Division,CO,Colorado,Colorado,2,2021.0,2021-12-31,3.4654724e+07,0.161,0.653
15,Colorado State,Colorado Public Employee Retirement Association-State Division,CO,Colorado,Colorado,1,2001.0,2001-12-31,1.0077787e+07,-0.077,0.96285
15,Colorado State,Colorado Public Employee Retirement Association-State Division,CO,Colorado,Colorado,1,2002.0,2002-12-31,8.703652e+06,-0.1179,0.86208
15,Colorado State,Colorado Public Employee Retirement Association-State Division,CO,Colorado,Colorado,1,2003.0,2003-12-31,1.0719159e+07,0.2406,0.73738
15,Colorado State,Colorado Public Employee Retirement Association-State Division,CO,Colorado,Colorado,1,2004.0,2004-12-31,1.1863663e+07,0.141,0.68725
15,Colorado State,Colorado Public Employee Retirement Association-State Division,CO,Colorado,Colorado,1,2005.0,2005-12-31,1.262906e+07,0.098,0.715
15,Colorado State,Colorado Public Employee Retirement Association-State Division,CO,Colorado,Colorado,1,2006.0,2006-12-31,1.404126e+07,0.157,0.73
15,Colorado State,Colorado Public Employee Retirement Association-State Division,CO,Colorado,Colorado,1,2007.0,2007-12-31,1.4852029e+07,0.1,0.733
15,Colorado State,Colorado Public Employee Retirement Association-State Division,CO,Colorado,Colorado,1,2008.0,2008-12-31,1.0508301e+07,-0.26,0.679
15,Colorado State,Colorado Public Employee Retirement Association-State Division,CO,Colorado,Colorado,1,2009.0,2009-12-31,1.1611758e+07,0.174,0.67
15,Colorado State,Colorado Public Employee Retirement Association-State Division,CO,Colorado,Colorado,1,2010.0,2010-12-31,1.2487105e+07,0.14,0.628
15,Colorado State,Colorado Public Employee Retirement Association-State Division,CO,Colorado,Colorado,1,2011.0,2011-12-31,1.2022661e+07,0.019,0.577
15,Colorado State,Colorado Public Employee Retirement Association-State Division,CO,Colorado,Colorado,1,2012.0,2012-12-31,1.2797352e+07,0.129,0.5916
15,Colorado State,Colorado Public Employee Retirement Association-State Division,CO,Colorado,Colorado,1,2013.0,2013-12-31,1.398046e+07,0.156,0.575
15,Colorado State,Colorado Public Employee Retirement Association-State Division,CO,Colorado,Colorado,1,2014.0,2014-12-31,1.4013947e+07,0.057,0.578
15,Colorado State,Colorado Public Employee Retirement Association-State Division,CO,Colorado,Colorado,1,2015.0,2015-12-31,1.3460536e+07,0.015,0.576
15,Colorado State,Colorado Public Employee Retirement Association-State Division,CO,Colorado,Colorado,1,2016.0,2016-12-31,1.362618e+07,0.073,0.546
15,Colorado State,Colorado Public Employee Retirement Association-State Division,CO,Colorado,Colorado,1,2017.0,2017-12-31,1.5223702e+07,0.181,0.575
15,Colorado State,Colorado Public Employee Retirement Association-State Division,CO,Colorado,Colorado,1,2018.0,2018-12-31,1.3966421e+07,-0.035,0.561
15,Colorado State,Colorado Public Employee Retirement Association-State Division,CO,Colorado,Colorado,1,2019.0,2019-12-31,1.5992863e+07,0.203,0.58
15,Colorado State,Colorado Public Employee Retirement Association-State Division,CO,Colorado,Colorado,1,2020.0,2020-12-31,1.7879948e+07,0.174,0.591
15,Colorado State,Colorado Public Employee Retirement Association-State Division,CO,Colorado,Colorado,1,2021.0,2021-12-31,1.9985566e+07,0.161,0.64
16,Connecticut SERS,Connecticut State Employees Retirement System,CT,Connecticut,Connecticut,1,2001.0,2001-06-30,7.791104e+06,-0.0368,0.631
16,Connecticut SERS,Connecticut State Employees Retirement System,CT,Connecticut,Connecticut,1,2002.0,2002-06-30,7.093403e+06,-0.0639,0.6164
16,Connecticut SERS,Connecticut State Employees Retirement System,CT,Connecticut,Connecticut,1,2003.0,2003-06-30,6.996443e+06,0.0249,0.5666
16,Connecticut SERS,Connecticut State Employees Retirement System,CT,Connecticut,Connecticut,1,2004.0,2004-06-30,7.682453e+06,0.1523,0.5446
16,Connecticut SERS,Connecticut State Employees Retirement System,CT,Connecticut,Connecticut,1,2005.0,2005-06-30,8.149107e+06,0.1044,0.5328
16,Connecticut SERS,Connecticut State Employees Retirement System,CT,Connecticut,Connecticut,1,2006.0,2006-06-30,8.765151e+06,0.1055,0.5319
16,Connecticut SERS,Connecticut State Employees Retirement System,CT,Connecticut,Connecticut,1,2007.0,2007-06-30,1.0043391e+07,0.1734,0.5358
16,Connecticut SERS,Connecticut State Employees Retirement System,CT,Connecticut,Connecticut,1,2008.0,2008-06-30,9.331897e+06,-0.0483,0.5192
16,Connecticut SERS,Connecticut State Employees Retirement System,CT,Connecticut,Connecticut,1,2009.0,2009-06-30,7.3226335e+06,-0.1825,0.43611
16,Connecticut SERS,Connecticut State Employees Retirement System,CT,Connecticut,Connecticut,1,2010.0,2010-06-30,7.7913375e+06,0.1293,0.444
16,Connecticut SERS,Connecticut State Employees Retirement System,CT,Connecticut,Connecticut,1,2011.0,2011-06-30,8.985022e+06,0.2115,0.479
16,Connecticut SERS,Connecticut State Employees Retirement System,CT,Connecticut,Connecticut,1,2012.0,2012-06-30,8.468641e+06,-0.009,0.423
16,Connecticut SERS,Connecticut State Employees Retirement System,CT,Connecticut,Connecticut,1,2013.0,2013-06-30,9.182619e+06,0.119,0.412
16,Connecticut SERS,Connecticut State Employees Retirement System,CT,Connecticut,Connecticut,1,2014.0,2014-06-30,1.047281e+07,0.1562,0.415
16,Connecticut SERS,Connecticut State Employees Retirement System,CT,Connecticut,Connecticut,1,2015.0,2015-06-30,1.0668655e+07,0.0284,0.433
16,Connecticut SERS,Connecticut State Employees Retirement System,CT,Connecticut,Connecticut,1,2016.0,2016-06-30,1.0653792e+07,0.0026,0.369
16,Connecticut SERS,Connecticut State Employees Retirement System,CT,Connecticut,Connecticut,1,2017.0,2017-06-30,1.1981777e+07,0.1432,0.381
16,Connecticut SERS,Connecticut State Employees Retirement System,CT,Connecticut,Connecticut,1,2018.0,2018-06-30,1.2527542e+07,0.073,0.38
16,Connecticut SERS,Connecticut State Employees Retirement System,CT,Connecticut,Connecticut,1,2019.0,2019-06-30,1.3275693e+07,0.0588,0.382
16,Connecticut SERS,Connecticut State Employees Retirement System,CT,Connecticut,Connecticut,1,2020.0,2020-06-30,1.3249488e+07,0.0186,0.385
16,Connecticut SERS,Connecticut State Employees Retirement System,CT,Connecticut,Connecticut,1,2021.0,2021-06-30,1.708064e+07,0.2436,0.416
17,Connecticut Teachers,Connecticut State Teachers’ Retirement System,CT,Connecticut,Connecticut,2,2002.0,2002-06-30,1.0103419e+07,-0.0639,0.759
17,Connecticut Teachers,Connecticut State Teachers’ Retirement System,CT,Connecticut,Connecticut,2,2003.0,2003-06-30,9.852157e+06,0.0249,0.74912
17,Connecticut Teachers,Connecticut State Teachers’ Retirement System,CT,Connecticut,Connecticut,2,2004.0,2004-06-30,1.0852047e+07,0.1534,0.653
17,Connecticut Teachers,Connecticut State Teachers’ Retirement System,CT,Connecticut,Connecticut,2,2005.0,2005-06-30,1.1397213e+07,0.1049,0.65445
17,Connecticut Teachers,Connecticut State Teachers’ Retirement System,CT,Connecticut,Connecticut,2,2006.0,2006-06-30,1.2202652e+07,0.1074,0.595
17,Connecticut Teachers,Connecticut State Teachers’ Retirement System,CT,Connecticut,Connecticut,2,2007.0,2007-06-30,1.379081e+07,0.1747,0.55302
17,Connecticut Teachers,Connecticut State Teachers’ Retirement System,CT,Connecticut,Connecticut,2,2008.0,2008-06-30,1.4554461e+07,-0.0477,0.7
17,Connecticut Teachers,Connecticut State Teachers’ Retirement System,CT,Connecticut,Connecticut,2,2009.0,2009-06-30,1.141068e+07,-0.1714,0.68581
17,Connecticut Teachers,Connecticut State Teachers’ Retirement System,CT,Connecticut,Connecticut,2,2010.0,2010-06-30,1.228433e+07,0.1287,0.614
17,Connecticut Teachers,Connecticut State Teachers’ Retirement System,CT,Connecticut,Connecticut,2,2011.0,2011-06-30,1.4152237e+07,0.2077,0.60416
17,Connecticut Teachers,Connecticut State Teachers’ Retirement System,CT,Connecticut,Connecticut,2,2012.0,2012-06-30,1.3482136e+07,-0.0096,0.552
17,Connecticut Teachers,Connecticut State Teachers’ Retirement System,CT,Connecticut,Connecticut,2,2013.0,2013-06-30,1.4462903e+07,0.1183,0.57856
17,Connecticut Teachers,Connecticut State Teachers’ Retirement System,CT,Connecticut,Connecticut,2,2014.0,2014-06-30,1.6207755e+07,0.1567,0.59
17,Connecticut Teachers,Connecticut State Teachers’ Retirement System,CT,Connecticut,Connecticut,2,2015.0,2015-06-30,1.6120053e+07,0.0279,0.57228
17,Connecticut Teachers,Connecticut State Teachers’ Retirement System,CT,Connecticut,Connecticut,2,2016.0,2016-06-30,1.5594872e+07,0.0025,0.56
17,Connecticut Teachers,Connecticut State Teachers’ Retirement System,CT,Connecticut,Connecticut,2,2017.0,2017-06-30,1.7134326e+07,0.1438,0.57391
17,Connecticut Teachers,Connecticut State Teachers’ Retirement System,CT,Connecticut,Connecticut,2,2018.0,2018-06-30,1.794684e+07,0.0704,0.577
17,Connecticut Teachers,Connecticut State Teachers’ Retirement System,CT,Connecticut,Connecticut,2,2019.0,2019-06-30,1.8493456e+07,0.0585,0.54406
17,Connecticut Teachers,Connecticut State Teachers’ Retirement System,CT,Connecticut,Connecticut,2,2020.0,2020-06-30,1.828642e+07,0.0185,0.513
17,Connecticut Teachers,Connecticut State Teachers’ Retirement System,CT,Connecticut,Connecticut,2,2021.0,2021-06-30,2.3117088e+07,0.2428,0.52187
18,Contra Costa County,Contra Costa County Employees’ Retirement Association,CA,California,Contra Costa County,1,2001.0,2001-12-31,2.7047288e+06,-0.024,0.876
18,Contra Costa County,Contra Costa County Employees’ Retirement Association,CA,California,Contra Costa County,1,2002.0,2002-12-31,2.3655375e+06,-0.095,0.896
18,Contra Costa County,Contra Costa County Employees’ Retirement Association,CA,California,Contra Costa County,1,2003.0,2003-12-31,3.313495e+06,0.235,0.854
18,Contra Costa County,Contra Costa County Employees’ Retirement Association,CA,California,Contra Costa County,1,2004.0,2004-12-31,3.718616e+06,0.134,0.82
18,Contra Costa County,Contra Costa County Employees’ Retirement Association,CA,California,Contra Costa County,1,2005.0,2005-12-31,4.2217225e+06,0.108,0.848
18,Contra Costa County,Contra Costa County Employees’ Retirement Association,CA,California,Contra Costa County,1,2006.0,2006-12-31,4.8710095e+06,0.153,0.843
18,Contra Costa County,Contra Costa County Employees’ Retirement Association,CA,California,Contra Costa County,1,2007.0,2007-12-31,5.1991165e+06,0.073,0.8988
18,Contra Costa County,Contra Costa County Employees’ Retirement Association,CA,California,Contra Costa County,1,2008.0,2008-12-31,3.7496988e+06,-0.265,0.8845
18,Contra Costa County,Contra Costa County Employees’ Retirement Association,CA,California,Contra Costa County,1,2009.0,2009-12-31,4.4767295e+06,0.219,0.8377
18,Contra Costa County,Contra Costa County Employees’ Retirement Association,CA,California,Contra Costa County,1,2010.0,2010-12-31,5.027157e+06,0.14,0.8028
18,Contra Costa County,Contra Costa County Employees’ Retirement Association,CA,California,Contra Costa County,1,2011.0,2011-12-31,5.05229e+06,0.027,0.7847
18,Contra Costa County,Contra Costa County Employees’ Retirement Association,CA,California,Contra Costa County,1,2012.0,2012-12-31,5.654581e+06,0.141,0.7064
18,Contra Costa County,Contra Costa County Employees’ Retirement Association,CA,California,Contra Costa County,1,2013.0,2013-12-31,6.458318e+06,0.165,0.7641
18,Contra Costa County,Contra Costa County Employees’ Retirement Association,CA,California,Contra Costa County,1,2014.0,2014-12-31,6.90891e+06,0.084,0.8169
18,Contra Costa County,Contra Costa County Employees’ Retirement Association,CA,California,Contra Costa County,1,2015.0,2015-12-31,6.976582e+06,0.026,0.845
18,Contra Costa County,Contra Costa County Employees’ Retirement Association,CA,California,Contra Costa County,1,2016.0,2016-12-31,7.43852e+06,0.074,0.865
18,Contra Costa County,Contra Costa County Employees’ Retirement Association,CA,California,Contra Costa County,1,2017.0,2017-12-31,8.390581e+06,0.142,0.8853
18,Contra Costa County,Contra Costa County Employees’ Retirement Association,CA,California,Contra Costa County,1,2018.0,2018-12-31,8.149986e+06,-0.027,0.893
18,Contra Costa County,Contra Costa County Employees’ Retirement Association,CA,California,Contra Costa County,1,2019.0,2019-12-31,9.257013e+06,0.146,0.906
18,Contra Costa County,Contra Costa County Employees’ Retirement Association,CA,California,Contra Costa County,1,2020.0,2020-12-31,1.0070238e+07,0.092,0.918
18,Contra Costa County,Contra Costa County Employees’ Retirement Association,CA,California,Contra Costa County,1,2021.0,2021-12-31,1.1453766e+07,0.139,0.924
19,DC Police & Fire,District of Columbia Police Officers’ & Firefighters’ Retirement Plan,DC,District of Columbia,District of Columbia,3,2006.0,2006-09-30,2.310211e+06,0.104,0.91606
19,DC Police & Fire,District of Columbia Police Officers’ & Firefighters’ Retirement Plan,DC,District of Columbia,District of Columbia,3,2007.0,2007-09-30,2.853608e+06,0.168,1.00967
19,DC Police & Fire,District of Columbia Police Officers’ & Firefighters’ Retirement Plan,DC,District of Columbia,District of Columbia,3,2008.0,2008-09-30,2.476726e+06,-0.169,0.99772
19,DC Police & Fire,District of Columbia Police Officers’ & Firefighters’ Retirement Plan,DC,District of Columbia,District of Columbia,3,2009.0,2009-09-30,2.524994e+06,-0.022,1.00677
19,DC Police & Fire,District of Columbia Police Officers’ & Firefighters’ Retirement Plan,DC,District of Columbia,District of Columbia,3,2010.0,2010-09-30,2.925742e+06,0.103,1.07956
19,DC Police & Fire,District of Columbia Police Officers’ & Firefighters’ Retirement Plan,DC,District of Columbia,District of Columbia,3,2011.0,2011-09-30,3.127467e+06,0.029,1.08577
19,DC Police & Fire,District of Columbia Police Officers’ & Firefighters’ Retirement Plan,DC,District of Columbia,District of Columbia,3,2012.0,2012-09-30,3.681854e+06,0.145,1.101
19,DC Police & Fire,District of Columbia Police Officers’ & Firefighters’ Retirement Plan,DC,District of Columbia,District of Columbia,3,2013.0,2013-09-30,4.168457e+06,0.113,1.101
19,DC Police & Fire,District of Columbia Police Officers’ & Firefighters’ Retirement Plan,DC,District of Columbia,District of Columbia,3,2014.0,2014-09-30,4.588129e+06,0.084,1.07257
19,DC Police & Fire,District of Columbia Police Officers’ & Firefighters’ Retirement Plan,DC,District of Columbia,District of Columbia,3,2015.0,2015-09-30,4.461998e+06,-0.039,1.076
19,DC Police & Fire,District of Columbia Police Officers’ & Firefighters’ Retirement Plan,DC,District of Columbia,District of Columbia,3,2016.0,2016-09-30,4.954631e+06,0.094,1.108
19,DC Police & Fire,District of Columbia Police Officers’ & Firefighters’ Retirement Plan,DC,District of Columbia,District of Columbia,3,2017.0,2017-09-30,5.684442e+06,0.131,1.108
19,DC Police & Fire,District of Columbia Police Officers’ & Firefighters’ Retirement Plan,DC,District of Columbia,District of Columbia,3,2018.0,2018-09-30,6.02377e+06,0.054,1.12
19,DC Police & Fire,District of Columbia Police Officers’ & Firefighters’ Retirement Plan,DC,District of Columbia,District of Columbia,3,2019.0,2019-09-30,6.256363e+06,0.039,1.119
19,DC Police & Fire,District of Columbia Police Officers’ & Firefighters’ Retirement Plan,DC,District of Columbia,District of Columbia,3,2020.0,2020-09-30,6.62019e+06,0.054,1.108
19,DC Police & Fire,District of Columbia Police Officers’ & Firefighters’ Retirement Plan,DC,District of Columbia,District of Columbia,3,2021.0,2021-09-30,7.991994e+06,0.209,1.179
20,DC Teachers,District of Columbia Teachers’ Retirement Plan,DC,District of Columbia,District of Columbia,2,2006.0,2006-09-30,1.279139e+06,0.104,1.11212
20,DC Teachers,District of Columbia Teachers’ Retirement Plan,DC,District of Columbia,District of Columbia,2,2007.0,2007-09-30,1.517765e+06,0.168,1.11564
20,DC Teachers,District of Columbia Teachers’ Retirement Plan,DC,District of Columbia,District of Columbia,2,2008.0,2008-09-30,1.257754e+06,-0.169,1.08191
20,DC Teachers,District of Columbia Teachers’ Retirement Plan,DC,District of Columbia,District of Columbia,2,2009.0,2009-09-30,1.204391e+06,-0.022,1.1077
20,DC Teachers,District of Columbia Teachers’ Retirement Plan,DC,District of Columbia,District of Columbia,2,2010.0,2010-09-30,1.31747e+06,0.103,1.18269
20,DC Teachers,District of Columbia Teachers’ Retirement Plan,DC,District of Columbia,District of Columbia,2,2011.0,2011-09-30,1.340712e+06,0.029,1.01864
20,DC Teachers,District of Columbia Teachers’ Retirement Plan,DC,District of Columbia,District of Columbia,2,2012.0,2012-09-30,1.503486e+06,0.145,0.944
20,DC Teachers,District of Columbia Teachers’ Retirement Plan,DC,District of Columbia,District of Columbia,2,2013.0,2013-09-30,1.622375e+06,0.113,0.901
20,DC Teachers,District of Columbia Teachers’ Retirement Plan,DC,District of Columbia,District of Columbia,2,2014.0,2014-09-30,1.745961e+06,0.084,0.886
20,DC Teachers,District of Columbia Teachers’ Retirement Plan,DC,District of Columbia,District of Columbia,2,2015.0,2015-09-30,1.670638e+06,-0.039,0.887
20,DC Teachers,District of Columbia Teachers’ Retirement Plan,DC,District of Columbia,District of Columbia,2,2016.0,2016-09-30,1.821949e+06,0.094,0.909
20,DC Teachers,District of Columbia Teachers’ Retirement Plan,DC,District of Columbia,District of Columbia,2,2017.0,2017-09-30,2.070599e+06,0.131,0.925
20,DC Teachers,District of Columbia Teachers’ Retirement Plan,DC,District of Columbia,District of Columbia,2,2018.0,2018-09-30,2.176106e+06,0.054,0.93
20,DC Teachers,District of Columbia Teachers’ Retirement Plan,DC,District of Columbia,District of Columbia,2,2019.0,2019-09-30,2.264482e+06,0.039,0.911
20,DC Teachers,District of Columbia Teachers’ Retirement Plan,DC,District of Columbia,District of Columbia,2,2020.0,2020-09-30,2.41139e+06,0.054,0.921
20,DC Teachers,District of Columbia Teachers’ Retirement Plan,DC,District of Columbia,District of Columbia,2,2021.0,2021-09-30,2.944884e+06,0.209,0.995
21,Delaware State Employees,Delaware State Employees' Pension Plan,DE,Delaware,Delaware,1,2001.0,2001-06-30,5.057849e+06,-0.051,1.124
21,Delaware State Employees,Delaware State Employees' Pension Plan,DE,Delaware,Delaware,1,2002.0,2002-06-30,4.635288e+06,-0.063,1.096
21,Delaware State Employees,Delaware State Employees' Pension Plan,DE,Delaware,Delaware,1,2003.0,2003-06-30,4.649508e+06,0.031,1.069
21,Delaware State Employees,Delaware State Employees' Pension Plan,DE,Delaware,Delaware,1,2004.0,2004-06-30,5.24868e+06,0.159,1.03
21,Delaware State Employees,Delaware State Employees' Pension Plan,DE,Delaware,Delaware,1,2005.0,2005-06-30,5.608509e+06,0.096,1.016
21,Delaware State Employees,Delaware State Employees' Pension Plan,DE,Delaware,Delaware,1,2006.0,2006-06-30,6.133144e+06,0.124,1.017
21,Delaware State Employees,Delaware State Employees' Pension Plan,DE,Delaware,Delaware,1,2007.0,2007-06-30,6.920607e+06,0.159,1.037
21,Delaware State Employees,Delaware State Employees' Pension Plan,DE,Delaware,Delaware,1,2008.0,2008-06-30,6.643042e+06,-0.013,1.031
21,Delaware State Employees,Delaware State Employees' Pension Plan,DE,Delaware,Delaware,1,2009.0,2009-06-30,5.39266e+06,-0.158,0.988
21,Delaware State Employees,Delaware State Employees' Pension Plan,DE,Delaware,Delaware,1,2010.0,2010-06-30,5.909159e+06,0.141,0.96
21,Delaware State Employees,Delaware State Employees' Pension Plan,DE,Delaware,Delaware,1,2011.0,2011-06-30,7.056916e+06,0.243,0.94
21,Delaware State Employees,Delaware State Employees' Pension Plan,DE,Delaware,Delaware,1,2012.0,2012-06-30,6.914826e+06,0.02,0.915
21,Delaware State Employees,Delaware State Employees' Pension Plan,DE,Delaware,Delaware,1,2013.0,2013-06-30,7.395577e+06,0.111,0.911
21,Delaware State Employees,Delaware State Employees' Pension Plan,DE,Delaware,Delaware,1,2014.0,2014-06-30,8.389765e+06,0.175,0.923
21,Delaware State Employees,Delaware State Employees' Pension Plan,DE,Delaware,Delaware,1,2015.0,2015-06-30,8.409336e+06,0.039,0.916
21,Delaware State Employees,Delaware State Employees' Pension Plan,DE,Delaware,Delaware,1,2016.0,2016-06-30,7.977541e+06,-0.013,0.89
21,Delaware State Employees,Delaware State Employees' Pension Plan,DE,Delaware,Delaware,1,2017.0,2017-06-30,8.513829e+06,0.113,0.865
21,Delaware State Employees,Delaware State Employees' Pension Plan,DE,Delaware,Delaware,1,2018.0,2018-06-30,9.028447e+06,0.106,0.86
21,Delaware State Employees,Delaware State Employees' Pension Plan,DE,Delaware,Delaware,1,2019.0,2019-06-30,9.116517e+06,0.05,0.855
21,Delaware State Employees,Delaware State Employees' Pension Plan,DE,Delaware,Delaware,1,2020.0,2020-06-30,9.638828e+06,0.1,0.855
21,Delaware State Employees,Delaware State Employees' Pension Plan,DE,Delaware,Delaware,1,2021.0,2021-06-30,1.2851073e+07,0.381,0.891
22,Denver Employees,Denver Employees Retirement Plan,CO,Colorado,Denver,1,2001.0,2001-12-31,1.3775644e+06,-0.0517,0.995
22,Denver Employees,Denver Employees Retirement Plan,CO,Colorado,Denver,1,2002.0,2002-12-31,1.2526856e+06,-0.0788,1.0168
22,Denver Employees,Denver Employees Retirement Plan,CO,Colorado,Denver,1,2003.0,2003-12-31,1.4709059e+06,0.2006,0.9803
22,Denver Employees,Denver Employees Retirement Plan,CO,Colorado,Denver,1,2004.0,2004-12-31,1.6007966e+06,0.1188,0.9913
22,Denver Employees,Denver Employees Retirement Plan,CO,Colorado,Denver,1,2005.0,2005-12-31,1.7099519e+06,0.0998,0.9735
22,Denver Employees,Denver Employees Retirement Plan,CO,Colorado,Denver,1,2006.0,2006-12-31,1.8950461e+06,0.1433,0.9864
22,Denver Employees,Denver Employees Retirement Plan,CO,Colorado,Denver,1,2007.0,2007-12-31,2.0401718e+06,0.112,0.9821
22,Denver Employees,Denver Employees Retirement Plan,CO,Colorado,Denver,1,2008.0,2008-12-31,1.4555451e+06,-0.2531,0.9185
22,Denver Employees,Denver Employees Retirement Plan,CO,Colorado,Denver,1,2009.0,2009-12-31,1.58536e+06,0.1368,0.8839
22,Denver Employees,Denver Employees Retirement Plan,CO,Colorado,Denver,1,2010.0,2010-12-31,1.72568e+06,0.1436,0.8504
22,Denver Employees,Denver Employees Retirement Plan,CO,Colorado,Denver,1,2011.0,2011-12-31,1.649157e+06,-0.0043,0.8158
22,Denver Employees,Denver Employees Retirement Plan,CO,Colorado,Denver,1,2012.0,2012-12-31,1.7816334e+06,0.1309,0.7636
22,Denver Employees,Denver Employees Retirement Plan,CO,Colorado,Denver,1,2013.0,2013-12-31,2.0305386e+06,0.1821,0.7641
22,Denver Employees,Denver Employees Retirement Plan,CO,Colorado,Denver,1,2014.0,2014-12-31,2.0552725e+06,0.0533,0.7368
22,Denver Employees,Denver Employees Retirement Plan,CO,Colorado,Denver,1,2015.0,2015-12-31,1.9456734e+06,-0.0188,0.7221
22,Denver Employees,Denver Employees Retirement Plan,CO,Colorado,Denver,1,2016.0,2016-12-31,2.0116654e+06,0.0775,0.7101
22,Denver Employees,Denver Employees Retirement Plan,CO,Colorado,Denver,1,2017.0,2017-12-31,2.2254265e+06,0.1502,0.6767
22,Denver Employees,Denver Employees Retirement Plan,CO,Colorado,Denver,1,2018.0,2018-12-31,2.0626775e+06,-0.024,0.622
22,Denver Employees,Denver Employees Retirement Plan,CO,Colorado,Denver,1,2019.0,2019-12-31,2.2584815e+06,0.126,0.617
22,Denver Employees,Denver Employees Retirement Plan,CO,Colorado,Denver,1,2020.0,2020-12-31,2.3666848e+06,0.057,0.603
22,Denver Employees,Denver Employees Retirement Plan,CO,Colorado,Denver,1,2021.0,2021-12-31,2.665046e+06,0.171,0.618
23,Denver Schools,Colorado Public Employee Retirement Association-Denver Public Schools Division,CO,Colorado,Denver,2,2001.0,2001-12-31,2.347071e+06,0.0017,0.97
23,Denver Schools,Colorado Public Employee Retirement Association-Denver Public Schools Division,CO,Colorado,Denver,2,2002.0,2002-12-31,2.0690791e+06,-0.0515,0.91
23,Denver Schools,Colorado Public Employee Retirement Association-Denver Public Schools Division,CO,Colorado,Denver,2,2003.0,2003-12-31,2.403545e+06,0.2308,0.906
23,Denver Schools,Colorado Public Employee Retirement Association-Denver Public Schools Division,CO,Colorado,Denver,2,2004.0,2004-12-31,2.5559312e+06,0.1271,0.882
23,Denver Schools,Colorado Public Employee Retirement Association-Denver Public Schools Division,CO,Colorado,Denver,2,2005.0,2005-12-31,2.6678508e+06,0.1064,0.879
23,Denver Schools,Colorado Public Employee Retirement Association-Denver Public Schools Division,CO,Colorado,Denver,2,2006.0,2006-12-31,2.8543042e+06,0.1261,0.883
23,Denver Schools,Colorado Public Employee Retirement Association-Denver Public Schools Division,CO,Colorado,Denver,2,2007.0,2007-12-31,3.0069712e+06,0.1007,0.877
23,Denver Schools,Colorado Public Employee Retirement Association-Denver Public Schools Division,CO,Colorado,Denver,2,2008.0,2008-12-31,2.4535768e+06,-0.2431,0.843
23,Denver Schools,Colorado Public Employee Retirement Association-Denver Public Schools Division,CO,Colorado,Denver,2,2009.0,2009-12-31,2.7461758e+06,0.1993,0.883
23,Denver Schools,Colorado Public Employee Retirement Association-Denver Public Schools Division,CO,Colorado,Denver,2,2010.0,2010-12-31,2.940926e+06,0.14,0.889
23,Denver Schools,Colorado Public Employee Retirement Association-Denver Public Schools Division,CO,Colorado,Denver,2,2011.0,2011-12-31,2.820071e+06,0.019,0.815
23,Denver Schools,Colorado Public Employee Retirement Association-Denver Public Schools Division,CO,Colorado,Denver,2,2012.0,2012-12-31,2.996078e+06,0.129,0.84
23,Denver Schools,Colorado Public Employee Retirement Association-Denver Public Schools Division,CO,Colorado,Denver,2,2013.0,2013-12-31,3.272439e+06,0.156,0.812
23,Denver Schools,Colorado Public Employee Retirement Association-Denver Public Schools Division,CO,Colorado,Denver,2,2014.0,2014-12-31,3.263791e+06,0.057,0.826
23,Denver Schools,Colorado Public Employee Retirement Association-Denver Public Schools Division,CO,Colorado,Denver,2,2015.0,2015-12-31,3.107329e+06,0.015,0.821
23,Denver Schools,Colorado Public Employee Retirement Association-Denver Public Schools Division,CO,Colorado,Denver,2,2016.0,2016-12-31,3.125977e+06,0.073,0.759
23,Denver Schools,Colorado Public Employee Retirement Association-Denver Public Schools Division,CO,Colorado,Denver,2,2017.0,2017-12-31,3.47804e+06,0.181,0.797
23,Denver Schools,Colorado Public Employee Retirement Association-Denver Public Schools Division,CO,Colorado,Denver,2,2018.0,2018-12-31,3.184442e+06,-0.035,0.768
23,Denver Schools,Colorado Public Employee Retirement Association-Denver Public Schools Division,CO,Colorado,Denver,2,2019.0,2019-12-31,3.656426e+06,0.203,0.8
23,Denver Schools,Colorado Public Employee Retirement Association-Denver Public Schools Division,CO,Colorado,Denver,2,2020.0,2020-12-31,4.107578e+06,0.174,0.812
23,Denver Schools,Colorado Public Employee Retirement Association-Denver Public Schools Division,CO,Colorado,Denver,2,2021.0,2021-12-31,4.633727e+06,0.161,0.869
24,Duluth Teachers,Duluth Teachers' Retirement Fund Association,MN,Minnesota,Duluth,1,2004.0,2004-06-30,258831.52,0.179,0.9179
24,Duluth Teachers,Duluth Teachers' Retirement Fund Association,MN,Minnesota,Duluth,1,2005.0,2005-06-30,267383.56,0.087,0.8635
24,Duluth Teachers,Duluth Teachers' Retirement Fund Association,MN,Minnesota,Duluth,1,2006.0,2006-06-30,281950.2,0.11,0.8408
24,Duluth Teachers,Duluth Teachers' Retirement Fund Association,MN,Minnesota,Duluth,1,2007.0,2007-06-30,318973.53,0.192,0.8677
24,Duluth Teachers,Duluth Teachers' Retirement Fund Association,MN,Minnesota,Duluth,1,2008.0,2008-06-30,271616.84,-0.106,0.821
24,Duluth Teachers,Duluth Teachers' Retirement Fund Association,MN,Minnesota,Duluth,1,2009.0,2009-06-30,179933.2,-0.269,0.7655
24,Duluth Teachers,Duluth Teachers' Retirement Fund Association,MN,Minnesota,Duluth,1,2010.0,2010-06-30,192402.55,0.17,0.8166
24,Duluth Teachers,Duluth Teachers' Retirement Fund Association,MN,Minnesota,Duluth,1,2011.0,2011-06-30,213368.0,0.217,0.7322
24,Duluth Teachers,Duluth Teachers' Retirement Fund Association,MN,Minnesota,Duluth,1,2012.0,2012-06-30,194552.94,-0.002,0.634
24,Duluth Teachers,Duluth Teachers' Retirement Fund Association,MN,Minnesota,Duluth,1,2013.0,2013-06-30,205300.55,0.167,0.5399
24,Duluth Teachers,Duluth Teachers' Retirement Fund Association,MN,Minnesota,Duluth,1,2014.0,2014-06-30,226071.06,0.183,0.5691
25,Fairfax County Schools,Educational Employees’ Supplementary Retirement System of Fairfax County,VA,Virginia,Fairfax,2,2006.0,2006-06-30,1.7665349e+06,0.109,0.8494
25,Fairfax County Schools,Educational Employees’ Supplementary Retirement System of Fairfax County,VA,Virginia,Fairfax,2,2007.0,2007-06-30,2.0157381e+06,0.177,0.8639
25,Fairfax County Schools,Educational Employees’ Supplementary Retirement System of Fairfax County,VA,Virginia,Fairfax,2,2008.0,2008-06-30,1.858572e+06,-0.044,0.8802
25,Fairfax County Schools,Educational Employees’ Supplementary Retirement System of Fairfax County,VA,Virginia,Fairfax,2,2009.0,2009-06-30,1.4414344e+06,-0.192,0.7688
25,Fairfax County Schools,Educational Employees’ Supplementary Retirement System of Fairfax County,VA,Virginia,Fairfax,2,2010.0,2010-06-30,1.6076634e+06,0.171,0.7563
25,Fairfax County Schools,Educational Employees’ Supplementary Retirement System of Fairfax County,VA,Virginia,Fairfax,2,2011.0,2011-06-30,1.8869681e+06,0.221,0.7645
25,Fairfax County Schools,Educational Employees’ Supplementary Retirement System of Fairfax County,VA,Virginia,Fairfax,2,2012.0,2012-06-30,1.8277684e+06,0.004,0.7556
25,Fairfax County Schools,Educational Employees’ Supplementary Retirement System of Fairfax County,VA,Virginia,Fairfax,2,2013.0,2013-06-30,1.9567729e+06,0.112,0.7542
25,Fairfax County Schools,Educational Employees’ Supplementary Retirement System of Fairfax County,VA,Virginia,Fairfax,2,2014.0,2014-06-30,2.2049272e+06,0.162,0.767
25,Fairfax County Schools,Educational Employees’ Supplementary Retirement System of Fairfax County,VA,Virginia,Fairfax,2,2015.0,2015-06-30,2.179724e+06,0.02,0.777
25,Fairfax County Schools,Educational Employees’ Supplementary Retirement System of Fairfax County,VA,Virginia,Fairfax,2,2016.0,2016-06-30,2.1075878e+06,-0.003,0.76
25,Fairfax County Schools,Educational Employees’ Supplementary Retirement System of Fairfax County,VA,Virginia,Fairfax,2,2017.0,2017-06-30,2.3042818e+06,0.123,0.752
25,Fairfax County Schools,Educational Employees’ Supplementary Retirement System of Fairfax County,VA,Virginia,Fairfax,2,2018.0,2018-06-30,2.44628e+06,0.081,0.757
25,Fairfax County Schools,Educational Employees’ Supplementary Retirement System of Fairfax County,VA,Virginia,Fairfax,2,2019.0,2019-06-30,2.5214415e+06,0.047,0.74
25,Fairfax County Schools,Educational Employees’ Supplementary Retirement System of Fairfax County,VA,Virginia,Fairfax,2,2020.0,2020-06-30,2.5933832e+06,0.047,0.745
25,Fairfax County Schools,Educational Employees’ Supplementary Retirement System of Fairfax County,VA,Virginia,Fairfax,2,2021.0,2021-06-30,3.272151e+06,0.268,0.766
26,Florida RS,Florida Retirement System,FL,Florida,Florida,1,2001.0,2001-06-30,9.727909e+07,-0.076,1.1793
26,Florida RS,Florida Retirement System,FL,Florida,Florida,1,2002.0,2002-06-30,8.814199e+07,-0.0807,1.1496
26,Florida RS,Florida Retirement System,FL,Florida,Florida,1,2003.0,2003-06-30,8.834899e+07,0.0285,1.1418
26,Florida RS,Florida Retirement System,FL,Florida,Florida,1,2004.0,2004-06-30,1.00933576e+08,0.1665,1.121
26,Florida RS,Florida Retirement System,FL,Florida,Florida,1,2005.0,2005-06-30,1.0820644e+08,0.1018,1.0733
26,Florida RS,Florida Retirement System,FL,Florida,Florida,1,2006.0,2006-06-30,1.1634005e+08,0.1056,1.0557
26,Florida RS,Florida Retirement System,FL,Florida,Florida,1,2007.0,2007-06-30,1.3431525e+08,0.1807,1.0565
26,Florida RS,Florida Retirement System,FL,Florida,Florida,1,2008.0,2008-06-30,1.244668e+08,-0.0442,1.0535
26,Florida RS,Florida Retirement System,FL,Florida,Florida,1,2009.0,2009-06-30,9.650316e+07,-0.1903,0.8788
26,Florida RS,Florida Retirement System,FL,Florida,Florida,1,2010.0,2010-06-30,1.0717999e+08,0.1403,0.8799
26,Florida RS,Florida Retirement System,FL,Florida,Florida,1,2011.0,2011-06-30,1.2657972e+08,0.2209,0.8693
26,Florida RS,Florida Retirement System,FL,Florida,Florida,1,2012.0,2012-06-30,1.19981464e+08,0.0029,0.8638
26,Florida RS,Florida Retirement System,FL,Florida,Florida,1,2013.0,2013-06-30,1.2967209e+08,0.1312,0.8544
26,Florida RS,Florida Retirement System,FL,Florida,Florida,1,2014.0,2014-06-30,1.5001429e+08,0.174,0.86567
26,Florida RS,Florida Retirement System,FL,Florida,Florida,1,2015.0,2015-06-30,1.484544e+08,0.0367,0.865
26,Florida RS,Florida Retirement System,FL,Florida,Florida,1,2016.0,2016-06-30,1.4178093e+08,0.0054,0.854
26,Florida RS,Florida Retirement System,FL,Florida,Florida,1,2017.0,2017-06-30,1.5405326e+08,0.1377,0.843
26,Florida RS,Florida Retirement System,FL,Florida,Florida,1,2018.0,2018-06-30,1.6119688e+08,0.0898,0.839
26,Florida RS,Florida Retirement System,FL,Florida,Florida,1,2019.0,2019-06-30,1.6357373e+08,0.0626,0.826
26,Florida RS,Florida Retirement System,FL,Florida,Florida,1,2020.0,2020-06-30,1.6156827e+08,0.0308,0.82038
26,Florida RS,Florida Retirement System,FL,Florida,Florida,1,2021.0,2021-06-30,2.0208218e+08,0.2946,0.8343
27,Georgia ERS,Employees’ Retirement System of Georgia,GA,Georgia,Georgia,1,2001.0,2001-06-30,1.2343625e+07,-0.06019,1.017
27,Georgia ERS,Employees’ Retirement System of Georgia,GA,Georgia,Georgia,1,2002.0,2002-06-30,1.1558373e+07,-0.04,1.011
27,Georgia ERS,Employees’ Retirement System of Georgia,GA,Georgia,Georgia,1,2003.0,2003-06-30,1.1697607e+07,0.045,1.005
27,Georgia ERS,Employees’ Retirement System of Georgia,GA,Georgia,Georgia,1,2004.0,2004-06-30,1.2396352e+07,0.098,0.976
27,Georgia ERS,Employees’ Retirement System of Georgia,GA,Georgia,Georgia,1,2005.0,2005-06-30,1.2825126e+07,0.078,0.972
27,Georgia ERS,Employees’ Retirement System of Georgia,GA,Georgia,Georgia,1,2006.0,2006-06-30,1.3033861e+07,0.062,0.945
27,Georgia ERS,Employees’ Retirement System of Georgia,GA,Georgia,Georgia,1,2007.0,2007-06-30,1.4362447e+07,0.147,0.93
27,Georgia ERS,Employees’ Retirement System of Georgia,GA,Georgia,Georgia,1,2008.0,2008-06-30,1.3167778e+07,-0.035,0.894
27,Georgia ERS,Employees’ Retirement System of Georgia,GA,Georgia,Georgia,1,2009.0,2009-06-30,1.0626096e+07,-0.13,0.857
27,Georgia ERS,Employees’ Retirement System of Georgia,GA,Georgia,Georgia,1,2010.0,2010-06-30,1.0956296e+07,0.1099,0.801
27,Georgia ERS,Employees’ Retirement System of Georgia,GA,Georgia,Georgia,1,2011.0,2011-06-30,1.233541e+07,0.2129,0.76
27,Georgia ERS,Employees’ Retirement System of Georgia,GA,Georgia,Georgia,1,2012.0,2012-06-30,1.1628507e+07,0.0219,0.731
27,Georgia ERS,Employees’ Retirement System of Georgia,GA,Georgia,Georgia,1,2013.0,2013-06-30,1.2227814e+07,0.1333,0.714
27,Georgia ERS,Employees’ Retirement System of Georgia,GA,Georgia,Georgia,1,2014.0,2014-06-30,1.3291531e+07,0.1729,0.728
27,Georgia ERS,Employees’ Retirement System of Georgia,GA,Georgia,Georgia,1,2015.0,2015-06-30,1.2967964e+07,0.0374,0.741
27,Georgia ERS,Employees’ Retirement System of Georgia,GA,Georgia,Georgia,1,2016.0,2016-06-30,1.2373567e+07,0.014,0.747
27,Georgia ERS,Employees’ Retirement System of Georgia,GA,Georgia,Georgia,1,2017.0,2017-06-30,1.3098299e+07,0.124,0.747
27,Georgia ERS,Employees’ Retirement System of Georgia,GA,Georgia,Georgia,1,2018.0,2018-06-30,1.3517186e+07,0.092,0.753
27,Georgia ERS,Employees’ Retirement System of Georgia,GA,Georgia,Georgia,1,2019.0,2019-06-30,1.3617472e+07,0.069,0.756
27,Georgia ERS,Employees’ Retirement System of Georgia,GA,Georgia,Georgia,1,2020.0,2020-06-30,1.3502286e+07,0.0548,0.738
27,Georgia ERS,Employees’ Retirement System of Georgia,GA,Georgia,Georgia,1,2021.0,2021-06-30,1.6547905e+07,0.2936,0.716
28,Georgia Teachers,Teachers Retirement System of Georgia,GA,Georgia,Georgia,2,2001.0,2001-06-30,3.9662624e+07,-0.0508,1.039
28,Georgia Teachers,Teachers Retirement System of Georgia,GA,Georgia,Georgia,2,2002.0,2002-06-30,3.7831428e+07,-0.04,1.02
28,Georgia Teachers,Teachers Retirement System of Georgia,GA,Georgia,Georgia,2,2003.0,2003-06-30,3.921854e+07,0.046,1.011
28,Georgia Teachers,Teachers Retirement System of Georgia,GA,Georgia,Georgia,2,2004.0,2004-06-30,4.258808e+07,0.099,1.009
28,Georgia Teachers,Teachers Retirement System of Georgia,GA,Georgia,Georgia,2,2005.0,2005-06-30,4.527868e+07,0.079,0.98
28,Georgia Teachers,Teachers Retirement System of Georgia,GA,Georgia,Georgia,2,2006.0,2006-06-30,4.7246348e+07,0.06,0.965
28,Georgia Teachers,Teachers Retirement System of Georgia,GA,Georgia,Georgia,2,2007.0,2007-06-30,5.31331e+07,0.146,0.947
28,Georgia Teachers,Teachers Retirement System of Georgia,GA,Georgia,Georgia,2,2008.0,2008-06-30,5.00636e+07,-0.034,0.919
28,Georgia Teachers,Teachers Retirement System of Georgia,GA,Georgia,Georgia,2,2009.0,2009-06-30,4.2478584e+07,-0.1306,0.985
28,Georgia Teachers,Teachers Retirement System of Georgia,GA,Georgia,Georgia,2,2010.0,2010-06-30,4.5925548e+07,0.1109,0.857
28,Georgia Teachers,Teachers Retirement System of Georgia,GA,Georgia,Georgia,2,2011.0,2011-06-30,5.4084176e+07,0.2127,0.84
28,Georgia Teachers,Teachers Retirement System of Georgia,GA,Georgia,Georgia,2,2012.0,2012-06-30,5.3487148e+07,0.0216,0.823
28,Georgia Teachers,Teachers Retirement System of Georgia,GA,Georgia,Georgia,2,2013.0,2013-06-30,5.8594836e+07,0.1328,0.811
28,Georgia Teachers,Teachers Retirement System of Georgia,GA,Georgia,Georgia,2,2014.0,2014-06-30,6.6466092e+07,0.1717,0.819
28,Georgia Teachers,Teachers Retirement System of Georgia,GA,Georgia,Georgia,2,2015.0,2015-06-30,6.679911e+07,0.037,0.791
28,Georgia Teachers,Teachers Retirement System of Georgia,GA,Georgia,Georgia,2,2016.0,2016-06-30,6.5552412e+07,0.014,0.743
28,Georgia Teachers,Teachers Retirement System of Georgia,GA,Georgia,Georgia,2,2017.0,2017-06-30,7.134098e+07,0.125,0.742
28,Georgia Teachers,Teachers Retirement System of Georgia,GA,Georgia,Georgia,2,2018.0,2018-06-30,7.553293e+07,0.089,0.774
28,Georgia Teachers,Teachers Retirement System of Georgia,GA,Georgia,Georgia,2,2019.0,2019-06-30,7.8788936e+07,0.068,0.767
28,Georgia Teachers,Teachers Retirement System of Georgia,GA,Georgia,Georgia,2,2020.0,2020-06-30,8.116156e+07,0.0542,0.762
28,Georgia Teachers,Teachers Retirement System of Georgia,GA,Georgia,Georgia,2,2021.0,2021-06-30,1.0214669e+08,0.2919,0.813
29,Hawaii ERS,Employees’ Retirement System of the State of Hawaii,HI,Hawaii,Hawaii,1,2001.0,2001-06-30,8.761096e+06,-0.0668,0.906
29,Hawaii ERS,Employees’ Retirement System of the State of Hawaii,HI,Hawaii,Hawaii,1,2002.0,2002-06-30,7.9054525e+06,-0.0552,0.84
29,Hawaii ERS,Employees’ Retirement System of the State of Hawaii,HI,Hawaii,Hawaii,1,2003.0,2003-06-30,7.6872e+06,0.0297,0.759
29,Hawaii ERS,Employees’ Retirement System of the State of Hawaii,HI,Hawaii,Hawaii,1,2004.0,2004-06-30,8.565405e+06,0.1581,0.717
29,Hawaii ERS,Employees’ Retirement System of the State of Hawaii,HI,Hawaii,Hawaii,1,2005.0,2005-06-30,9.195868e+06,0.113,0.686
29,Hawaii ERS,Employees’ Retirement System of the State of Hawaii,HI,Hawaii,Hawaii,1,2006.0,2006-06-30,9.932411e+06,0.1112,0.65
29,Hawaii ERS,Employees’ Retirement System of the State of Hawaii,HI,Hawaii,Hawaii,1,2007.0,2007-06-30,1.1462417e+07,0.1771,0.675
29,Hawaii ERS,Employees’ Retirement System of the State of Hawaii,HI,Hawaii,Hawaii,1,2008.0,2008-06-30,1.0846789e+07,-0.0351,0.688
29,Hawaii ERS,Employees’ Retirement System of the State of Hawaii,HI,Hawaii,Hawaii,1,2009.0,2009-06-30,8.815285e+06,-0.1754,0.646
29,Hawaii ERS,Employees’ Retirement System of the State of Hawaii,HI,Hawaii,Hawaii,1,2010.0,2010-06-30,9.824168e+06,0.1196,0.614
29,Hawaii ERS,Employees’ Retirement System of the State of Hawaii,HI,Hawaii,Hawaii,1,2011.0,2011-06-30,1.1654356e+07,0.2125,0.594
29,Hawaii ERS,Employees’ Retirement System of the State of Hawaii,HI,Hawaii,Hawaii,1,2012.0,2012-06-30,1.1293042e+07,-0.0014,0.592
29,Hawaii ERS,Employees’ Retirement System of the State of Hawaii,HI,Hawaii,Hawaii,1,2013.0,2013-06-30,1.2311828e+07,0.1257,0.6
29,Hawaii ERS,Employees’ Retirement System of the State of Hawaii,HI,Hawaii,Hawaii,1,2014.0,2014-06-30,1.4203015e+07,0.1777,0.614
29,Hawaii ERS,Employees’ Retirement System of the State of Hawaii,HI,Hawaii,Hawaii,1,2015.0,2015-06-30,1.4505465e+07,0.0423,0.622
29,Hawaii ERS,Employees’ Retirement System of the State of Hawaii,HI,Hawaii,Hawaii,1,2016.0,2016-06-30,1.4069979e+07,-0.0078,0.547
29,Hawaii ERS,Employees’ Retirement System of the State of Hawaii,HI,Hawaii,Hawaii,1,2017.0,2017-06-30,1.5698324e+07,-0.0078,0.549
29,Hawaii ERS,Employees’ Retirement System of the State of Hawaii,HI,Hawaii,Hawaii,1,2018.0,2018-06-30,1.6598408e+07,0.0785,0.552
29,Hawaii ERS,Employees’ Retirement System of the State of Hawaii,HI,Hawaii,Hawaii,1,2019.0,2019-06-30,1.7227026e+07,0.06,0.552
29,Hawaii ERS,Employees’ Retirement System of the State of Hawaii,HI,Hawaii,Hawaii,1,2020.0,2020-06-30,1.738548e+07,0.0128,0.553
29,Hawaii ERS,Employees’ Retirement System of the State of Hawaii,HI,Hawaii,Hawaii,1,2021.0,2021-06-30,2.1935792e+07,0.2663,0.583
30,Houston Firefighters,Houston Firefighters’ Relief and Retirement Fund,TX,Texas,Houston,3,2001.0,2001-06-30,1.7264881e+06,-0.011,1.13
30,Houston Firefighters,Houston Firefighters’ Relief and Retirement Fund,TX,Texas,Houston,3,2002.0,2002-06-30,1.660165e+06,-0.024,0.98
30,Houston Firefighters,Houston Firefighters’ Relief and Retirement Fund,TX,Texas,Houston,3,2003.0,2003-06-30,1.7232444e+06,0.0648,0.94078
30,Houston Firefighters,Houston Firefighters’ Relief and Retirement Fund,TX,Texas,Houston,3,2004.0,2004-06-30,1.9809034e+06,0.1841,0.88
30,Houston Firefighters,Houston Firefighters’ Relief and Retirement Fund,TX,Texas,Houston,3,2005.0,2005-06-30,2.286004e+06,0.191,0.86
30,Houston Firefighters,Houston Firefighters’ Relief and Retirement Fund,TX,Texas,Houston,3,2006.0,2006-06-30,2.5738842e+06,0.145,0.87
30,Houston Firefighters,Houston Firefighters’ Relief and Retirement Fund,TX,Texas,Houston,3,2007.0,2007-06-30,2.9660818e+06,0.17,0.91
30,Houston Firefighters,Houston Firefighters’ Relief and Retirement Fund,TX,Texas,Houston,3,2008.0,2008-06-30,3.0291585e+06,0.04,0.96
30,Houston Firefighters,Houston Firefighters’ Relief and Retirement Fund,TX,Texas,Houston,3,2009.0,2009-06-30,2.368961e+06,-0.2,0.95
30,Houston Firefighters,Houston Firefighters’ Relief and Retirement Fund,TX,Texas,Houston,3,2010.0,2010-06-30,2.7216372e+06,0.173,0.93
30,Houston Firefighters,Houston Firefighters’ Relief and Retirement Fund,TX,Texas,Houston,3,2011.0,2011-06-30,3.2030802e+06,0.206,0.91
30,Houston Firefighters,Houston Firefighters’ Relief and Retirement Fund,TX,Texas,Houston,3,2012.0,2012-06-30,3.1751312e+06,0.021,0.87
30,Houston Firefighters,Houston Firefighters’ Relief and Retirement Fund,TX,Texas,Houston,3,2013.0,2013-06-30,3.4304368e+06,0.115,0.87
30,Houston Firefighters,Houston Firefighters’ Relief and Retirement Fund,TX,Texas,Houston,3,2014.0,2014-06-30,3.9128252e+06,0.178,0.88518
30,Houston Firefighters,Houston Firefighters’ Relief and Retirement Fund,TX,Texas,Houston,3,2015.0,2015-06-30,3.8776505e+06,0.0153,0.89379
30,Houston Firefighters,Houston Firefighters’ Relief and Retirement Fund,TX,Texas,Houston,3,2016.0,2016-06-30,3.72967e+06,-0.01,0.806
30,Houston Firefighters,Houston Firefighters’ Relief and Retirement Fund,TX,Texas,Houston,3,2017.0,2017-06-30,4.0250898e+06,0.12,0.861
30,Houston Firefighters,Houston Firefighters’ Relief and Retirement Fund,TX,Texas,Houston,3,2018.0,2018-06-30,4.170354e+06,0.083,0.872
30,Houston Firefighters,Houston Firefighters’ Relief and Retirement Fund,TX,Texas,Houston,3,2019.0,2019-06-30,4.237692e+06,0.057,0.829
30,Houston Firefighters,Houston Firefighters’ Relief and Retirement Fund,TX,Texas,Houston,3,2020.0,2020-06-30,4.1029318e+06,0.021,0.862
30,Houston Firefighters,Houston Firefighters’ Relief and Retirement Fund,TX,Texas,Houston,3,2021.0,2021-06-30,5.256763e+06,0.337,0.93217
31,Idaho PERS,Public Employee Retirement System of Idaho,ID,Idaho,Idaho,1,2001.0,2001-06-30,6.514892e+06,-0.061,0.972
31,Idaho PERS,Public Employee Retirement System of Idaho,ID,Idaho,Idaho,1,2002.0,2002-06-30,6.081349e+06,-0.071,0.849
31,Idaho PERS,Public Employee Retirement System of Idaho,ID,Idaho,Idaho,1,2003.0,2003-06-30,6.3159935e+06,0.037,0.838
31,Idaho PERS,Public Employee Retirement System of Idaho,ID,Idaho,Idaho,1,2004.0,2004-06-30,7.4380815e+06,0.181,0.917
31,Idaho PERS,Public Employee Retirement System of Idaho,ID,Idaho,Idaho,1,2005.0,2005-06-30,8.2265765e+06,0.108,0.942
31,Idaho PERS,Public Employee Retirement System of Idaho,ID,Idaho,Idaho,1,2006.0,2006-06-30,9.195452e+06,0.122,0.952
31,Idaho PERS,Public Employee Retirement System of Idaho,ID,Idaho,Idaho,1,2007.0,2007-06-30,1.0966418e+07,0.2,1.055
31,Idaho PERS,Public Employee Retirement System of Idaho,ID,Idaho,Idaho,1,2008.0,2008-06-30,1.0421335e+07,-0.042,0.933
31,Idaho PERS,Public Employee Retirement System of Idaho,ID,Idaho,Idaho,1,2009.0,2009-06-30,8.663012e+06,-0.16,0.741
31,Idaho PERS,Public Employee Retirement System of Idaho,ID,Idaho,Idaho,1,2010.0,2010-06-30,9.599892e+06,0.124,0.789
31,Idaho PERS,Public Employee Retirement System of Idaho,ID,Idaho,Idaho,1,2011.0,2011-06-30,1.1383014e+07,0.207,0.902
31,Idaho PERS,Public Employee Retirement System of Idaho,ID,Idaho,Idaho,1,2012.0,2012-06-30,1.1329657e+07,0.016,0.847
31,Idaho PERS,Public Employee Retirement System of Idaho,ID,Idaho,Idaho,1,2013.0,2013-06-30,1.2079893e+07,0.091,0.853
31,Idaho PERS,Public Employee Retirement System of Idaho,ID,Idaho,Idaho,1,2014.0,2014-06-30,1.3864941e+07,0.172,0.929
31,Idaho PERS,Public Employee Retirement System of Idaho,ID,Idaho,Idaho,1,2015.0,2015-06-30,1.3991246e+07,0.03,0.904
31,Idaho PERS,Public Employee Retirement System of Idaho,ID,Idaho,Idaho,1,2016.0,2016-06-30,1.3920707e+07,0.018,0.863
31,Idaho PERS,Public Employee Retirement System of Idaho,ID,Idaho,Idaho,1,2017.0,2017-06-30,1.5335946e+07,0.127,0.896
31,Idaho PERS,Public Employee Retirement System of Idaho,ID,Idaho,Idaho,1,2018.0,2018-06-30,1.63159e+07,0.087,0.903
31,Idaho PERS,Public Employee Retirement System of Idaho,ID,Idaho,Idaho,1,2019.0,2019-06-30,1.7281432e+07,0.084,0.916
31,Idaho PERS,Public Employee Retirement System of Idaho,ID,Idaho,Idaho,1,2020.0,2020-06-30,1.743339e+07,0.031,0.876
31,Idaho PERS,Public Employee Retirement System of Idaho,ID,Idaho,Idaho,1,2021.0,2021-06-30,2.1819752e+07,0.279,0.99775
32,Illinois Municipal,Illinois Municipal Retirement Fund,IL,Illinois,Illinois,1,2001.0,2001-12-31,1.496619e+07,-0.0608,1.064
32,Illinois Municipal,Illinois Municipal Retirement Fund,IL,Illinois,Illinois,1,2002.0,2002-12-31,1.3500715e+07,-0.0872,1.015
32,Illinois Municipal,Illinois Municipal Retirement Fund,IL,Illinois,Illinois,1,2003.0,2003-12-31,1.6356828e+07,0.2256,0.976
32,Illinois Municipal,Illinois Municipal Retirement Fund,IL,Illinois,Illinois,1,2004.0,2004-12-31,1.8299304e+07,0.1238,0.943
32,Illinois Municipal,Illinois Municipal Retirement Fund,IL,Illinois,Illinois,1,2005.0,2005-12-31,1.987277e+07,0.0849,0.946
32,Illinois Municipal,Illinois Municipal Retirement Fund,IL,Illinois,Illinois,1,2006.0,2006-12-31,2.250761e+07,0.136,0.953
32,Illinois Municipal,Illinois Municipal Retirement Fund,IL,Illinois,Illinois,1,2007.0,2007-12-31,2.4223494e+07,0.0828,0.961
32,Illinois Municipal,Illinois Municipal Retirement Fund,IL,Illinois,Illinois,1,2008.0,2008-12-31,1.8022054e+07,-0.2497,0.843
32,Illinois Municipal,Illinois Municipal Retirement Fund,IL,Illinois,Illinois,1,2009.0,2009-12-31,2.2302838e+07,0.2428,0.832
32,Illinois Municipal,Illinois Municipal Retirement Fund,IL,Illinois,Illinois,1,2010.0,2010-12-31,2.5141888e+07,0.1336,0.833
32,Illinois Municipal,Illinois Municipal Retirement Fund,IL,Illinois,Illinois,1,2011.0,2011-12-31,2.4837062e+07,-0.005,0.83
32,Illinois Municipal,Illinois Municipal Retirement Fund,IL,Illinois,Illinois,1,2012.0,2012-12-31,2.7996328e+07,0.1351,0.843
32,Illinois Municipal,Illinois Municipal Retirement Fund,IL,Illinois,Illinois,1,2013.0,2013-12-31,3.3283578e+07,0.1999,0.876
32,Illinois Municipal,Illinois Municipal Retirement Fund,IL,Illinois,Illinois,1,2014.0,2014-12-31,3.4867044e+07,0.0576,0.873
32,Illinois Municipal,Illinois Municipal Retirement Fund,IL,Illinois,Illinois,1,2015.0,2015-12-31,3.451308e+07,0.002,0.884
32,Illinois Municipal,Illinois Municipal Retirement Fund,IL,Illinois,Illinois,1,2016.0,2016-12-31,3.6514896e+07,0.0777,0.889
32,Illinois Municipal,Illinois Municipal Retirement Fund,IL,Illinois,Illinois,1,2017.0,2017-12-31,4.1413164e+07,0.1573,0.929
32,Illinois Municipal,Illinois Municipal Retirement Fund,IL,Illinois,Illinois,1,2018.0,2018-12-31,3.875107e+07,-0.0441,0.9
32,Illinois Municipal,Illinois Municipal Retirement Fund,IL,Illinois,Illinois,1,2019.0,2019-12-31,4.5049976e+07,0.1957,0.907
32,Illinois Municipal,Illinois Municipal Retirement Fund,IL,Illinois,Illinois,1,2020.0,2020-12-31,5.0571924e+07,0.1479,0.941
32,Illinois Municipal,Illinois Municipal Retirement Fund,IL,Illinois,Illinois,1,2021.0,2021-12-31,5.7700052e+07,0.1663,0.986
33,Illinois SERS,State Employees' Retirement System of Illinois,IL,Illinois,Illinois,1,2001.0,2001-06-30,8.2766615e+06,-0.071,0.658
33,Illinois SERS,State Employees' Retirement System of Illinois,IL,Illinois,Illinois,1,2002.0,2002-06-30,7.6738925e+06,-0.069,0.537
33,Illinois SERS,State Employees' Retirement System of Illinois,IL,Illinois,Illinois,1,2003.0,2003-06-30,7.5021115e+06,0.003,0.426
33,Illinois SERS,State Employees' Retirement System of Illinois,IL,Illinois,Illinois,1,2004.0,2004-06-30,9.990187e+06,0.164,0.542
33,Illinois SERS,State Employees' Retirement System of Illinois,IL,Illinois,Illinois,1,2005.0,2005-06-30,1.0494148e+07,0.101,0.544
33,Illinois SERS,State Employees' Retirement System of Illinois,IL,Illinois,Illinois,1,2006.0,2006-06-30,1.0899853e+07,0.11,0.522
33,Illinois SERS,State Employees' Retirement System of Illinois,IL,Illinois,Illinois,1,2007.0,2007-06-30,1.2078909e+07,0.171,0.5421
33,Illinois SERS,State Employees' Retirement System of Illinois,IL,Illinois,Illinois,1,2008.0,2008-06-30,1.0995366e+07,-0.062,0.4612
33,Illinois SERS,State Employees' Retirement System of Illinois,IL,Illinois,Illinois,1,2009.0,2009-06-30,8.477852e+06,-0.201,0.4348
33,Illinois SERS,State Employees' Retirement System of Illinois,IL,Illinois,Illinois,1,2010.0,2010-06-30,9.201831e+06,0.091,0.374
33,Illinois SERS,State Employees' Retirement System of Illinois,IL,Illinois,Illinois,1,2011.0,2011-06-30,1.0970753e+07,0.217,0.3555
33,Illinois SERS,State Employees' Retirement System of Illinois,IL,Illinois,Illinois,1,2012.0,2012-06-30,1.0960688e+07,0.001,0.3468
33,Illinois SERS,State Employees' Retirement System of Illinois,IL,Illinois,Illinois,1,2013.0,2013-06-30,1.24003e+07,0.141,0.3421
33,Illinois SERS,State Employees' Retirement System of Illinois,IL,Illinois,Illinois,1,2014.0,2014-06-30,1.4581566e+07,0.179,0.3396
33,Illinois SERS,State Employees' Retirement System of Illinois,IL,Illinois,Illinois,1,2015.0,2015-06-30,1.5258867e+07,0.047,0.3618
33,Illinois SERS,State Employees' Retirement System of Illinois,IL,Illinois,Illinois,1,2016.0,2016-06-30,1.5038528e+07,-0.008,0.3435
33,Illinois SERS,State Employees' Retirement System of Illinois,IL,Illinois,Illinois,1,2017.0,2017-06-30,1.653018e+07,0.123,0.354
33,Illinois SERS,State Employees' Retirement System of Illinois,IL,Illinois,Illinois,1,2018.0,2018-06-30,1.7463278e+07,0.076,0.3647
33,Illinois SERS,State Employees' Retirement System of Illinois,IL,Illinois,Illinois,1,2019.0,2019-06-30,1.8491888e+07,0.071,0.3782
33,Illinois SERS,State Employees' Retirement System of Illinois,IL,Illinois,Illinois,1,2020.0,2020-06-30,1.9197272e+07,0.046,0.3867
33,Illinois SERS,State Employees' Retirement System of Illinois,IL,Illinois,Illinois,1,2021.0,2021-06-30,2.3883338e+07,0.258,0.4114
34,Illinois Teachers,Teachers' Retirement System of The State of Illinois,IL,Illinois,Illinois,2,2001.0,2001-06-30,2.3315646e+07,-0.042,0.595
34,Illinois Teachers,Teachers' Retirement System of The State of Illinois,IL,Illinois,Illinois,2,2002.0,2002-06-30,2.2366284e+07,-0.032,0.52
34,Illinois Teachers,Teachers' Retirement System of The State of Illinois,IL,Illinois,Illinois,2,2003.0,2003-06-30,2.3124824e+07,0.049,0.493
34,Illinois Teachers,Teachers' Retirement System of The State of Illinois,IL,Illinois,Illinois,2,2004.0,2004-06-30,3.154473e+07,0.165,0.619
34,Illinois Teachers,Teachers' Retirement System of The State of Illinois,IL,Illinois,Illinois,2,2005.0,2005-06-30,3.408522e+07,0.108,0.608
34,Illinois Teachers,Teachers' Retirement System of The State of Illinois,IL,Illinois,Illinois,2,2006.0,2006-06-30,3.658489e+07,0.118,0.62
34,Illinois Teachers,Teachers' Retirement System of The State of Illinois,IL,Illinois,Illinois,2,2007.0,2007-06-30,4.1909316e+07,0.192,0.638
34,Illinois Teachers,Teachers' Retirement System of The State of Illinois,IL,Illinois,Illinois,2,2008.0,2008-06-30,3.8430724e+07,-0.05,0.56
34,Illinois Teachers,Teachers' Retirement System of The State of Illinois,IL,Illinois,Illinois,2,2009.0,2009-06-30,2.849773e+07,-0.227,0.521
34,Illinois Teachers,Teachers' Retirement System of The State of Illinois,IL,Illinois,Illinois,2,2010.0,2010-06-30,3.1323784e+07,0.129,0.484
34,Illinois Teachers,Teachers' Retirement System of The State of Illinois,IL,Illinois,Illinois,2,2011.0,2011-06-30,3.7471268e+07,0.236,0.465
34,Illinois Teachers,Teachers' Retirement System of The State of Illinois,IL,Illinois,Illinois,2,2012.0,2012-06-30,3.6516824e+07,0.008,0.421
34,Illinois Teachers,Teachers' Retirement System of The State of Illinois,IL,Illinois,Illinois,2,2013.0,2013-06-30,3.985877e+07,0.128,0.406
34,Illinois Teachers,Teachers' Retirement System of The State of Illinois,IL,Illinois,Illinois,2,2014.0,2014-06-30,4.5824384e+07,0.174,0.406
34,Illinois Teachers,Teachers' Retirement System of The State of Illinois,IL,Illinois,Illinois,2,2015.0,2015-06-30,4.6406916e+07,0.04,0.42
34,Illinois Teachers,Teachers' Retirement System of The State of Illinois,IL,Illinois,Illinois,2,2016.0,2016-06-30,4.5250956e+07,1e-04,0.398
34,Illinois Teachers,Teachers' Retirement System of The State of Illinois,IL,Illinois,Illinois,2,2017.0,2017-06-30,4.9375664e+07,0.126,0.402
34,Illinois Teachers,Teachers' Retirement System of The State of Illinois,IL,Illinois,Illinois,2,2018.0,2018-06-30,5.1969548e+07,0.085,0.407
34,Illinois Teachers,Teachers' Retirement System of The State of Illinois,IL,Illinois,Illinois,2,2019.0,2019-06-30,5.3262788e+07,0.052,0.406
34,Illinois Teachers,Teachers' Retirement System of The State of Illinois,IL,Illinois,Illinois,2,2020.0,2020-06-30,5.2316476e+07,0.006,0.405
34,Illinois Teachers,Teachers' Retirement System of The State of Illinois,IL,Illinois,Illinois,2,2021.0,2021-06-30,6.4212504e+07,0.255,0.425
35,Illinois Universities,State Universities Retirement System of Illinois,IL,Illinois,Illinois,2,2001.0,2001-06-30,1.0753297e+07,-0.088,0.721
35,Illinois Universities,State Universities Retirement System of Illinois,IL,Illinois,Illinois,2,2002.0,2002-06-30,9.814677e+06,-0.061,0.5893
35,Illinois Universities,State Universities Retirement System of Illinois,IL,Illinois,Illinois,2,2003.0,2003-06-30,9.714547e+06,0.029,0.5389
35,Illinois Universities,State Universities Retirement System of Illinois,IL,Illinois,Illinois,2,2004.0,2004-06-30,1.2586305e+07,0.17,0.6597
35,Illinois Universities,State Universities Retirement System of Illinois,IL,Illinois,Illinois,2,2005.0,2005-06-30,1.3350278e+07,0.104,0.656
35,Illinois Universities,State Universities Retirement System of Illinois,IL,Illinois,Illinois,2,2006.0,2006-06-30,1.4175147e+07,0.117,0.6536
35,Illinois Universities,State Universities Retirement System of Illinois,IL,Illinois,Illinois,2,2007.0,2007-06-30,1.598573e+07,0.183,0.6843
35,Illinois Universities,State Universities Retirement System of Illinois,IL,Illinois,Illinois,2,2008.0,2008-06-30,1.4586325e+07,-0.045,0.5854
35,Illinois Universities,State Universities Retirement System of Illinois,IL,Illinois,Illinois,2,2009.0,2009-06-30,1.1032973e+07,-0.197,0.5427
35,Illinois Universities,State Universities Retirement System of Illinois,IL,Illinois,Illinois,2,2010.0,2010-06-30,1.2121542e+07,0.15,0.4637
35,Illinois Universities,State Universities Retirement System of Illinois,IL,Illinois,Illinois,2,2011.0,2011-06-30,1.4274003e+07,0.238,0.4425
35,Illinois Universities,State Universities Retirement System of Illinois,IL,Illinois,Illinois,2,2012.0,2012-06-30,1.3705143e+07,0.005,0.4206
35,Illinois Universities,State Universities Retirement System of Illinois,IL,Illinois,Illinois,2,2013.0,2013-06-30,1.5037102e+07,0.125,0.4149
35,Illinois Universities,State Universities Retirement System of Illinois,IL,Illinois,Illinois,2,2014.0,2014-06-30,1.7391324e+07,0.182,0.4233
35,Illinois Universities,State Universities Retirement System of Illinois,IL,Illinois,Illinois,2,2015.0,2015-06-30,1.7462968e+07,0.029,0.4328
35,Illinois Universities,State Universities Retirement System of Illinois,IL,Illinois,Illinois,2,2016.0,2016-06-30,1.700563e+07,0.002,0.4326
35,Illinois Universities,State Universities Retirement System of Illinois,IL,Illinois,Illinois,2,2017.0,2017-06-30,1.848482e+07,0.122,0.4443
35,Illinois Universities,State Universities Retirement System of Illinois,IL,Illinois,Illinois,2,2018.0,2018-06-30,1.9321076e+07,0.082,0.4275
35,Illinois Universities,State Universities Retirement System of Illinois,IL,Illinois,Illinois,2,2019.0,2019-06-30,1.9717348e+07,0.06,0.4233
35,Illinois Universities,State Universities Retirement System of Illinois,IL,Illinois,Illinois,2,2020.0,2020-06-30,1.9617016e+07,0.026,0.4223
35,Illinois Universities,State Universities Retirement System of Illinois,IL,Illinois,Illinois,2,2021.0,2021-06-30,2.3768314e+07,0.238,0.4394
36,Indiana PERF,State of Indiana Public Employees' Retirement Fund,IN,Indiana,Indiana,1,2001.0,2001-06-30,8.355485e+06,-0.0251,1.05
36,Indiana PERF,State of Indiana Public Employees' Retirement Fund,IN,Indiana,Indiana,1,2002.0,2002-06-30,7.95303e+06,-0.0451,0.992
36,Indiana PERF,State of Indiana Public Employees' Retirement Fund,IN,Indiana,Indiana,1,2003.0,2003-06-30,8.272988e+06,0.047,1.029
36,Indiana PERF,State of Indiana Public Employees' Retirement Fund,IN,Indiana,Indiana,1,2004.0,2004-06-30,9.586902e+06,0.163,1.001
36,Indiana PERF,State of Indiana Public Employees' Retirement Fund,IN,Indiana,Indiana,1,2005.0,2005-06-30,1.0398671e+07,0.098,0.964
36,Indiana PERF,State of Indiana Public Employees' Retirement Fund,IN,Indiana,Indiana,1,2006.0,2006-06-30,1.1366226e+07,0.107,0.976
36,Indiana PERF,State of Indiana Public Employees' Retirement Fund,IN,Indiana,Indiana,1,2007.0,2007-06-30,1.3262414e+07,0.182,0.982
36,Indiana PERF,State of Indiana Public Employees' Retirement Fund,IN,Indiana,Indiana,1,2008.0,2008-06-30,1.207347e+07,-0.076,0.975
36,Indiana PERF,State of Indiana Public Employees' Retirement Fund,IN,Indiana,Indiana,1,2009.0,2009-06-30,9.442336e+06,-0.206,0.931
36,Indiana PERF,State of Indiana Public Employees' Retirement Fund,IN,Indiana,Indiana,1,2010.0,2010-06-30,1.0581319e+07,0.139,0.852
36,Indiana PERF,State of Indiana Public Employees' Retirement Fund,IN,Indiana,Indiana,1,2011.0,2011-06-30,1.2461356e+07,0.199,0.805
36,Indiana PERF,State of Indiana Public Employees' Retirement Fund,IN,Indiana,Indiana,1,2012.0,2012-06-30,1.2243755e+07,0.007,0.766
36,Indiana PERF,State of Indiana Public Employees' Retirement Fund,IN,Indiana,Indiana,1,2013.0,2013-06-30,1.2720601e+07,0.06,0.802
36,Indiana PERF,State of Indiana Public Employees' Retirement Fund,IN,Indiana,Indiana,1,2014.0,2014-06-30,1.4104288e+07,0.1373,0.824
36,Indiana PERF,State of Indiana Public Employees' Retirement Fund,IN,Indiana,Indiana,1,2015.0,2015-06-30,1.3907666e+07,0.0,0.786
36,Indiana PERF,State of Indiana Public Employees' Retirement Fund,IN,Indiana,Indiana,1,2016.0,2016-06-30,1.3870502e+07,0.0119,0.791
36,Indiana PERF,State of Indiana Public Employees' Retirement Fund,IN,Indiana,Indiana,1,2017.0,2017-06-30,1.4644671e+07,0.08,0.79
36,Indiana PERF,State of Indiana Public Employees' Retirement Fund,IN,Indiana,Indiana,1,2018.0,2018-06-30,1.2694328e+07,0.093,0.7969
36,Indiana PERF,State of Indiana Public Employees' Retirement Fund,IN,Indiana,Indiana,1,2019.0,2019-06-30,1.3270996e+07,0.074,0.7938
36,Indiana PERF,State of Indiana Public Employees' Retirement Fund,IN,Indiana,Indiana,1,2020.0,2020-06-30,1.326136e+07,0.026,0.8329
36,Indiana PERF,State of Indiana Public Employees' Retirement Fund,IN,Indiana,Indiana,1,2021.0,2021-06-30,1.624731e+07,0.255,0.83
37,Indiana Teachers,Indiana State Teachers’ Retirement Fund,IN,Indiana,Indiana,2,2001.0,2001-06-30,5.8107595e+06,0.0083,0.43
37,Indiana Teachers,Indiana State Teachers’ Retirement Fund,IN,Indiana,Indiana,2,2002.0,2002-06-30,5.722753e+06,-0.038,0.421
37,Indiana Teachers,Indiana State Teachers’ Retirement Fund,IN,Indiana,Indiana,2,2003.0,2003-06-30,6.148027e+06,0.0478,0.444
37,Indiana Teachers,Indiana State Teachers’ Retirement Fund,IN,Indiana,Indiana,2,2004.0,2004-06-30,6.7542915e+06,0.1507,0.448
37,Indiana Teachers,Indiana State Teachers’ Retirement Fund,IN,Indiana,Indiana,2,2005.0,2005-06-30,7.179716e+06,0.0926,0.434
37,Indiana Teachers,Indiana State Teachers’ Retirement Fund,IN,Indiana,Indiana,2,2006.0,2006-06-30,7.791424e+06,0.1143,0.443
37,Indiana Teachers,Indiana State Teachers’ Retirement Fund,IN,Indiana,Indiana,2,2007.0,2007-06-30,8.980794e+06,0.1817,0.451
37,Indiana Teachers,Indiana State Teachers’ Retirement Fund,IN,Indiana,Indiana,2,2008.0,2008-06-30,8.563959e+06,-0.057,0.482
37,Indiana Teachers,Indiana State Teachers’ Retirement Fund,IN,Indiana,Indiana,2,2009.0,2009-06-30,7.199138e+06,-0.18,0.419
37,Indiana Teachers,Indiana State Teachers’ Retirement Fund,IN,Indiana,Indiana,2,2010.0,2010-06-30,8.140769e+06,0.143,0.443
37,Indiana Teachers,Indiana State Teachers’ Retirement Fund,IN,Indiana,Indiana,2,2011.0,2011-06-30,9.121737e+06,0.18,0.438
37,Indiana Teachers,Indiana State Teachers’ Retirement Fund,IN,Indiana,Indiana,2,2012.0,2012-06-30,9.077059e+06,0.007,0.427
37,Indiana Teachers,Indiana State Teachers’ Retirement Fund,IN,Indiana,Indiana,2,2013.0,2013-06-30,9.648879e+06,0.06,0.457
37,Indiana Teachers,Indiana State Teachers’ Retirement Fund,IN,Indiana,Indiana,2,2014.0,2014-06-30,1.0691309e+07,0.1373,0.481
37,Indiana Teachers,Indiana State Teachers’ Retirement Fund,IN,Indiana,Indiana,2,2015.0,2015-06-30,1.0479023e+07,0.0,0.46384
37,Indiana Teachers,Indiana State Teachers’ Retirement Fund,IN,Indiana,Indiana,2,2016.0,2016-06-30,1.0398759e+07,0.0119,0.46809
37,Indiana Teachers,Indiana State Teachers’ Retirement Fund,IN,Indiana,Indiana,2,2017.0,2017-06-30,1.106967e+07,0.08,0.48054
37,Indiana Teachers,Indiana State Teachers’ Retirement Fund,IN,Indiana,Indiana,2,2018.0,2018-06-30,9.163699e+06,0.093,0.45665
37,Indiana Teachers,Indiana State Teachers’ Retirement Fund,IN,Indiana,Indiana,2,2019.0,2019-06-30,9.883231e+06,0.074,0.47868
37,Indiana Teachers,Indiana State Teachers’ Retirement Fund,IN,Indiana,Indiana,2,2020.0,2020-06-30,9.986462e+06,0.026,0.49911
37,Indiana Teachers,Indiana State Teachers’ Retirement Fund,IN,Indiana,Indiana,2,2021.0,2021-06-30,1.3062246e+07,0.255,0.53574
38,Iowa PERS,Iowa Public Employees' Retirement System,IA,Iowa,Iowa,1,2001.0,2001-06-30,1.5928547e+07,-0.0473,0.9716
38,Iowa PERS,Iowa Public Employees' Retirement System,IA,Iowa,Iowa,1,2002.0,2002-06-30,1.4874419e+07,-0.0494,0.9256
38,Iowa PERS,Iowa Public Employees' Retirement System,IA,Iowa,Iowa,1,2003.0,2003-06-30,1.5403201e+07,0.0559,0.8962
38,Iowa PERS,Iowa Public Employees' Retirement System,IA,Iowa,Iowa,1,2004.0,2004-06-30,1.7249916e+07,0.1378,0.8862
38,Iowa PERS,Iowa Public Employees' Retirement System,IA,Iowa,Iowa,1,2005.0,2005-06-30,1.8767228e+07,0.1125,0.8869
38,Iowa PERS,Iowa Public Employees' Retirement System,IA,Iowa,Iowa,1,2006.0,2006-06-30,2.0404852e+07,0.1111,0.8842
38,Iowa PERS,Iowa Public Employees' Retirement System,IA,Iowa,Iowa,1,2007.0,2007-06-30,2.3217166e+07,0.1629,0.9016
38,Iowa PERS,Iowa Public Employees' Retirement System,IA,Iowa,Iowa,1,2008.0,2008-06-30,2.2370594e+07,-0.0133,0.8913
38,Iowa PERS,Iowa Public Employees' Retirement System,IA,Iowa,Iowa,1,2009.0,2009-06-30,1.7974038e+07,-0.1627,0.8119
38,Iowa PERS,Iowa Public Employees' Retirement System,IA,Iowa,Iowa,1,2010.0,2010-06-30,1.987808e+07,0.1382,0.8137
38,Iowa PERS,Iowa Public Employees' Retirement System,IA,Iowa,Iowa,1,2011.0,2011-06-30,2.3082132e+07,0.1991,0.7989
38,Iowa PERS,Iowa Public Employees' Retirement System,IA,Iowa,Iowa,1,2012.0,2012-06-30,2.324354e+07,0.0373,0.7991
38,Iowa PERS,Iowa Public Employees' Retirement System,IA,Iowa,Iowa,1,2013.0,2013-06-30,2.4878706e+07,0.1012,0.8102
38,Iowa PERS,Iowa Public Employees' Retirement System,IA,Iowa,Iowa,1,2014.0,2014-06-30,2.803855e+07,0.1588,0.8268
38,Iowa PERS,Iowa Public Employees' Retirement System,IA,Iowa,Iowa,1,2015.0,2015-06-30,2.8429834e+07,0.0396,0.8365
38,Iowa PERS,Iowa Public Employees' Retirement System,IA,Iowa,Iowa,1,2016.0,2016-06-30,2.8326434e+07,0.0215,0.8386
38,Iowa PERS,Iowa Public Employees' Retirement System,IA,Iowa,Iowa,1,2017.0,2017-06-30,3.0779116e+07,0.117,0.8139
38,Iowa PERS,Iowa Public Employees' Retirement System,IA,Iowa,Iowa,1,2018.0,2018-06-30,3.2314588e+07,0.0797,0.8236
38,Iowa PERS,Iowa Public Employees' Retirement System,IA,Iowa,Iowa,1,2019.0,2019-06-30,3.401068e+07,0.0835,0.8373
38,Iowa PERS,Iowa Public Employees' Retirement System,IA,Iowa,Iowa,1,2020.0,2020-06-30,3.4047692e+07,0.0339,0.8396
38,Iowa PERS,Iowa Public Employees' Retirement System,IA,Iowa,Iowa,1,2021.0,2021-06-30,4.2889876e+07,0.2963,0.8834
39,Kansas PERS,Kansas Public Employees Retirement System,KS,Kansas,Kansas,1,2001.0,2001-06-30,9.664667e+06,-0.073,0.88
39,Kansas PERS,Kansas Public Employees Retirement System,KS,Kansas,Kansas,1,2002.0,2002-06-30,8.902288e+06,-0.047,0.85
39,Kansas PERS,Kansas Public Employees Retirement System,KS,Kansas,Kansas,1,2003.0,2003-06-30,8.930442e+06,0.04,0.78
39,Kansas PERS,Kansas Public Employees Retirement System,KS,Kansas,Kansas,1,2004.0,2004-06-30,1.0427143e+07,0.154,0.75
39,Kansas PERS,Kansas Public Employees Retirement System,KS,Kansas,Kansas,1,2005.0,2005-06-30,1.1324365e+07,0.121,0.7
39,Kansas PERS,Kansas Public Employees Retirement System,KS,Kansas,Kansas,1,2006.0,2006-06-30,1.235289e+07,0.123,0.69
39,Kansas PERS,Kansas Public Employees Retirement System,KS,Kansas,Kansas,1,2007.0,2007-06-30,1.4153819e+07,0.1803,0.69
39,Kansas PERS,Kansas Public Employees Retirement System,KS,Kansas,Kansas,1,2008.0,2008-06-30,1.3150603e+07,-0.0443,0.71
39,Kansas PERS,Kansas Public Employees Retirement System,KS,Kansas,Kansas,1,2009.0,2009-06-30,1.0214875e+07,-0.1964,0.59
39,Kansas PERS,Kansas Public Employees Retirement System,KS,Kansas,Kansas,1,2010.0,2010-06-30,1.1352784e+07,0.149,0.64
39,Kansas PERS,Kansas Public Employees Retirement System,KS,Kansas,Kansas,1,2011.0,2011-06-30,1.345007e+07,0.226,0.62
39,Kansas PERS,Kansas Public Employees Retirement System,KS,Kansas,Kansas,1,2012.0,2012-06-30,1.3086743e+07,0.01,0.59
39,Kansas PERS,Kansas Public Employees Retirement System,KS,Kansas,Kansas,1,2013.0,2013-06-30,1.4390236e+07,0.14,0.56
39,Kansas PERS,Kansas Public Employees Retirement System,KS,Kansas,Kansas,1,2014.0,2014-06-30,1.6535862e+07,0.184,0.6
39,Kansas PERS,Kansas Public Employees Retirement System,KS,Kansas,Kansas,1,2015.0,2015-06-30,1.6635521e+07,0.037,0.62
39,Kansas PERS,Kansas Public Employees Retirement System,KS,Kansas,Kansas,1,2016.0,2016-06-30,1.7192432e+07,0.007,0.67
39,Kansas PERS,Kansas Public Employees Retirement System,KS,Kansas,Kansas,1,2017.0,2017-06-30,1.863384e+07,0.127,0.668
39,Kansas PERS,Kansas Public Employees Retirement System,KS,Kansas,Kansas,1,2018.0,2018-06-30,1.969621e+07,0.087,0.684
39,Kansas PERS,Kansas Public Employees Retirement System,KS,Kansas,Kansas,1,2019.0,2019-06-30,2.0648054e+07,0.067,0.684
39,Kansas PERS,Kansas Public Employees Retirement System,KS,Kansas,Kansas,1,2020.0,2020-06-30,2.0606874e+07,0.021,0.7
39,Kansas PERS,Kansas Public Employees Retirement System,KS,Kansas,Kansas,1,2021.0,2021-06-30,2.5254596e+07,0.263,0.725
40,Kentucky County,County Employees Retirement System of Kentucky,KY,Kentucky,Kentucky,1,2001.0,2001-06-30,5.608502e+06,-0.0542,1.41
40,Kentucky County,County Employees Retirement System of Kentucky,KY,Kentucky,Kentucky,1,2002.0,2002-06-30,5.271105e+06,-0.0428,1.253
40,Kentucky County,County Employees Retirement System of Kentucky,KY,Kentucky,Kentucky,1,2003.0,2003-06-30,5.344601e+06,0.0428,1.141
40,Kentucky County,County Employees Retirement System of Kentucky,KY,Kentucky,Kentucky,1,2004.0,2004-06-30,5.918347e+06,0.1359,1.01
40,Kentucky County,County Employees Retirement System of Kentucky,KY,Kentucky,Kentucky,1,2005.0,2005-06-30,6.304846e+06,0.093,0.907
40,Kentucky County,County Employees Retirement System of Kentucky,KY,Kentucky,Kentucky,1,2006.0,2006-06-30,6.720222e+06,0.097,0.814
40,Kentucky County,County Employees Retirement System of Kentucky,KY,Kentucky,Kentucky,1,2007.0,2007-06-30,7.567871e+06,0.153,0.801
40,Kentucky County,County Employees Retirement System of Kentucky,KY,Kentucky,Kentucky,1,2008.0,2008-06-30,7.076717e+06,-0.0421,0.771
40,Kentucky County,County Employees Retirement System of Kentucky,KY,Kentucky,Kentucky,1,2009.0,2009-06-30,5.65157e+06,-0.1721,0.706
40,Kentucky County,County Employees Retirement System of Kentucky,KY,Kentucky,Kentucky,1,2010.0,2010-06-30,6.327382e+06,0.1581,0.655
40,Kentucky County,County Employees Retirement System of Kentucky,KY,Kentucky,Kentucky,1,2011.0,2011-06-30,7.345309e+06,0.1896,0.629
40,Kentucky County,County Employees Retirement System of Kentucky,KY,Kentucky,Kentucky,1,2012.0,2012-06-30,7.054572e+06,0.0014,0.6
40,Kentucky County,County Employees Retirement System of Kentucky,KY,Kentucky,Kentucky,1,2013.0,2013-06-30,7.629139e+06,0.1082,0.595
40,Kentucky County,County Employees Retirement System of Kentucky,KY,Kentucky,Kentucky,1,2014.0,2014-06-30,8.615149e+06,0.1555,0.619
40,Kentucky County,County Employees Retirement System of Kentucky,KY,Kentucky,Kentucky,1,2015.0,2015-06-30,8.519002e+06,0.0201,0.597
40,Kentucky County,County Employees Retirement System of Kentucky,KY,Kentucky,Kentucky,1,2016.0,2016-06-30,8.151573e+06,-0.0052,0.587
40,Kentucky County,County Employees Retirement System of Kentucky,KY,Kentucky,Kentucky,1,2017.0,2017-06-30,8.966821e+06,0.1347,0.516
40,Kentucky County,County Employees Retirement System of Kentucky,KY,Kentucky,Kentucky,1,2018.0,2018-06-30,9.447369e+06,0.0857,0.51554
40,Kentucky County,County Employees Retirement System of Kentucky,KY,Kentucky,Kentucky,1,2019.0,2019-06-30,9.672588e+06,0.0583,0.48081
40,Kentucky County,County Employees Retirement System of Kentucky,KY,Kentucky,Kentucky,1,2020.0,2020-06-30,9.506577e+06,0.0115,0.48241
40,Kentucky County,County Employees Retirement System of Kentucky,KY,Kentucky,Kentucky,1,2021.0,2021-06-30,1.1605088e+07,0.25,0.504
41,Kentucky ERS,Kentucky Employees Retirement System,KY,Kentucky,Kentucky,1,2001.0,2001-06-30,5.790108e+06,-0.0542,1.258
41,Kentucky ERS,Kentucky Employees Retirement System,KY,Kentucky,Kentucky,1,2002.0,2002-06-30,5.306991e+06,-0.0428,1.107
41,Kentucky ERS,Kentucky Employees Retirement System,KY,Kentucky,Kentucky,1,2003.0,2003-06-30,5.249832e+06,0.0428,0.98
41,Kentucky ERS,Kentucky Employees Retirement System,KY,Kentucky,Kentucky,1,2004.0,2004-06-30,5.625563e+06,0.1359,0.858
41,Kentucky ERS,Kentucky Employees Retirement System,KY,Kentucky,Kentucky,1,2005.0,2005-06-30,5.760939e+06,0.093,0.746
41,Kentucky ERS,Kentucky Employees Retirement System,KY,Kentucky,Kentucky,1,2006.0,2006-06-30,5.877163e+06,0.097,0.613
41,Kentucky ERS,Kentucky Employees Retirement System,KY,Kentucky,Kentucky,1,2007.0,2007-06-30,6.283932e+06,0.153,0.584
41,Kentucky ERS,Kentucky Employees Retirement System,KY,Kentucky,Kentucky,1,2008.0,2008-06-30,5.541307e+06,-0.0421,0.542
41,Kentucky ERS,Kentucky Employees Retirement System,KY,Kentucky,Kentucky,1,2009.0,2009-06-30,3.973552e+06,-0.1721,0.467
41,Kentucky ERS,Kentucky Employees Retirement System,KY,Kentucky,Kentucky,1,2010.0,2010-06-30,3.948108e+06,0.1581,0.403
41,Kentucky ERS,Kentucky Employees Retirement System,KY,Kentucky,Kentucky,1,2011.0,2011-06-30,4.055327e+06,0.1896,0.356
41,Kentucky ERS,Kentucky Employees Retirement System,KY,Kentucky,Kentucky,1,2012.0,2012-06-30,3.453658e+06,0.0014,0.297
41,Kentucky ERS,Kentucky Employees Retirement System,KY,Kentucky,Kentucky,1,2013.0,2013-06-30,3.275345e+06,0.1082,0.258
41,Kentucky ERS,Kentucky Employees Retirement System,KY,Kentucky,Kentucky,1,2014.0,2014-06-30,3.139774e+06,0.1555,0.239
41,Kentucky ERS,Kentucky Employees Retirement System,KY,Kentucky,Kentucky,1,2015.0,2015-06-30,2.88025e+06,0.0201,0.219
41,Kentucky ERS,Kentucky Employees Retirement System,KY,Kentucky,Kentucky,1,2016.0,2016-06-30,2.508172e+06,-0.0052,0.189
41,Kentucky ERS,Kentucky Employees Retirement System,KY,Kentucky,Kentucky,1,2017.0,2017-06-30,2.698702e+06,0.1347,0.163
41,Kentucky ERS,Kentucky Employees Retirement System,KY,Kentucky,Kentucky,1,2018.0,2018-06-30,2.700062e+06,0.0857,0.158
41,Kentucky ERS,Kentucky Employees Retirement System,KY,Kentucky,Kentucky,1,2019.0,2019-06-30,2.974502e+06,0.0583,0.165
41,Kentucky ERS,Kentucky Employees Retirement System,KY,Kentucky,Kentucky,1,2020.0,2020-06-30,3.059597e+06,0.0115,0.172
41,Kentucky ERS,Kentucky Employees Retirement System,KY,Kentucky,Kentucky,1,2021.0,2021-06-30,3.959942e+06,0.25,0.2
42,Kentucky Teachers,Teachers’ Retirement System of the State of Kentucky,KY,Kentucky,Kentucky,2,2001.0,2001-06-30,1.2510408e+07,-0.007,0.908
42,Kentucky Teachers,Teachers’ Retirement System of the State of Kentucky,KY,Kentucky,Kentucky,2,2002.0,2002-06-30,1.1762797e+07,-0.041,0.866
42,Kentucky Teachers,Teachers’ Retirement System of the State of Kentucky,KY,Kentucky,Kentucky,2,2003.0,2003-06-30,1.2042508e+07,0.048,0.835
42,Kentucky Teachers,Teachers’ Retirement System of the State of Kentucky,KY,Kentucky,Kentucky,2,2004.0,2004-06-30,1.2919557e+07,0.097,0.809
42,Kentucky Teachers,Teachers’ Retirement System of the State of Kentucky,KY,Kentucky,Kentucky,2,2005.0,2005-06-30,1.3519998e+07,0.075,0.763
42,Kentucky Teachers,Teachers’ Retirement System of the State of Kentucky,KY,Kentucky,Kentucky,2,2006.0,2006-06-30,1.3851411e+07,0.054,0.731
42,Kentucky Teachers,Teachers’ Retirement System of the State of Kentucky,KY,Kentucky,Kentucky,2,2007.0,2007-06-30,1.5492519e+07,0.153,0.719
42,Kentucky Teachers,Teachers’ Retirement System of the State of Kentucky,KY,Kentucky,Kentucky,2,2008.0,2008-06-30,1.4076692e+07,-0.057,0.682
42,Kentucky Teachers,Teachers’ Retirement System of the State of Kentucky,KY,Kentucky,Kentucky,2,2009.0,2009-06-30,1.1515364e+07,-0.143,0.636
42,Kentucky Teachers,Teachers’ Retirement System of the State of Kentucky,KY,Kentucky,Kentucky,2,2010.0,2010-06-30,1.2456619e+07,0.131,0.61
42,Kentucky Teachers,Teachers’ Retirement System of the State of Kentucky,KY,Kentucky,Kentucky,2,2011.0,2011-06-30,1.5130606e+07,0.216,0.574
42,Kentucky Teachers,Teachers’ Retirement System of the State of Kentucky,KY,Kentucky,Kentucky,2,2012.0,2012-06-30,1.4797121e+07,0.024,0.545
42,Kentucky Teachers,Teachers’ Retirement System of the State of Kentucky,KY,Kentucky,Kentucky,2,2013.0,2013-06-30,1.6108808e+07,0.141,0.519
42,Kentucky Teachers,Teachers’ Retirement System of the State of Kentucky,KY,Kentucky,Kentucky,2,2014.0,2014-06-30,1.809257e+07,0.181,0.536
42,Kentucky Teachers,Teachers’ Retirement System of the State of Kentucky,KY,Kentucky,Kentucky,2,2015.0,2015-06-30,1.804913e+07,0.051,0.553
42,Kentucky Teachers,Teachers’ Retirement System of the State of Kentucky,KY,Kentucky,Kentucky,2,2016.0,2016-06-30,1.6812832e+07,-0.01,0.546
42,Kentucky Teachers,Teachers’ Retirement System of the State of Kentucky,KY,Kentucky,Kentucky,2,2017.0,2017-06-30,1.87077e+07,0.1537,0.564
42,Kentucky Teachers,Teachers’ Retirement System of the State of Kentucky,KY,Kentucky,Kentucky,2,2018.0,2018-06-30,1.9981634e+07,0.1081,0.577
42,Kentucky Teachers,Teachers’ Retirement System of the State of Kentucky,KY,Kentucky,Kentucky,2,2019.0,2019-06-30,2.037191e+07,0.059,0.581
42,Kentucky Teachers,Teachers’ Retirement System of the State of Kentucky,KY,Kentucky,Kentucky,2,2020.0,2020-06-30,2.0717e+07,0.058,0.584
42,Kentucky Teachers,Teachers’ Retirement System of the State of Kentucky,KY,Kentucky,Kentucky,2,2021.0,2021-06-30,2.593578e+07,0.2994,0.572
43,LA County ERS,Los Angeles County Employees Retirement Association,CA,California,Los Angeles County,1,2001.0,2001-06-30,2.8353262e+07,-0.052,1.0
43,LA County ERS,Los Angeles County Employees Retirement Association,CA,California,Los Angeles County,1,2002.0,2002-06-30,2.604724e+07,-0.056,0.994
43,LA County ERS,Los Angeles County Employees Retirement Association,CA,California,Los Angeles County,1,2003.0,2003-06-30,2.6247806e+07,0.036,0.872
43,LA County ERS,Los Angeles County Employees Retirement Association,CA,California,Los Angeles County,1,2004.0,2004-06-30,2.9481184e+07,0.165,0.828
43,LA County ERS,Los Angeles County Employees Retirement Association,CA,California,Los Angeles County,1,2005.0,2005-06-30,3.2026104e+07,0.11,0.858
43,LA County ERS,Los Angeles County Employees Retirement Association,CA,California,Los Angeles County,1,2006.0,2006-06-30,3.5185588e+07,0.13,0.905
43,LA County ERS,Los Angeles County Employees Retirement Association,CA,California,Los Angeles County,1,2007.0,2007-06-30,4.0908104e+07,0.188,0.938
43,LA County ERS,Los Angeles County Employees Retirement Association,CA,California,Los Angeles County,1,2008.0,2008-06-30,3.872467e+07,-0.015,0.945
43,LA County ERS,Los Angeles County Employees Retirement Association,CA,California,Los Angeles County,1,2009.0,2009-06-30,3.049898e+07,-0.183,0.889
43,LA County ERS,Los Angeles County Employees Retirement Association,CA,California,Los Angeles County,1,2010.0,2010-06-30,3.3433888e+07,0.116,0.833
43,LA County ERS,Los Angeles County Employees Retirement Association,CA,California,Los Angeles County,1,2011.0,2011-06-30,3.9452012e+07,0.202,0.806
43,LA County ERS,Los Angeles County Employees Retirement Association,CA,California,Los Angeles County,1,2012.0,2012-06-30,3.8306756e+07,0.001,0.761
43,LA County ERS,Los Angeles County Employees Retirement Association,CA,California,Los Angeles County,1,2013.0,2013-06-30,4.177352e+07,0.119,0.75
43,LA County ERS,Los Angeles County Employees Retirement Association,CA,California,Los Angeles County,1,2014.0,2014-06-30,4.7722276e+07,0.165,0.795
43,LA County ERS,Los Angeles County Employees Retirement Association,CA,California,Los Angeles County,1,2015.0,2015-06-30,4.881835e+07,0.041,0.833
43,LA County ERS,Los Angeles County Employees Retirement Association,CA,California,Los Angeles County,1,2016.0,2016-06-30,4.7846696e+07,0.008,0.794
43,LA County ERS,Los Angeles County Employees Retirement Association,CA,California,Los Angeles County,1,2017.0,2017-06-30,5.2743652e+07,0.127,0.799
43,LA County ERS,Los Angeles County Employees Retirement Association,CA,California,Los Angeles County,1,2018.0,2018-06-30,5.6299984e+07,0.09,0.806
43,LA County ERS,Los Angeles County Employees Retirement Association,CA,California,Los Angeles County,1,2019.0,2019-06-30,5.8294836e+07,0.064,0.772
43,LA County ERS,Los Angeles County Employees Retirement Association,CA,California,Los Angeles County,1,2020.0,2020-06-30,5.851041e+07,0.018,0.763
43,LA County ERS,Los Angeles County Employees Retirement Association,CA,California,Los Angeles County,1,2021.0,2021-06-30,7.3012024e+07,0.252,0.793
44,Louisiana SERS,Louisiana State Employees' Retirement System,LA,Louisiana,Louisiana,1,2001.0,2001-06-30,6.083654e+06,-0.061,0.742
44,Louisiana SERS,Louisiana State Employees' Retirement System,LA,Louisiana,Louisiana,1,2002.0,2002-06-30,5.619878e+06,-0.057,0.702
44,Louisiana SERS,Louisiana State Employees' Retirement System,LA,Louisiana,Louisiana,1,2003.0,2003-06-30,5.718744e+06,0.042,0.662
44,Louisiana SERS,Louisiana State Employees' Retirement System,LA,Louisiana,Louisiana,1,2004.0,2004-06-30,6.608025e+06,0.18,0.596
44,Louisiana SERS,Louisiana State Employees' Retirement System,LA,Louisiana,Louisiana,1,2005.0,2005-06-30,7.2260545e+06,0.102,0.615
44,Louisiana SERS,Louisiana State Employees' Retirement System,LA,Louisiana,Louisiana,1,2006.0,2006-06-30,8.0085075e+06,0.119,0.643
44,Louisiana SERS,Louisiana State Employees' Retirement System,LA,Louisiana,Louisiana,1,2007.0,2007-06-30,9.351148e+06,0.192,0.672
44,Louisiana SERS,Louisiana State Employees' Retirement System,LA,Louisiana,Louisiana,1,2008.0,2008-06-30,8.957888e+06,-0.038,0.676
44,Louisiana SERS,Louisiana State Employees' Retirement System,LA,Louisiana,Louisiana,1,2009.0,2009-06-30,7.1003335e+06,-0.191,0.608
44,Louisiana SERS,Louisiana State Employees' Retirement System,LA,Louisiana,Louisiana,1,2010.0,2010-06-30,8.064543e+06,0.161,0.577
44,Louisiana SERS,Louisiana State Employees' Retirement System,LA,Louisiana,Louisiana,1,2011.0,2011-06-30,9.703497e+06,0.243,0.576
44,Louisiana SERS,Louisiana State Employees' Retirement System,LA,Louisiana,Louisiana,1,2012.0,2012-06-30,9.515774e+06,0.002,0.559
44,Louisiana SERS,Louisiana State Employees' Retirement System,LA,Louisiana,Louisiana,1,2013.0,2013-06-30,1.0327598e+07,0.126,0.602
44,Louisiana SERS,Louisiana State Employees' Retirement System,LA,Louisiana,Louisiana,1,2014.0,2014-06-30,1.1624853e+07,0.188,0.593
44,Louisiana SERS,Louisiana State Employees' Retirement System,LA,Louisiana,Louisiana,1,2015.0,2015-06-30,1.1415151e+07,0.017,0.6213
44,Louisiana SERS,Louisiana State Employees' Retirement System,LA,Louisiana,Louisiana,1,2016.0,2016-06-30,1.0723715e+07,-0.024,0.6261
44,Louisiana SERS,Louisiana State Employees' Retirement System,LA,Louisiana,Louisiana,1,2017.0,2017-06-30,1.1753276e+07,0.158,0.637
44,Louisiana SERS,Louisiana State Employees' Retirement System,LA,Louisiana,Louisiana,1,2018.0,2018-06-30,1.2283713e+07,0.095,0.647
44,Louisiana SERS,Louisiana State Employees' Retirement System,LA,Louisiana,Louisiana,1,2019.0,2019-06-30,1.2282699e+07,0.044,0.641
44,Louisiana SERS,Louisiana State Employees' Retirement System,LA,Louisiana,Louisiana,1,2020.0,2020-06-30,1.1420711e+07,-0.038,0.641
44,Louisiana SERS,Louisiana State Employees' Retirement System,LA,Louisiana,Louisiana,1,2021.0,2021-06-30,1.4716345e+07,0.356,0.66
45,Louisiana Teachers,Louisiana State Teachers Retirement System,LA,Louisiana,Louisiana,2,2001.0,2001-06-30,1.1854971e+07,-0.041,0.784
45,Louisiana Teachers,Louisiana State Teachers Retirement System,LA,Louisiana,Louisiana,2,2002.0,2002-06-30,1.0628494e+07,-0.076,0.739
45,Louisiana Teachers,Louisiana State Teachers Retirement System,LA,Louisiana,Louisiana,2,2003.0,2003-06-30,1.0520678e+07,0.027,0.688
45,Louisiana Teachers,Louisiana State Teachers Retirement System,LA,Louisiana,Louisiana,2,2004.0,2004-06-30,1.1893397e+07,0.182,0.631
45,Louisiana Teachers,Louisiana State Teachers Retirement System,LA,Louisiana,Louisiana,2,2005.0,2005-06-30,1.2685913e+07,0.109,0.646
45,Louisiana Teachers,Louisiana State Teachers Retirement System,LA,Louisiana,Louisiana,2,2006.0,2006-06-30,1.4007613e+07,0.143,0.675
45,Louisiana Teachers,Louisiana State Teachers Retirement System,LA,Louisiana,Louisiana,2,2007.0,2007-06-30,1.614873e+07,0.197,0.713
45,Louisiana Teachers,Louisiana State Teachers Retirement System,LA,Louisiana,Louisiana,2,2008.0,2008-06-30,1.499625e+07,-0.048,0.702
45,Louisiana Teachers,Louisiana State Teachers Retirement System,LA,Louisiana,Louisiana,2,2009.0,2009-06-30,1.1250281e+07,-0.223,0.591
45,Louisiana Teachers,Louisiana State Teachers Retirement System,LA,Louisiana,Louisiana,2,2010.0,2010-06-30,1.2021431e+07,0.126,0.544
45,Louisiana Teachers,Louisiana State Teachers Retirement System,LA,Louisiana,Louisiana,2,2011.0,2011-06-30,1.4577211e+07,0.268,0.551
45,Louisiana Teachers,Louisiana State Teachers Retirement System,LA,Louisiana,Louisiana,2,2012.0,2012-06-30,1.4188984e+07,0.001,0.554
45,Louisiana Teachers,Louisiana State Teachers Retirement System,LA,Louisiana,Louisiana,2,2013.0,2013-06-30,1.5490237e+07,0.139,0.564
45,Louisiana Teachers,Louisiana State Teachers Retirement System,LA,Louisiana,Louisiana,2,2014.0,2014-06-30,1.7900036e+07,0.199,0.574
45,Louisiana Teachers,Louisiana State Teachers Retirement System,LA,Louisiana,Louisiana,2,2015.0,2015-06-30,1.789638e+07,0.031,0.609
45,Louisiana Teachers,Louisiana State Teachers Retirement System,LA,Louisiana,Louisiana,2,2016.0,2016-06-30,1.753795e+07,0.016,0.624
45,Louisiana Teachers,Louisiana State Teachers Retirement System,LA,Louisiana,Louisiana,2,2017.0,2017-06-30,1.9513346e+07,0.165,0.645
45,Louisiana Teachers,Louisiana State Teachers Retirement System,LA,Louisiana,Louisiana,2,2018.0,2018-06-30,2.1046702e+07,0.121,0.658
45,Louisiana Teachers,Louisiana State Teachers Retirement System,LA,Louisiana,Louisiana,2,2019.0,2019-06-30,2.1652482e+07,0.066,0.671
45,Louisiana Teachers,Louisiana State Teachers Retirement System,LA,Louisiana,Louisiana,2,2020.0,2020-06-30,2.1220586e+07,0.014,0.679
45,Louisiana Teachers,Louisiana State Teachers Retirement System,LA,Louisiana,Louisiana,2,2021.0,2021-06-30,2.7724128e+07,0.364,0.718
46,Maine Local,Maine Public Employees Retirement System - Consolidated Plan for Participating Local Districts,ME,Maine,Maine,1,2001.0,2001-06-30,1.4619379e+06,-0.078,1.082
46,Maine Local,Maine Public Employees Retirement System - Consolidated Plan for Participating Local Districts,ME,Maine,Maine,1,2002.0,2002-06-30,1.466021e+06,-0.075,1.228
46,Maine Local,Maine Public Employees Retirement System - Consolidated Plan for Participating Local Districts,ME,Maine,Maine,1,2003.0,2003-06-30,1.5156208e+06,0.053,1.163
46,Maine Local,Maine Public Employees Retirement System - Consolidated Plan for Participating Local Districts,ME,Maine,Maine,1,2004.0,2004-06-30,1.7277426e+06,0.166,1.121
46,Maine Local,Maine Public Employees Retirement System - Consolidated Plan for Participating Local Districts,ME,Maine,Maine,1,2005.0,2005-06-30,1.8832464e+06,0.118,1.142
46,Maine Local,Maine Public Employees Retirement System - Consolidated Plan for Participating Local Districts,ME,Maine,Maine,1,2006.0,2006-06-30,1.9738162e+06,0.075,1.122
46,Maine Local,Maine Public Employees Retirement System - Consolidated Plan for Participating Local Districts,ME,Maine,Maine,1,2007.0,2007-06-30,2.2441052e+06,0.162,1.136
46,Maine Local,Maine Public Employees Retirement System - Consolidated Plan for Participating Local Districts,ME,Maine,Maine,1,2008.0,2008-06-30,2.1201355e+06,-0.031,1.127
46,Maine Local,Maine Public Employees Retirement System - Consolidated Plan for Participating Local Districts,ME,Maine,Maine,1,2009.0,2009-06-30,1.6569804e+06,-0.188,1.025
46,Maine Local,Maine Public Employees Retirement System - Consolidated Plan for Participating Local Districts,ME,Maine,Maine,1,2010.0,2010-06-30,1.7811535e+06,0.111,0.963
46,Maine Local,Maine Public Employees Retirement System - Consolidated Plan for Participating Local Districts,ME,Maine,Maine,1,2011.0,2011-06-30,2.10508e+06,0.224,0.935
46,Maine Local,Maine Public Employees Retirement System - Consolidated Plan for Participating Local Districts,ME,Maine,Maine,1,2012.0,2012-06-30,2.0339515e+06,0.006,0.888
46,Maine Local,Maine Public Employees Retirement System - Consolidated Plan for Participating Local Districts,ME,Maine,Maine,1,2013.0,2013-06-30,2.192579e+06,0.111,0.884
46,Maine Local,Maine Public Employees Retirement System - Consolidated Plan for Participating Local Districts,ME,Maine,Maine,1,2014.0,2014-06-30,2.4557768e+06,0.167,0.912
46,Maine Local,Maine Public Employees Retirement System - Consolidated Plan for Participating Local Districts,ME,Maine,Maine,1,2015.0,2015-06-30,2.4018892e+06,0.02,0.894
46,Maine Local,Maine Public Employees Retirement System - Consolidated Plan for Participating Local Districts,ME,Maine,Maine,1,2016.0,2016-06-30,2.35841e+06,0.006,0.861
46,Maine Local,Maine Public Employees Retirement System - Consolidated Plan for Participating Local Districts,ME,Maine,Maine,1,2017.0,2017-06-30,2.6072238e+06,0.125,0.865
46,Maine Local,Maine Public Employees Retirement System - Consolidated Plan for Participating Local Districts,ME,Maine,Maine,1,2018.0,2018-06-30,2.8161798e+06,0.103,0.895
46,Maine Local,Maine Public Employees Retirement System - Consolidated Plan for Participating Local Districts,ME,Maine,Maine,1,2019.0,2019-06-30,2.953156e+06,0.073,0.896
46,Maine Local,Maine Public Employees Retirement System - Consolidated Plan for Participating Local Districts,ME,Maine,Maine,1,2020.0,2020-06-30,3.0124282e+06,0.018,0.89852
46,Maine Local,Maine Public Employees Retirement System - Consolidated Plan for Participating Local Districts,ME,Maine,Maine,1,2021.0,2021-06-30,3.7511525e+06,0.265,0.911
47,Maine State and Teacher,Maine Public Employees Retirement System - State and Teacher Retirement Program,ME,Maine,Maine,2,2001.0,2001-06-30,5.566841e+06,-0.078,0.731
47,Maine State and Teacher,Maine Public Employees Retirement System - State and Teacher Retirement Program,ME,Maine,Maine,2,2002.0,2002-06-30,5.166281e+06,-0.075,0.696
47,Maine State and Teacher,Maine Public Employees Retirement System - State and Teacher Retirement Program,ME,Maine,Maine,2,2003.0,2003-06-30,5.4596235e+06,0.053,0.676
47,Maine State and Teacher,Maine Public Employees Retirement System - State and Teacher Retirement Program,ME,Maine,Maine,2,2004.0,2004-06-30,6.365779e+06,0.166,0.685
47,Maine State and Teacher,Maine Public Employees Retirement System - State and Teacher Retirement Program,ME,Maine,Maine,2,2005.0,2005-06-30,7.0472865e+06,0.118,0.698
47,Maine State and Teacher,Maine Public Employees Retirement System - State and Teacher Retirement Program,ME,Maine,Maine,2,2006.0,2006-06-30,7.555514e+06,0.075,0.713
47,Maine State and Teacher,Maine Public Employees Retirement System - State and Teacher Retirement Program,ME,Maine,Maine,2,2007.0,2007-06-30,8.72831e+06,0.162,0.741
47,Maine State and Teacher,Maine Public Employees Retirement System - State and Teacher Retirement Program,ME,Maine,Maine,2,2008.0,2008-06-30,8.369297e+06,-0.031,0.741
47,Maine State and Teacher,Maine Public Employees Retirement System - State and Teacher Retirement Program,ME,Maine,Maine,2,2009.0,2009-06-30,6.652767e+06,-0.188,0.677
47,Maine State and Teacher,Maine Public Employees Retirement System - State and Teacher Retirement Program,ME,Maine,Maine,2,2010.0,2010-06-30,7.28832e+06,0.111,0.66
47,Maine State and Teacher,Maine Public Employees Retirement System - State and Teacher Retirement Program,ME,Maine,Maine,2,2011.0,2011-06-30,8.735589e+06,0.224,0.776
47,Maine State and Teacher,Maine Public Employees Retirement System - State and Teacher Retirement Program,ME,Maine,Maine,2,2012.0,2012-06-30,8.51011e+06,0.006,0.77
47,Maine State and Teacher,Maine Public Employees Retirement System - State and Teacher Retirement Program,ME,Maine,Maine,2,2013.0,2013-06-30,9.151643e+06,0.111,0.777
47,Maine State and Teacher,Maine Public Employees Retirement System - State and Teacher Retirement Program,ME,Maine,Maine,2,2014.0,2014-06-30,1.0405949e+07,0.167,0.814
47,Maine State and Teacher,Maine Public Employees Retirement System - State and Teacher Retirement Program,ME,Maine,Maine,2,2015.0,2015-06-30,1.0242106e+07,0.02,0.822
47,Maine State and Teacher,Maine Public Employees Retirement System - State and Teacher Retirement Program,ME,Maine,Maine,2,2016.0,2016-06-30,9.960346e+06,0.006,0.804
47,Maine State and Teacher,Maine Public Employees Retirement System - State and Teacher Retirement Program,ME,Maine,Maine,2,2017.0,2017-06-30,1.0893305e+07,0.125,0.809
47,Maine State and Teacher,Maine Public Employees Retirement System - State and Teacher Retirement Program,ME,Maine,Maine,2,2018.0,2018-06-30,1.1632193e+07,0.103,0.814
47,Maine State and Teacher,Maine Public Employees Retirement System - State and Teacher Retirement Program,ME,Maine,Maine,2,2019.0,2019-06-30,1.2035565e+07,0.073,0.818
47,Maine State and Teacher,Maine Public Employees Retirement System - State and Teacher Retirement Program,ME,Maine,Maine,2,2020.0,2020-06-30,1.2044919e+07,0.018,0.824
47,Maine State and Teacher,Maine Public Employees Retirement System - State and Teacher Retirement Program,ME,Maine,Maine,2,2021.0,2021-06-30,1.490065e+07,0.265,0.821
48,Maryland PERS,Maryland State Retirement and Pension System - Employees Combined System,MD,Maryland,Maryland,1,2001.0,2001-06-30,1.0163432e+07,-0.094,1.0215
48,Maryland PERS,Maryland State Retirement and Pension System - Employees Combined System,MD,Maryland,Maryland,1,2002.0,2002-06-30,9.147398e+06,-0.076,0.9804
48,Maryland PERS,Maryland State Retirement and Pension System - Employees Combined System,MD,Maryland,Maryland,1,2003.0,2003-06-30,9.235894e+06,0.032,0.9305
48,Maryland PERS,Maryland State Retirement and Pension System - Employees Combined System,MD,Maryland,Maryland,1,2004.0,2004-06-30,1.0395823e+07,0.162,0.9123
48,Maryland PERS,Maryland State Retirement and Pension System - Employees Combined System,MD,Maryland,Maryland,1,2005.0,2005-06-30,1.1032042e+07,0.095,0.8672
48,Maryland PERS,Maryland State Retirement and Pension System - Employees Combined System,MD,Maryland,Maryland,1,2006.0,2006-06-30,1.1821366e+07,0.104,0.8036
48,Maryland PERS,Maryland State Retirement and Pension System - Employees Combined System,MD,Maryland,Maryland,1,2007.0,2007-06-30,1.3581332e+07,0.176,0.795
48,Maryland PERS,Maryland State Retirement and Pension System - Employees Combined System,MD,Maryland,Maryland,1,2008.0,2008-06-30,1.2617282e+07,-0.054,0.7723
48,Maryland PERS,Maryland State Retirement and Pension System - Employees Combined System,MD,Maryland,Maryland,1,2009.0,2009-06-30,9.872074e+06,-0.2,0.6393
48,Maryland PERS,Maryland State Retirement and Pension System - Employees Combined System,MD,Maryland,Maryland,1,2010.0,2010-06-30,1.0983303e+07,0.1403,0.628
48,Maryland PERS,Maryland State Retirement and Pension System - Employees Combined System,MD,Maryland,Maryland,1,2011.0,2011-06-30,1.2861149e+07,0.2,0.6281
48,Maryland PERS,Maryland State Retirement and Pension System - Employees Combined System,MD,Maryland,Maryland,1,2012.0,2012-06-30,1.2642243e+07,0.0036,0.6245
48,Maryland PERS,Maryland State Retirement and Pension System - Employees Combined System,MD,Maryland,Maryland,1,2013.0,2013-06-30,1.3686874e+07,0.1057,0.6332
48,Maryland PERS,Maryland State Retirement and Pension System - Employees Combined System,MD,Maryland,Maryland,1,2014.0,2014-06-30,1.5365014e+07,0.1437,0.6595
48,Maryland PERS,Maryland State Retirement and Pension System - Employees Combined System,MD,Maryland,Maryland,1,2015.0,2015-06-30,1.5510791e+07,0.027,0.6672
48,Maryland PERS,Maryland State Retirement and Pension System - Employees Combined System,MD,Maryland,Maryland,1,2016.0,2016-06-30,1.5331453e+07,0.012,0.6773
48,Maryland PERS,Maryland State Retirement and Pension System - Employees Combined System,MD,Maryland,Maryland,1,2017.0,2017-06-30,1.6540665e+07,0.1,0.6892
48,Maryland PERS,Maryland State Retirement and Pension System - Employees Combined System,MD,Maryland,Maryland,1,2018.0,2018-06-30,1.745294e+07,0.0806,0.6944
48,Maryland PERS,Maryland State Retirement and Pension System - Employees Combined System,MD,Maryland,Maryland,1,2019.0,2019-06-30,1.80954e+07,0.0646,0.6834
48,Maryland PERS,Maryland State Retirement and Pension System - Employees Combined System,MD,Maryland,Maryland,1,2020.0,2020-06-30,1.8250836e+07,0.0357,0.6869
48,Maryland PERS,Maryland State Retirement and Pension System - Employees Combined System,MD,Maryland,Maryland,1,2021.0,2021-06-30,2.257749e+07,0.2669,0.721
49,Maryland Teachers,Maryland State Retirement and Pension System - Teachers Combined System,MD,Maryland,Maryland,2,2001.0,2001-06-30,1.775742e+07,-0.094,0.9531
49,Maryland Teachers,Maryland State Retirement and Pension System - Teachers Combined System,MD,Maryland,Maryland,2,2002.0,2002-06-30,1.6052072e+07,-0.076,0.9198
49,Maryland Teachers,Maryland State Retirement and Pension System - Teachers Combined System,MD,Maryland,Maryland,2,2003.0,2003-06-30,1.6108367e+07,0.032,0.9279
49,Maryland Teachers,Maryland State Retirement and Pension System - Teachers Combined System,MD,Maryland,Maryland,2,2004.0,2004-06-30,1.8187296e+07,0.162,0.9278
49,Maryland Teachers,Maryland State Retirement and Pension System - Teachers Combined System,MD,Maryland,Maryland,2,2005.0,2005-06-30,1.9357872e+07,0.095,0.8926
49,Maryland Teachers,Maryland State Retirement and Pension System - Teachers Combined System,MD,Maryland,Maryland,2,2006.0,2006-06-30,2.0741518e+07,0.104,0.8422
49,Maryland Teachers,Maryland State Retirement and Pension System - Teachers Combined System,MD,Maryland,Maryland,2,2007.0,2007-06-30,2.3778e+07,0.176,0.8113
49,Maryland Teachers,Maryland State Retirement and Pension System - Teachers Combined System,MD,Maryland,Maryland,2,2008.0,2008-06-30,2.205896e+07,-0.054,0.7963
49,Maryland Teachers,Maryland State Retirement and Pension System - Teachers Combined System,MD,Maryland,Maryland,2,2009.0,2009-06-30,1.7171348e+07,-0.2,0.661
49,Maryland Teachers,Maryland State Retirement and Pension System - Teachers Combined System,MD,Maryland,Maryland,2,2010.0,2010-06-30,1.925651e+07,0.1403,0.6541
49,Maryland Teachers,Maryland State Retirement and Pension System - Teachers Combined System,MD,Maryland,Maryland,2,2011.0,2011-06-30,2.2764946e+07,0.2,0.663
49,Maryland Teachers,Maryland State Retirement and Pension System - Teachers Combined System,MD,Maryland,Maryland,2,2012.0,2012-06-30,2.2501532e+07,0.0036,0.6576
49,Maryland Teachers,Maryland State Retirement and Pension System - Teachers Combined System,MD,Maryland,Maryland,2,2013.0,2013-06-30,2.4469624e+07,0.1057,0.6711
49,Maryland Teachers,Maryland State Retirement and Pension System - Teachers Combined System,MD,Maryland,Maryland,2,2014.0,2014-06-30,2.7491056e+07,0.1437,0.7068
49,Maryland Teachers,Maryland State Retirement and Pension System - Teachers Combined System,MD,Maryland,Maryland,2,2015.0,2015-06-30,2.7763928e+07,0.027,0.719
49,Maryland Teachers,Maryland State Retirement and Pension System - Teachers Combined System,MD,Maryland,Maryland,2,2016.0,2016-06-30,2.7542212e+07,0.012,0.7267
49,Maryland Teachers,Maryland State Retirement and Pension System - Teachers Combined System,MD,Maryland,Maryland,2,2017.0,2017-06-30,2.9731192e+07,0.1,0.7403
49,Maryland Teachers,Maryland State Retirement and Pension System - Teachers Combined System,MD,Maryland,Maryland,2,2018.0,2018-06-30,3.1480454e+07,0.0806,0.7475
49,Maryland Teachers,Maryland State Retirement and Pension System - Teachers Combined System,MD,Maryland,Maryland,2,2019.0,2019-06-30,3.2802928e+07,0.0646,0.7622
49,Maryland Teachers,Maryland State Retirement and Pension System - Teachers Combined System,MD,Maryland,Maryland,2,2020.0,2020-06-30,3.3215012e+07,0.0357,0.7699
49,Maryland Teachers,Maryland State Retirement and Pension System - Teachers Combined System,MD,Maryland,Maryland,2,2021.0,2021-06-30,4.1120784e+07,0.2669,0.8023
50,Massachusetts SRS,Massachusetts State Retirement System,MA,Massachusetts,Massachusetts,1,2001.0,2001-06-30,1.4293279e+07,-0.066,0.918
50,Massachusetts SRS,Massachusetts State Retirement System,MA,Massachusetts,Massachusetts,1,2002.0,2002-06-30,1.35975e+07,-0.0649,0.94
50,Massachusetts SRS,Massachusetts State Retirement System,MA,Massachusetts,Massachusetts,1,2003.0,2003-06-30,1.2128062e+07,0.0402,0.795
50,Massachusetts SRS,Massachusetts State Retirement System,MA,Massachusetts,Massachusetts,1,2004.0,2004-06-30,1.4834328e+07,0.1943,0.839
50,Massachusetts SRS,Massachusetts State Retirement System,MA,Massachusetts,Massachusetts,1,2005.0,2005-06-30,1.6489206e+07,0.1339,0.828
50,Massachusetts SRS,Massachusetts State Retirement System,MA,Massachusetts,Massachusetts,1,2006.0,2006-06-30,1.814323e+07,0.1549,0.815
50,Massachusetts SRS,Massachusetts State Retirement System,MA,Massachusetts,Massachusetts,1,2007.0,2007-06-30,2.1853788e+07,0.1995,0.851
50,Massachusetts SRS,Massachusetts State Retirement System,MA,Massachusetts,Massachusetts,1,2008.0,2008-06-30,2.1001124e+07,-0.0182,0.894
50,Massachusetts SRS,Massachusetts State Retirement System,MA,Massachusetts,Massachusetts,1,2009.0,2009-06-30,1.5390692e+07,-0.2391,0.716
50,Massachusetts SRS,Massachusetts State Retirement System,MA,Massachusetts,Massachusetts,1,2010.0,2010-06-30,1.6992656e+07,0.1286,0.765
50,Massachusetts SRS,Massachusetts State Retirement System,MA,Massachusetts,Massachusetts,1,2011.0,2011-06-30,2.0081648e+07,0.2236,0.81
50,Massachusetts SRS,Massachusetts State Retirement System,MA,Massachusetts,Massachusetts,1,2012.0,2012-06-30,1.9396012e+07,-0.0008,0.738
50,Massachusetts SRS,Massachusetts State Retirement System,MA,Massachusetts,Massachusetts,1,2013.0,2013-06-30,2.1084958e+07,0.1273,0.691
50,Massachusetts SRS,Massachusetts State Retirement System,MA,Massachusetts,Massachusetts,1,2014.0,2014-06-30,2.3930896e+07,0.176,0.703
50,Massachusetts SRS,Massachusetts State Retirement System,MA,Massachusetts,Massachusetts,1,2015.0,2015-06-30,2.4042584e+07,0.0387,0.675
50,Massachusetts SRS,Massachusetts State Retirement System,MA,Massachusetts,Massachusetts,1,2016.0,2016-06-30,2.3971156e+07,0.023,0.635
50,Massachusetts SRS,Massachusetts State Retirement System,MA,Massachusetts,Massachusetts,1,2017.0,2017-06-30,2.6282232e+07,0.1324,0.647
50,Massachusetts SRS,Massachusetts State Retirement System,MA,Massachusetts,Massachusetts,1,2018.0,2018-06-30,2.799502e+07,0.1,0.649
50,Massachusetts SRS,Massachusetts State Retirement System,MA,Massachusetts,Massachusetts,1,2019.0,2019-06-30,2.8763796e+07,0.0613,0.637
50,Massachusetts SRS,Massachusetts State Retirement System,MA,Massachusetts,Massachusetts,1,2020.0,2020-06-30,2.85673e+07,0.0238,0.63997
50,Massachusetts SRS,Massachusetts State Retirement System,MA,Massachusetts,Massachusetts,1,2021.0,2021-06-30,3.603947e+07,0.3001,0.665
51,Massachusetts Teachers,Massachusetts Teachers’ Retirement System,MA,Massachusetts,Massachusetts,2,2001.0,2001-06-30,1.5210068e+07,-0.066,0.792
51,Massachusetts Teachers,Massachusetts Teachers’ Retirement System,MA,Massachusetts,Massachusetts,2,2002.0,2002-06-30,1.4219129e+07,-0.0649,0.762
51,Massachusetts Teachers,Massachusetts Teachers’ Retirement System,MA,Massachusetts,Massachusetts,2,2003.0,2003-06-30,1.2836738e+07,0.0402,0.645
51,Massachusetts Teachers,Massachusetts Teachers’ Retirement System,MA,Massachusetts,Massachusetts,2,2004.0,2004-06-30,1.5906669e+07,0.1943,0.696
51,Massachusetts Teachers,Massachusetts Teachers’ Retirement System,MA,Massachusetts,Massachusetts,2,2005.0,2005-06-30,1.794634e+07,0.1339,0.676
51,Massachusetts Teachers,Massachusetts Teachers’ Retirement System,MA,Massachusetts,Massachusetts,2,2006.0,2006-06-30,2.1513774e+07,0.1549,0.672
51,Massachusetts Teachers,Massachusetts Teachers’ Retirement System,MA,Massachusetts,Massachusetts,2,2007.0,2007-06-30,2.4578488e+07,0.1995,0.71
51,Massachusetts Teachers,Massachusetts Teachers’ Retirement System,MA,Massachusetts,Massachusetts,2,2008.0,2008-06-30,2.3553322e+07,-0.0182,0.739
51,Massachusetts Teachers,Massachusetts Teachers’ Retirement System,MA,Massachusetts,Massachusetts,2,2009.0,2009-06-30,1.7310228e+07,-0.2391,0.582
51,Massachusetts Teachers,Massachusetts Teachers’ Retirement System,MA,Massachusetts,Massachusetts,2,2010.0,2010-06-30,1.8659904e+07,0.1286,0.63
51,Massachusetts Teachers,Massachusetts Teachers’ Retirement System,MA,Massachusetts,Massachusetts,2,2011.0,2011-06-30,2.1896376e+07,0.2236,0.663
51,Massachusetts Teachers,Massachusetts Teachers’ Retirement System,MA,Massachusetts,Massachusetts,2,2012.0,2012-06-30,2.0913624e+07,-0.0008,0.607
51,Massachusetts Teachers,Massachusetts Teachers’ Retirement System,MA,Massachusetts,Massachusetts,2,2013.0,2013-06-30,2.2697302e+07,0.1273,0.557
51,Massachusetts Teachers,Massachusetts Teachers’ Retirement System,MA,Massachusetts,Massachusetts,2,2014.0,2014-06-30,2.5538646e+07,0.176,0.563
51,Massachusetts Teachers,Massachusetts Teachers’ Retirement System,MA,Massachusetts,Massachusetts,2,2015.0,2015-06-30,2.5429068e+07,0.0387,0.543
51,Massachusetts Teachers,Massachusetts Teachers’ Retirement System,MA,Massachusetts,Massachusetts,2,2016.0,2016-06-30,2.4942072e+07,0.023,0.528
51,Massachusetts Teachers,Massachusetts Teachers’ Retirement System,MA,Massachusetts,Massachusetts,2,2017.0,2017-06-30,2.7138608e+07,0.1324,0.521
51,Massachusetts Teachers,Massachusetts Teachers’ Retirement System,MA,Massachusetts,Massachusetts,2,2018.0,2018-06-30,2.8791712e+07,0.1,0.524
51,Massachusetts Teachers,Massachusetts Teachers’ Retirement System,MA,Massachusetts,Massachusetts,2,2019.0,2019-06-30,2.953698e+07,0.0613,0.517
51,Massachusetts Teachers,Massachusetts Teachers’ Retirement System,MA,Massachusetts,Massachusetts,2,2020.0,2020-06-30,2.9317996e+07,0.0238,0.5147
51,Massachusetts Teachers,Massachusetts Teachers’ Retirement System,MA,Massachusetts,Massachusetts,2,2021.0,2021-06-30,3.7088124e+07,0.3001,0.53
52,Michigan Municipal,Municipal Employees' Retirement System of Michigan,MI,Michigan,Michigan,1,2001.0,2001-12-31,3.6478208e+06,-0.021,0.84333
52,Michigan Municipal,Municipal Employees' Retirement System of Michigan,MI,Michigan,Michigan,1,2002.0,2002-12-31,3.2853042e+06,-0.086,0.79769
52,Michigan Municipal,Municipal Employees' Retirement System of Michigan,MI,Michigan,Michigan,1,2003.0,2003-12-31,4.0719972e+06,0.247,0.78683
52,Michigan Municipal,Municipal Employees' Retirement System of Michigan,MI,Michigan,Michigan,1,2004.0,2004-12-31,4.6194955e+06,0.068,0.76749
52,Michigan Municipal,Municipal Employees' Retirement System of Michigan,MI,Michigan,Michigan,1,2005.0,2005-12-31,4.907442e+06,0.068,0.76048
52,Michigan Municipal,Municipal Employees' Retirement System of Michigan,MI,Michigan,Michigan,1,2006.0,2006-12-31,5.5900425e+06,0.136,0.76432
52,Michigan Municipal,Municipal Employees' Retirement System of Michigan,MI,Michigan,Michigan,1,2007.0,2007-12-31,6.066337e+06,0.086,0.7733
52,Michigan Municipal,Municipal Employees' Retirement System of Michigan,MI,Michigan,Michigan,1,2008.0,2008-12-31,4.512261e+06,-0.248,0.75054
52,Michigan Municipal,Municipal Employees' Retirement System of Michigan,MI,Michigan,Michigan,1,2009.0,2009-12-31,5.2766455e+06,0.173,0.75489
52,Michigan Municipal,Municipal Employees' Retirement System of Michigan,MI,Michigan,Michigan,1,2010.0,2010-12-31,5.973039e+06,0.1443,0.74541
52,Michigan Municipal,Municipal Employees' Retirement System of Michigan,MI,Michigan,Michigan,1,2011.0,2011-12-31,5.9379045e+06,0.023,0.72633
52,Michigan Municipal,Municipal Employees' Retirement System of Michigan,MI,Michigan,Michigan,1,2012.0,2012-12-31,6.872454e+06,0.1139,0.7139
52,Michigan Municipal,Municipal Employees' Retirement System of Michigan,MI,Michigan,Michigan,1,2013.0,2013-12-31,7.676016e+06,0.15,0.71744
52,Michigan Municipal,Municipal Employees' Retirement System of Michigan,MI,Michigan,Michigan,1,2014.0,2014-12-31,8.077998e+06,0.0668,0.70595
52,Michigan Municipal,Municipal Employees' Retirement System of Michigan,MI,Michigan,Michigan,1,2015.0,2015-12-31,7.886586e+06,-0.0102,0.66523
52,Michigan Municipal,Municipal Employees' Retirement System of Michigan,MI,Michigan,Michigan,1,2016.0,2016-12-31,8.473498e+06,0.1085,0.66782
52,Michigan Municipal,Municipal Employees' Retirement System of Michigan,MI,Michigan,Michigan,1,2017.0,2017-12-31,9.476123e+06,0.132,0.67719
52,Michigan Municipal,Municipal Employees' Retirement System of Michigan,MI,Michigan,Michigan,1,2018.0,2018-12-31,8.967305e+06,-0.0364,0.67998
52,Michigan Municipal,Municipal Employees' Retirement System of Michigan,MI,Michigan,Michigan,1,2019.0,2019-12-31,9.915328e+06,0.1402,0.6577
52,Michigan Municipal,Municipal Employees' Retirement System of Michigan,MI,Michigan,Michigan,1,2020.0,2020-12-31,1.113685e+07,0.1359,0.65979
52,Michigan Municipal,Municipal Employees' Retirement System of Michigan,MI,Michigan,Michigan,1,2021.0,2021-12-31,1.2580836e+07,0.1413,0.7276
53,Michigan Public Schools,Michigan Public School Employees’ Retirement System,MI,Michigan,Michigan,2,2001.0,2001-09-30,3.4810224e+07,-0.115,0.965
53,Michigan Public Schools,Michigan Public School Employees’ Retirement System,MI,Michigan,Michigan,2,2002.0,2002-09-30,3.000803e+07,-0.105,0.915
53,Michigan Public Schools,Michigan Public School Employees’ Retirement System,MI,Michigan,Michigan,2,2003.0,2003-09-30,3.3399858e+07,0.148,0.865
53,Michigan Public Schools,Michigan Public School Employees’ Retirement System,MI,Michigan,Michigan,2,2004.0,2004-09-30,3.6288508e+07,0.126,0.837
53,Michigan Public Schools,Michigan Public School Employees’ Retirement System,MI,Michigan,Michigan,2,2005.0,2005-09-30,3.936145e+07,0.128,0.793
53,Michigan Public Schools,Michigan Public School Employees’ Retirement System,MI,Michigan,Michigan,2,2006.0,2006-09-30,4.299541e+07,0.128,0.875
53,Michigan Public Schools,Michigan Public School Employees’ Retirement System,MI,Michigan,Michigan,2,2007.0,2007-09-30,4.8362932e+07,0.172,0.887
53,Michigan Public Schools,Michigan Public School Employees’ Retirement System,MI,Michigan,Michigan,2,2008.0,2008-09-30,3.906574e+07,-0.123,0.836
53,Michigan Public Schools,Michigan Public School Employees’ Retirement System,MI,Michigan,Michigan,2,2009.0,2009-09-30,3.449838e+07,-0.061,0.789
53,Michigan Public Schools,Michigan Public School Employees’ Retirement System,MI,Michigan,Michigan,2,2010.0,2010-09-30,3.5855476e+07,0.088,0.711
53,Michigan Public Schools,Michigan Public School Employees’ Retirement System,MI,Michigan,Michigan,2,2011.0,2011-09-30,3.4674652e+07,0.066,0.647
53,Michigan Public Schools,Michigan Public School Employees’ Retirement System,MI,Michigan,Michigan,2,2012.0,2012-09-30,3.7700412e+07,0.135,0.613
53,Michigan Public Schools,Michigan Public School Employees’ Retirement System,MI,Michigan,Michigan,2,2013.0,2013-09-30,4.001554e+07,0.125,0.596
53,Michigan Public Schools,Michigan Public School Employees’ Retirement System,MI,Michigan,Michigan,2,2014.0,2014-09-30,4.3773188e+07,0.156,0.599
53,Michigan Public Schools,Michigan Public School Employees’ Retirement System,MI,Michigan,Michigan,2,2015.0,2015-09-30,4.238236e+07,0.0214,0.605
53,Michigan Public Schools,Michigan Public School Employees’ Retirement System,MI,Michigan,Michigan,2,2016.0,2016-09-30,4.346058e+07,0.076,0.597
53,Michigan Public Schools,Michigan Public School Employees’ Retirement System,MI,Michigan,Michigan,2,2017.0,2017-09-30,4.7011784e+07,0.138,0.616
53,Michigan Public Schools,Michigan Public School Employees’ Retirement System,MI,Michigan,Michigan,2,2018.0,2018-09-30,5.0343496e+07,0.116,0.607
53,Michigan Public Schools,Michigan Public School Employees’ Retirement System,MI,Michigan,Michigan,2,2019.0,2019-09-30,5.085717e+07,0.051,0.604
53,Michigan Public Schools,Michigan Public School Employees’ Retirement System,MI,Michigan,Michigan,2,2020.0,2020-09-30,5.1456228e+07,0.05,0.609
53,Michigan Public Schools,Michigan Public School Employees’ Retirement System,MI,Michigan,Michigan,2,2021.0,2021-09-30,6.3332156e+07,0.272,0.641
54,Michigan SERS,Michigan State Employees’ Retirement System,MI,Michigan,Michigan,1,2001.0,2001-09-30,9.616517e+06,-0.115,1.076
54,Michigan SERS,Michigan State Employees’ Retirement System,MI,Michigan,Michigan,1,2002.0,2002-09-30,8.274112e+06,-0.103,0.987
54,Michigan SERS,Michigan State Employees’ Retirement System,MI,Michigan,Michigan,1,2003.0,2003-09-30,8.924267e+06,0.147,0.888
54,Michigan SERS,Michigan State Employees’ Retirement System,MI,Michigan,Michigan,1,2004.0,2004-09-30,9.428464e+06,0.124,0.845
54,Michigan SERS,Michigan State Employees’ Retirement System,MI,Michigan,Michigan,1,2005.0,2005-09-30,1.0132826e+07,0.128,0.798
54,Michigan SERS,Michigan State Employees’ Retirement System,MI,Michigan,Michigan,1,2006.0,2006-09-30,1.0889925e+07,0.128,0.851
54,Michigan SERS,Michigan State Employees’ Retirement System,MI,Michigan,Michigan,1,2007.0,2007-09-30,1.2103057e+07,0.172,0.862
54,Michigan SERS,Michigan State Employees’ Retirement System,MI,Michigan,Michigan,1,2008.0,2008-09-30,9.781239e+06,-0.125,0.828
54,Michigan SERS,Michigan State Employees’ Retirement System,MI,Michigan,Michigan,1,2009.0,2009-09-30,8.583155e+06,-0.063,0.78
54,Michigan SERS,Michigan State Employees’ Retirement System,MI,Michigan,Michigan,1,2010.0,2010-09-30,8.940142e+06,0.085,0.726
54,Michigan SERS,Michigan State Employees’ Retirement System,MI,Michigan,Michigan,1,2011.0,2011-09-30,8.654575e+06,0.065,0.655
54,Michigan SERS,Michigan State Employees’ Retirement System,MI,Michigan,Michigan,1,2012.0,2012-09-30,9.272336e+06,0.134,0.603
54,Michigan SERS,Michigan State Employees’ Retirement System,MI,Michigan,Michigan,1,2013.0,2013-09-30,9.922516e+06,0.125,0.603
54,Michigan SERS,Michigan State Employees’ Retirement System,MI,Michigan,Michigan,1,2014.0,2014-09-30,1.0974806e+07,0.155,0.616
54,Michigan SERS,Michigan State Employees’ Retirement System,MI,Michigan,Michigan,1,2015.0,2015-09-30,1.0731918e+07,0.026,0.642
54,Michigan SERS,Michigan State Employees’ Retirement System,MI,Michigan,Michigan,1,2016.0,2016-09-30,1.0980343e+07,0.076,0.643
54,Michigan SERS,Michigan State Employees’ Retirement System,MI,Michigan,Michigan,1,2017.0,2017-09-30,1.1807059e+07,0.138,0.665
54,Michigan SERS,Michigan State Employees’ Retirement System,MI,Michigan,Michigan,1,2018.0,2018-09-30,1.2398002e+07,0.114,0.658
54,Michigan SERS,Michigan State Employees’ Retirement System,MI,Michigan,Michigan,1,2019.0,2019-09-30,1.2227892e+07,0.051,0.654
54,Michigan SERS,Michigan State Employees’ Retirement System,MI,Michigan,Michigan,1,2020.0,2020-09-30,1.2027536e+07,0.05,0.656
54,Michigan SERS,Michigan State Employees’ Retirement System,MI,Michigan,Michigan,1,2021.0,2021-09-30,1.4481588e+07,0.273,0.691
55,Minneapolis ERF,Minneapolis Employees Retirement Fund,MN,Minnesota,Minneapolis,1,2001.0,2001-06-30,1.4637316e+06,-0.063,0.9327
55,Minneapolis ERF,Minneapolis Employees Retirement Fund,MN,Minnesota,Minneapolis,1,2002.0,2002-06-30,1.2503208e+06,-0.073,0.9235
55,Minneapolis ERF,Minneapolis Employees Retirement Fund,MN,Minnesota,Minneapolis,1,2003.0,2003-06-30,1.1949405e+06,0.022,0.9231
55,Minneapolis ERF,Minneapolis Employees Retirement Fund,MN,Minnesota,Minneapolis,1,2004.0,2004-06-30,1.2827174e+06,0.165,0.921
55,Minneapolis ERF,Minneapolis Employees Retirement Fund,MN,Minnesota,Minneapolis,1,2005.0,2005-06-30,1.288106e+06,0.104,0.9171
55,Minneapolis ERF,Minneapolis Employees Retirement Fund,MN,Minnesota,Minneapolis,1,2006.0,2006-06-30,1.3140096e+06,0.104,0.9213
55,Minneapolis ERF,Minneapolis Employees Retirement Fund,MN,Minnesota,Minneapolis,1,2007.0,2007-06-30,1.4057096e+06,0.169,0.859
55,Minneapolis ERF,Minneapolis Employees Retirement Fund,MN,Minnesota,Minneapolis,1,2008.0,2008-06-30,1.2113202e+06,-0.05,0.7642
55,Minneapolis ERF,Minneapolis Employees Retirement Fund,MN,Minnesota,Minneapolis,1,2009.0,2009-06-30,853375.5,-0.175,0.5588
55,Minneapolis ERF,Minneapolis Employees Retirement Fund,MN,Minnesota,Minneapolis,1,2010.0,2010-06-30,844033.0,0.152,0.6562
55,Minneapolis ERF,Minneapolis Employees Retirement Fund,MN,Minnesota,Minneapolis,1,2011.0,2011-06-30,910987.0,0.233,0.7354
55,Minneapolis ERF,Minneapolis Employees Retirement Fund,MN,Minnesota,Minneapolis,1,2012.0,2012-06-30,842811.0,0.024,0.691
55,Minneapolis ERF,Minneapolis Employees Retirement Fund,MN,Minnesota,Minneapolis,1,2013.0,2013-06-30,868813.0,0.142,0.7444
55,Minneapolis ERF,Minneapolis Employees Retirement Fund,MN,Minnesota,Minneapolis,1,2014.0,2014-06-30,935946.0,0.186,0.8203
56,Minnesota GERF,Minnesota General Employees Retirement Plan,MN,Minnesota,Minnesota,1,2001.0,2001-06-30,9.930076e+06,-0.071,0.87
56,Minnesota GERF,Minnesota General Employees Retirement Plan,MN,Minnesota,Minnesota,1,2002.0,2002-06-30,8.897462e+06,-0.08,0.85
56,Minnesota GERF,Minnesota General Employees Retirement Plan,MN,Minnesota,Minnesota,1,2003.0,2003-06-30,8.835789e+06,0.024,0.813
56,Minnesota GERF,Minnesota General Employees Retirement Plan,MN,Minnesota,Minnesota,1,2004.0,2004-06-30,9.995086e+06,0.165,0.767
56,Minnesota GERF,Minnesota General Employees Retirement Plan,MN,Minnesota,Minnesota,1,2005.0,2005-06-30,1.0745699e+07,0.107,0.745
56,Minnesota GERF,Minnesota General Employees Retirement Plan,MN,Minnesota,Minnesota,1,2006.0,2006-06-30,1.1785556e+07,0.123,0.747
56,Minnesota GERF,Minnesota General Employees Retirement Plan,MN,Minnesota,Minnesota,1,2007.0,2007-06-30,1.3718459e+07,0.183,0.7334
56,Minnesota GERF,Minnesota General Employees Retirement Plan,MN,Minnesota,Minnesota,1,2008.0,2008-06-30,1.2770183e+07,-0.05,0.736
56,Minnesota GERF,Minnesota General Employees Retirement Plan,MN,Minnesota,Minnesota,1,2009.0,2009-06-30,1.0116852e+07,-0.188,0.6999
56,Minnesota GERF,Minnesota General Employees Retirement Plan,MN,Minnesota,Minnesota,1,2010.0,2010-06-30,1.1338582e+07,0.152,0.764
56,Minnesota GERF,Minnesota General Employees Retirement Plan,MN,Minnesota,Minnesota,1,2011.0,2011-06-30,1.3616622e+07,0.233,0.7518
56,Minnesota GERF,Minnesota General Employees Retirement Plan,MN,Minnesota,Minnesota,1,2012.0,2012-06-30,1.3577653e+07,0.024,0.7345
56,Minnesota GERF,Minnesota General Employees Retirement Plan,MN,Minnesota,Minnesota,1,2013.0,2013-06-30,1.5084608e+07,0.142,0.7282
56,Minnesota GERF,Minnesota General Employees Retirement Plan,MN,Minnesota,Minnesota,1,2014.0,2014-06-30,1.7404822e+07,0.186,0.7351
56,Minnesota GERF,Minnesota General Employees Retirement Plan,MN,Minnesota,Minnesota,1,2015.0,2015-06-30,1.8581796e+07,0.044,0.7629
56,Minnesota GERF,Minnesota General Employees Retirement Plan,MN,Minnesota,Minnesota,1,2016.0,2016-06-30,1.7995148e+07,-0.001,0.7552
56,Minnesota GERF,Minnesota General Employees Retirement Plan,MN,Minnesota,Minnesota,1,2017.0,2017-06-30,2.010058e+07,0.151,0.7775
56,Minnesota GERF,Minnesota General Employees Retirement Plan,MN,Minnesota,Minnesota,1,2018.0,2018-06-30,2.1553476e+07,0.103,0.7797
56,Minnesota GERF,Minnesota General Employees Retirement Plan,MN,Minnesota,Minnesota,1,2019.0,2019-06-30,2.2440968e+07,0.073,0.7858
56,Minnesota GERF,Minnesota General Employees Retirement Plan,MN,Minnesota,Minnesota,1,2020.0,2020-06-30,2.263146e+07,0.042,0.7962
56,Minnesota GERF,Minnesota General Employees Retirement Plan,MN,Minnesota,Minnesota,1,2021.0,2021-06-30,2.8587652e+07,0.303,0.8526
57,Minnesota State Employees,Minnesota State Employees Retirement Fund,MN,Minnesota,Minnesota,1,2001.0,2001-06-30,6.890858e+06,-0.071,1.1207
57,Minnesota State Employees,Minnesota State Employees Retirement Fund,MN,Minnesota,Minnesota,1,2002.0,2002-06-30,6.199716e+06,-0.082,1.0453
57,Minnesota State Employees,Minnesota State Employees Retirement Fund,MN,Minnesota,Minnesota,1,2003.0,2003-06-30,6.164054e+06,0.024,0.9906
57,Minnesota State Employees,Minnesota State Employees Retirement Fund,MN,Minnesota,Minnesota,1,2004.0,2004-06-30,6.966602e+06,0.165,1.0008
57,Minnesota State Employees,Minnesota State Employees Retirement Fund,MN,Minnesota,Minnesota,1,2005.0,2005-06-30,7.51106e+06,0.107,0.9558
57,Minnesota State Employees,Minnesota State Employees Retirement Fund,MN,Minnesota,Minnesota,1,2006.0,2006-06-30,8.221041e+06,0.123,0.9623
57,Minnesota State Employees,Minnesota State Employees Retirement Fund,MN,Minnesota,Minnesota,1,2007.0,2007-06-30,9.507005e+06,0.183,0.9249
57,Minnesota State Employees,Minnesota State Employees Retirement Fund,MN,Minnesota,Minnesota,1,2008.0,2008-06-30,8.80314e+06,-0.05,0.9018
57,Minnesota State Employees,Minnesota State Employees Retirement Fund,MN,Minnesota,Minnesota,1,2009.0,2009-06-30,6.897118e+06,-0.188,0.859
57,Minnesota State Employees,Minnesota State Employees Retirement Fund,MN,Minnesota,Minnesota,1,2010.0,2010-06-30,7.692531e+06,0.152,0.873
57,Minnesota State Employees,Minnesota State Employees Retirement Fund,MN,Minnesota,Minnesota,1,2011.0,2011-06-30,9.196237e+06,0.233,0.8632
57,Minnesota State Employees,Minnesota State Employees Retirement Fund,MN,Minnesota,Minnesota,1,2012.0,2012-06-30,9.098097e+06,0.024,0.8267
57,Minnesota State Employees,Minnesota State Employees Retirement Fund,MN,Minnesota,Minnesota,1,2013.0,2013-06-30,1.0033499e+07,0.142,0.8204
57,Minnesota State Employees,Minnesota State Employees Retirement Fund,MN,Minnesota,Minnesota,1,2014.0,2014-06-30,1.1498604e+07,0.186,0.8297
57,Minnesota State Employees,Minnesota State Employees Retirement Fund,MN,Minnesota,Minnesota,1,2015.0,2015-06-30,1.1638319e+07,0.044,0.8572
57,Minnesota State Employees,Minnesota State Employees Retirement Fund,MN,Minnesota,Minnesota,1,2016.0,2016-06-30,1.1223065e+07,-0.001,0.8156
57,Minnesota State Employees,Minnesota State Employees Retirement Fund,MN,Minnesota,Minnesota,1,2017.0,2017-06-30,1.2485614e+07,0.151,0.8522
57,Minnesota State Employees,Minnesota State Employees Retirement Fund,MN,Minnesota,Minnesota,1,2018.0,2018-06-30,1.3293422e+07,0.103,0.888
57,Minnesota State Employees,Minnesota State Employees Retirement Fund,MN,Minnesota,Minnesota,1,2019.0,2019-06-30,1.3772289e+07,0.073,0.8887
57,Minnesota State Employees,Minnesota State Employees Retirement Fund,MN,Minnesota,Minnesota,1,2020.0,2020-06-30,1.3855691e+07,0.042,0.919
57,Minnesota State Employees,Minnesota State Employees Retirement Fund,MN,Minnesota,Minnesota,1,2021.0,2021-06-30,1.7440052e+07,0.303,0.9713
58,Minnesota Teachers,Teachers Retirement Association of Minnesota,MN,Minnesota,Minnesota,2,2001.0,2001-06-30,1.5902336e+07,-0.071,1.0585
58,Minnesota Teachers,Teachers Retirement Association of Minnesota,MN,Minnesota,Minnesota,2,2002.0,2002-06-30,1.3997762e+07,-0.082,1.0531
58,Minnesota Teachers,Teachers Retirement Association of Minnesota,MN,Minnesota,Minnesota,2,2003.0,2003-06-30,1.3601606e+07,0.024,1.0313
58,Minnesota Teachers,Teachers Retirement Association of Minnesota,MN,Minnesota,Minnesota,2,2004.0,2004-06-30,1.5095804e+07,0.165,1.0001
58,Minnesota Teachers,Teachers Retirement Association of Minnesota,MN,Minnesota,Minnesota,2,2005.0,2005-06-30,1.5928604e+07,0.107,0.9851
58,Minnesota Teachers,Teachers Retirement Association of Minnesota,MN,Minnesota,Minnesota,2,2006.0,2006-06-30,1.7764526e+07,0.123,0.9205
58,Minnesota Teachers,Teachers Retirement Association of Minnesota,MN,Minnesota,Minnesota,2,2007.0,2007-06-30,1.9938882e+07,0.183,0.8754
58,Minnesota Teachers,Teachers Retirement Association of Minnesota,MN,Minnesota,Minnesota,2,2008.0,2008-06-30,1.8106966e+07,-0.05,0.8199
58,Minnesota Teachers,Teachers Retirement Association of Minnesota,MN,Minnesota,Minnesota,2,2009.0,2009-06-30,1.3833826e+07,-0.188,0.7736
58,Minnesota Teachers,Teachers Retirement Association of Minnesota,MN,Minnesota,Minnesota,2,2010.0,2010-06-30,1.493954e+07,0.152,0.7845
58,Minnesota Teachers,Teachers Retirement Association of Minnesota,MN,Minnesota,Minnesota,2,2011.0,2011-06-30,1.7303576e+07,0.233,0.7727
58,Minnesota Teachers,Teachers Retirement Association of Minnesota,MN,Minnesota,Minnesota,2,2012.0,2012-06-30,1.6689941e+07,0.024,0.7299
58,Minnesota Teachers,Teachers Retirement Association of Minnesota,MN,Minnesota,Minnesota,2,2013.0,2013-06-30,1.8019318e+07,0.142,0.7163
58,Minnesota Teachers,Teachers Retirement Association of Minnesota,MN,Minnesota,Minnesota,2,2014.0,2014-06-30,2.0293684e+07,0.186,0.7413
58,Minnesota Teachers,Teachers Retirement Association of Minnesota,MN,Minnesota,Minnesota,2,2015.0,2015-06-30,2.0214142e+07,0.044,0.7705
58,Minnesota Teachers,Teachers Retirement Association of Minnesota,MN,Minnesota,Minnesota,2,2016.0,2016-06-30,1.9424432e+07,-0.001,0.7559
58,Minnesota Teachers,Teachers Retirement Association of Minnesota,MN,Minnesota,Minnesota,2,2017.0,2017-06-30,2.125809e+07,0.151,0.7679
58,Minnesota Teachers,Teachers Retirement Association of Minnesota,MN,Minnesota,Minnesota,2,2018.0,2018-06-30,2.2362088e+07,0.103,0.7689
58,Minnesota Teachers,Teachers Retirement Association of Minnesota,MN,Minnesota,Minnesota,2,2019.0,2019-06-30,2.2876056e+07,0.073,0.7682
58,Minnesota Teachers,Teachers Retirement Association of Minnesota,MN,Minnesota,Minnesota,2,2020.0,2020-06-30,2.2744996e+07,0.042,0.7613
58,Minnesota Teachers,Teachers Retirement Association of Minnesota,MN,Minnesota,Minnesota,2,2021.0,2021-06-30,2.8361756e+07,0.303,0.8025
59,Mississippi PERS,Public Employees’ Retirement System of Mississippi,MS,Mississippi,Mississippi,1,2001.0,2001-06-30,1.4946198e+07,-0.071,0.875
59,Mississippi PERS,Public Employees’ Retirement System of Mississippi,MS,Mississippi,Mississippi,1,2002.0,2002-06-30,1.3800716e+07,-0.066,0.834
59,Mississippi PERS,Public Employees’ Retirement System of Mississippi,MS,Mississippi,Mississippi,1,2003.0,2003-06-30,1.4012183e+07,0.035,0.79
59,Mississippi PERS,Public Employees’ Retirement System of Mississippi,MS,Mississippi,Mississippi,1,2004.0,2004-06-30,1.572366e+07,0.146,0.749
59,Mississippi PERS,Public Employees’ Retirement System of Mississippi,MS,Mississippi,Mississippi,1,2005.0,2005-06-30,1.6890536e+07,0.098,0.724
59,Mississippi PERS,Public Employees’ Retirement System of Mississippi,MS,Mississippi,Mississippi,1,2006.0,2006-06-30,1.8321064e+07,0.107,0.735
59,Mississippi PERS,Public Employees’ Retirement System of Mississippi,MS,Mississippi,Mississippi,1,2007.0,2007-06-30,2.1353016e+07,0.189,0.737
59,Mississippi PERS,Public Employees’ Retirement System of Mississippi,MS,Mississippi,Mississippi,1,2008.0,2008-06-30,1.9251068e+07,-0.082,0.729
59,Mississippi PERS,Public Employees’ Retirement System of Mississippi,MS,Mississippi,Mississippi,1,2009.0,2009-06-30,1.5134487e+07,-0.194,0.673
59,Mississippi PERS,Public Employees’ Retirement System of Mississippi,MS,Mississippi,Mississippi,1,2010.0,2010-06-30,1.6788214e+07,0.141,0.642
59,Mississippi PERS,Public Employees’ Retirement System of Mississippi,MS,Mississippi,Mississippi,1,2011.0,2011-06-30,2.0377236e+07,0.254,0.622
59,Mississippi PERS,Public Employees’ Retirement System of Mississippi,MS,Mississippi,Mississippi,1,2012.0,2012-06-30,1.9781388e+07,0.006,0.58
59,Mississippi PERS,Public Employees’ Retirement System of Mississippi,MS,Mississippi,Mississippi,1,2013.0,2013-06-30,2.1686912e+07,0.134,0.577
59,Mississippi PERS,Public Employees’ Retirement System of Mississippi,MS,Mississippi,Mississippi,1,2014.0,2014-06-30,2.487712e+07,0.186,0.61
59,Mississippi PERS,Public Employees’ Retirement System of Mississippi,MS,Mississippi,Mississippi,1,2015.0,2015-06-30,2.4906556e+07,0.034,0.604
59,Mississippi PERS,Public Employees’ Retirement System of Mississippi,MS,Mississippi,Mississippi,1,2016.0,2016-06-30,2.4135016e+07,0.012,0.6
59,Mississippi PERS,Public Employees’ Retirement System of Mississippi,MS,Mississippi,Mississippi,1,2017.0,2017-06-30,2.6543096e+07,0.1496,0.611
59,Mississippi PERS,Public Employees’ Retirement System of Mississippi,MS,Mississippi,Mississippi,1,2018.0,2018-06-30,2.776319e+07,0.095,0.618
59,Mississippi PERS,Public Employees’ Retirement System of Mississippi,MS,Mississippi,Mississippi,1,2019.0,2019-06-30,2.8206602e+07,0.0687,0.609
59,Mississippi PERS,Public Employees’ Retirement System of Mississippi,MS,Mississippi,Mississippi,1,2020.0,2020-06-30,2.7827394e+07,0.0335,0.605
59,Mississippi PERS,Public Employees’ Retirement System of Mississippi,MS,Mississippi,Mississippi,1,2021.0,2021-06-30,3.5216596e+07,0.3271,0.613
60,Missouri DOT and Highway,Missouri Department of Transportation and Highway Patrol Employees' Retirement System,MO,Missouri,Missouri,3,2001.0,2001-06-30,1.4132435e+06,-0.026,0.6608
60,Missouri DOT and Highway,Missouri Department of Transportation and Highway Patrol Employees' Retirement System,MO,Missouri,Missouri,3,2002.0,2002-06-30,1.2682385e+06,-0.0569,0.615
60,Missouri DOT and Highway,Missouri Department of Transportation and Highway Patrol Employees' Retirement System,MO,Missouri,Missouri,3,2003.0,2003-06-30,1.2415504e+06,0.032,0.562
60,Missouri DOT and Highway,Missouri Department of Transportation and Highway Patrol Employees' Retirement System,MO,Missouri,Missouri,3,2004.0,2004-06-30,1.3534365e+06,0.1524,0.5341
60,Missouri DOT and Highway,Missouri Department of Transportation and Highway Patrol Employees' Retirement System,MO,Missouri,Missouri,3,2005.0,2005-06-30,1.4410546e+06,0.1138,0.5394
60,Missouri DOT and Highway,Missouri Department of Transportation and Highway Patrol Employees' Retirement System,MO,Missouri,Missouri,3,2006.0,2006-06-30,1.5979201e+06,0.1497,0.5551
60,Missouri DOT and Highway,Missouri Department of Transportation and Highway Patrol Employees' Retirement System,MO,Missouri,Missouri,3,2007.0,2007-06-30,1.8252042e+06,0.1809,0.5819
60,Missouri DOT and Highway,Missouri Department of Transportation and Highway Patrol Employees' Retirement System,MO,Missouri,Missouri,3,2008.0,2008-06-30,1.718675e+06,-0.0241,0.5908
60,Missouri DOT and Highway,Missouri Department of Transportation and Highway Patrol Employees' Retirement System,MO,Missouri,Missouri,3,2009.0,2009-06-30,1.2211339e+06,-0.247,0.4726
60,Missouri DOT and Highway,Missouri Department of Transportation and Highway Patrol Employees' Retirement System,MO,Missouri,Missouri,3,2010.0,2010-06-30,1.3127172e+06,0.1291,0.4222
60,Missouri DOT and Highway,Missouri Department of Transportation and Highway Patrol Employees' Retirement System,MO,Missouri,Missouri,3,2011.0,2011-06-30,1.5556806e+06,0.2178,0.4328
60,Missouri DOT and Highway,Missouri Department of Transportation and Highway Patrol Employees' Retirement System,MO,Missouri,Missouri,3,2012.0,2012-06-30,1.5414035e+06,0.0275,0.4631
60,Missouri DOT and Highway,Missouri Department of Transportation and Highway Patrol Employees' Retirement System,MO,Missouri,Missouri,3,2013.0,2013-06-30,1.6857328e+06,0.1342,0.4624
60,Missouri DOT and Highway,Missouri Department of Transportation and Highway Patrol Employees' Retirement System,MO,Missouri,Missouri,3,2014.0,2014-06-30,1.9574562e+06,0.1759,0.4918
60,Missouri DOT and Highway,Missouri Department of Transportation and Highway Patrol Employees' Retirement System,MO,Missouri,Missouri,3,2015.0,2015-06-30,2.0093671e+06,0.0662,0.5294
60,Missouri DOT and Highway,Missouri Department of Transportation and Highway Patrol Employees' Retirement System,MO,Missouri,Missouri,3,2016.0,2016-06-30,1.992074e+06,0.0101,0.5547
60,Missouri DOT and Highway,Missouri Department of Transportation and Highway Patrol Employees' Retirement System,MO,Missouri,Missouri,3,2017.0,2017-06-30,2.169775e+06,0.1122,0.5714
60,Missouri DOT and Highway,Missouri Department of Transportation and Highway Patrol Employees' Retirement System,MO,Missouri,Missouri,3,2018.0,2018-06-30,2.3145302e+06,0.0942,0.5712
60,Missouri DOT and Highway,Missouri Department of Transportation and Highway Patrol Employees' Retirement System,MO,Missouri,Missouri,3,2019.0,2019-06-30,2.4232618e+06,0.0684,0.5982
60,Missouri DOT and Highway,Missouri Department of Transportation and Highway Patrol Employees' Retirement System,MO,Missouri,Missouri,3,2020.0,2020-06-30,2.3616e+06,-0.0046,0.6064
60,Missouri DOT and Highway,Missouri Department of Transportation and Highway Patrol Employees' Retirement System,MO,Missouri,Missouri,3,2021.0,2021-06-30,3.0039252e+06,0.308,0.6241
61,Missouri Local,Missouri Local Government Employees Retirement System,MO,Missouri,Missouri,1,2001.0,2001-06-30,2.481335e+06,-0.042,1.04
61,Missouri Local,Missouri Local Government Employees Retirement System,MO,Missouri,Missouri,1,2002.0,2002-06-30,2.382331e+06,-0.048,1.004
61,Missouri Local,Missouri Local Government Employees Retirement System,MO,Missouri,Missouri,1,2003.0,2003-06-30,2.4359995e+06,0.018,0.964
61,Missouri Local,Missouri Local Government Employees Retirement System,MO,Missouri,Missouri,1,2004.0,2004-06-30,2.8404898e+06,0.164,0.959
61,Missouri Local,Missouri Local Government Employees Retirement System,MO,Missouri,Missouri,1,2005.0,2005-06-30,3.188384e+06,0.124,0.951
61,Missouri Local,Missouri Local Government Employees Retirement System,MO,Missouri,Missouri,1,2006.0,2006-06-30,3.4689008e+06,0.092,0.953
61,Missouri Local,Missouri Local Government Employees Retirement System,MO,Missouri,Missouri,1,2007.0,2007-06-30,4.0820575e+06,0.18,0.961
61,Missouri Local,Missouri Local Government Employees Retirement System,MO,Missouri,Missouri,1,2008.0,2008-06-30,3.962817e+06,-0.023,0.975
61,Missouri Local,Missouri Local Government Employees Retirement System,MO,Missouri,Missouri,1,2009.0,2009-06-30,3.2170342e+06,-0.184,0.8
61,Missouri Local,Missouri Local Government Employees Retirement System,MO,Missouri,Missouri,1,2010.0,2010-06-30,3.6953405e+06,0.162,0.81
61,Missouri Local,Missouri Local Government Employees Retirement System,MO,Missouri,Missouri,1,2011.0,2011-06-30,4.535259e+06,0.232,0.816
61,Missouri Local,Missouri Local Government Employees Retirement System,MO,Missouri,Missouri,1,2012.0,2012-06-30,4.679128e+06,0.036,0.835
61,Missouri Local,Missouri Local Government Employees Retirement System,MO,Missouri,Missouri,1,2013.0,2013-06-30,5.3262755e+06,0.1454,0.865
61,Missouri Local,Missouri Local Government Employees Retirement System,MO,Missouri,Missouri,1,2014.0,2014-06-30,6.3099525e+06,0.1904,0.917
61,Missouri Local,Missouri Local Government Employees Retirement System,MO,Missouri,Missouri,1,2015.0,2015-06-30,6.381354e+06,0.0216,0.944
61,Missouri Local,Missouri Local Government Employees Retirement System,MO,Missouri,Missouri,1,2016.0,2016-06-30,6.302286e+06,-0.0019,0.947
61,Missouri Local,Missouri Local Government Employees Retirement System,MO,Missouri,Missouri,1,2017.0,2017-06-30,6.987343e+06,0.1204,0.948
61,Missouri Local,Missouri Local Government Employees Retirement System,MO,Missouri,Missouri,1,2018.0,2018-06-30,7.7562465e+06,0.137,0.956
61,Missouri Local,Missouri Local Government Employees Retirement System,MO,Missouri,Missouri,1,2019.0,2019-06-30,8.176317e+06,0.0712,0.949
61,Missouri Local,Missouri Local Government Employees Retirement System,MO,Missouri,Missouri,1,2020.0,2020-06-30,8.160616e+06,0.0163,0.937
61,Missouri Local,Missouri Local Government Employees Retirement System,MO,Missouri,Missouri,1,2021.0,2021-06-30,1.0284985e+07,0.2948,0.956
62,Missouri PEERS,Public Education Employee Retirement System of Missouri,MO,Missouri,Missouri,1,2001.0,2001-06-30,1.6100451e+06,-0.017,1.031
62,Missouri PEERS,Public Education Employee Retirement System of Missouri,MO,Missouri,Missouri,1,2002.0,2002-06-30,1.5850172e+06,-0.028,0.976
62,Missouri PEERS,Public Education Employee Retirement System of Missouri,MO,Missouri,Missouri,1,2003.0,2003-06-30,1.6777696e+06,0.047,0.819
62,Missouri PEERS,Public Education Employee Retirement System of Missouri,MO,Missouri,Missouri,1,2004.0,2004-06-30,1.8882699e+06,0.121,0.827
62,Missouri PEERS,Public Education Employee Retirement System of Missouri,MO,Missouri,Missouri,1,2005.0,2005-06-30,2.0686471e+06,0.093,0.833
62,Missouri PEERS,Public Education Employee Retirement System of Missouri,MO,Missouri,Missouri,1,2006.0,2006-06-30,2.2869798e+06,0.098,0.805
62,Missouri PEERS,Public Education Employee Retirement System of Missouri,MO,Missouri,Missouri,1,2007.0,2007-06-30,2.6811762e+06,0.166,0.832
62,Missouri PEERS,Public Education Employee Retirement System of Missouri,MO,Missouri,Missouri,1,2008.0,2008-06-30,2.5756625e+06,-0.046,0.825
62,Missouri PEERS,Public Education Employee Retirement System of Missouri,MO,Missouri,Missouri,1,2009.0,2009-06-30,2.1136738e+06,-0.189,0.807
62,Missouri PEERS,Public Education Employee Retirement System of Missouri,MO,Missouri,Missouri,1,2010.0,2010-06-30,2.4044248e+06,0.127,0.791
62,Missouri PEERS,Public Education Employee Retirement System of Missouri,MO,Missouri,Missouri,1,2011.0,2011-06-30,2.9187635e+06,0.214,0.853
62,Missouri PEERS,Public Education Employee Retirement System of Missouri,MO,Missouri,Missouri,1,2012.0,2012-06-30,2.964557e+06,0.016,0.825
62,Missouri PEERS,Public Education Employee Retirement System of Missouri,MO,Missouri,Missouri,1,2013.0,2013-06-30,3.3165128e+06,0.123,0.816
62,Missouri PEERS,Public Education Employee Retirement System of Missouri,MO,Missouri,Missouri,1,2014.0,2014-06-30,3.846323e+06,0.169,0.851
62,Missouri PEERS,Public Education Employee Retirement System of Missouri,MO,Missouri,Missouri,1,2015.0,2015-06-30,3.9834108e+06,0.045,0.868
62,Missouri PEERS,Public Education Employee Retirement System of Missouri,MO,Missouri,Missouri,1,2016.0,2016-06-30,4.0073308e+06,0.018,0.864
62,Missouri PEERS,Public Education Employee Retirement System of Missouri,MO,Missouri,Missouri,1,2017.0,2017-06-30,4.446418e+06,0.125,0.858
62,Missouri PEERS,Public Education Employee Retirement System of Missouri,MO,Missouri,Missouri,1,2018.0,2018-06-30,4.7697655e+06,0.089,0.861
62,Missouri PEERS,Public Education Employee Retirement System of Missouri,MO,Missouri,Missouri,1,2019.0,2019-06-30,5.0185235e+06,0.07,0.864
62,Missouri PEERS,Public Education Employee Retirement System of Missouri,MO,Missouri,Missouri,1,2020.0,2020-06-30,5.118844e+06,0.039,0.863
62,Missouri PEERS,Public Education Employee Retirement System of Missouri,MO,Missouri,Missouri,1,2021.0,2021-06-30,6.453162e+06,0.287,0.877
63,Missouri State Employees,Missouri State Employees’ Retirement System,MO,Missouri,Missouri,1,2001.0,2001-06-30,5.4329615e+06,-0.022,0.97
63,Missouri State Employees,Missouri State Employees’ Retirement System,MO,Missouri,Missouri,1,2002.0,2002-06-30,5.024517e+06,-0.062,0.959
63,Missouri State Employees,Missouri State Employees’ Retirement System,MO,Missouri,Missouri,1,2003.0,2003-06-30,5.1904185e+06,0.07,0.909
63,Missouri State Employees,Missouri State Employees’ Retirement System,MO,Missouri,Missouri,1,2004.0,2004-06-30,5.859487e+06,0.171,0.846
63,Missouri State Employees,Missouri State Employees’ Retirement System,MO,Missouri,Missouri,1,2005.0,2005-06-30,6.4310335e+06,0.126,0.849
63,Missouri State Employees,Missouri State Employees’ Retirement System,MO,Missouri,Missouri,1,2006.0,2006-06-30,6.9837375e+06,0.115,0.853
63,Missouri State Employees,Missouri State Employees’ Retirement System,MO,Missouri,Missouri,1,2007.0,2007-06-30,8.0569935e+06,0.187,0.868
63,Missouri State Employees,Missouri State Employees’ Retirement System,MO,Missouri,Missouri,1,2008.0,2008-06-30,7.9340305e+06,0.016,0.859
63,Missouri State Employees,Missouri State Employees’ Retirement System,MO,Missouri,Missouri,1,2009.0,2009-06-30,6.1630865e+06,-0.191,0.83
63,Missouri State Employees,Missouri State Employees’ Retirement System,MO,Missouri,Missouri,1,2010.0,2010-06-30,6.7276235e+06,0.143,0.804
63,Missouri State Employees,Missouri State Employees’ Retirement System,MO,Missouri,Missouri,1,2011.0,2011-06-30,7.7687095e+06,0.21,0.792
63,Missouri State Employees,Missouri State Employees’ Retirement System,MO,Missouri,Missouri,1,2012.0,2012-06-30,7.5818825e+06,0.022,0.732
63,Missouri State Employees,Missouri State Employees’ Retirement System,MO,Missouri,Missouri,1,2013.0,2013-06-30,7.9938375e+06,0.104,0.727
63,Missouri State Employees,Missouri State Employees’ Retirement System,MO,Missouri,Missouri,1,2014.0,2014-06-30,9.136782e+06,0.192,0.751
63,Missouri State Employees,Missouri State Employees’ Retirement System,MO,Missouri,Missouri,1,2015.0,2015-06-30,8.516655e+06,-0.026,0.75
63,Missouri State Employees,Missouri State Employees’ Retirement System,MO,Missouri,Missouri,1,2016.0,2016-06-30,8.109161e+06,0.003,0.696
63,Missouri State Employees,Missouri State Employees’ Retirement System,MO,Missouri,Missouri,1,2017.0,2017-06-30,7.9453585e+06,0.035,0.675
63,Missouri State Employees,Missouri State Employees’ Retirement System,MO,Missouri,Missouri,1,2018.0,2018-06-30,8.0345005e+06,0.074,0.649
63,Missouri State Employees,Missouri State Employees’ Retirement System,MO,Missouri,Missouri,1,2019.0,2019-06-30,7.9164655e+06,0.043,0.629
63,Missouri State Employees,Missouri State Employees’ Retirement System,MO,Missouri,Missouri,1,2020.0,2020-06-30,7.9108305e+06,0.052,0.611
63,Missouri State Employees,Missouri State Employees’ Retirement System,MO,Missouri,Missouri,1,2021.0,2021-06-30,9.51993e+06,0.264,0.59
64,Missouri Teachers,Public School Retirement System of Missouri,MO,Missouri,Missouri,2,2001.0,2001-06-30,2.0183688e+07,-0.019,0.994
64,Missouri Teachers,Public School Retirement System of Missouri,MO,Missouri,Missouri,2,2002.0,2002-06-30,1.9403476e+07,-0.028,0.953
64,Missouri Teachers,Public School Retirement System of Missouri,MO,Missouri,Missouri,2,2003.0,2003-06-30,2.0047982e+07,0.048,0.811
64,Missouri Teachers,Public School Retirement System of Missouri,MO,Missouri,Missouri,2,2004.0,2004-06-30,2.215038e+07,0.124,0.82
64,Missouri Teachers,Public School Retirement System of Missouri,MO,Missouri,Missouri,2,2005.0,2005-06-30,2.3738856e+07,0.092,0.827
64,Missouri Teachers,Public School Retirement System of Missouri,MO,Missouri,Missouri,2,2006.0,2006-06-30,2.5603528e+07,0.098,0.826
64,Missouri Teachers,Public School Retirement System of Missouri,MO,Missouri,Missouri,2,2007.0,2007-06-30,2.9283666e+07,0.1657,0.835
64,Missouri Teachers,Public School Retirement System of Missouri,MO,Missouri,Missouri,2,2008.0,2008-06-30,2.7435038e+07,-0.046,0.834
64,Missouri Teachers,Public School Retirement System of Missouri,MO,Missouri,Missouri,2,2009.0,2009-06-30,2.1589178e+07,-0.193,0.799
64,Missouri Teachers,Public School Retirement System of Missouri,MO,Missouri,Missouri,2,2010.0,2010-06-30,2.3755742e+07,0.13,0.777
64,Missouri Teachers,Public School Retirement System of Missouri,MO,Missouri,Missouri,2,2011.0,2011-06-30,2.8100182e+07,0.218,0.855
64,Missouri Teachers,Public School Retirement System of Missouri,MO,Missouri,Missouri,2,2012.0,2012-06-30,2.7816772e+07,0.019,0.815
64,Missouri Teachers,Public School Retirement System of Missouri,MO,Missouri,Missouri,2,2013.0,2013-06-30,3.0375416e+07,0.126,0.801
64,Missouri Teachers,Public School Retirement System of Missouri,MO,Missouri,Missouri,2,2014.0,2014-06-30,3.438061e+07,0.169,0.828
64,Missouri Teachers,Public School Retirement System of Missouri,MO,Missouri,Missouri,2,2015.0,2015-06-30,3.483768e+07,0.045,0.839
64,Missouri Teachers,Public School Retirement System of Missouri,MO,Missouri,Missouri,2,2016.0,2016-06-30,3.430397e+07,0.018,0.848
64,Missouri Teachers,Public School Retirement System of Missouri,MO,Missouri,Missouri,2,2017.0,2017-06-30,3.728025e+07,0.125,0.84
64,Missouri Teachers,Public School Retirement System of Missouri,MO,Missouri,Missouri,2,2018.0,2018-06-30,3.9259544e+07,0.089,0.84
64,Missouri Teachers,Public School Retirement System of Missouri,MO,Missouri,Missouri,2,2019.0,2019-06-30,4.059376e+07,0.07,0.844
64,Missouri Teachers,Public School Retirement System of Missouri,MO,Missouri,Missouri,2,2020.0,2020-06-30,4.0710304e+07,0.039,0.84
64,Missouri Teachers,Public School Retirement System of Missouri,MO,Missouri,Missouri,2,2021.0,2021-06-30,5.062052e+07,0.287,0.852
65,Montana PERS,Montana Public Employees' Retirement System,MT,Montana,Montana,1,2002.0,2002-06-30,2.5644995e+06,-0.0723,0.9997
65,Montana PERS,Montana Public Employees' Retirement System,MT,Montana,Montana,1,2003.0,2003-06-30,2.695824e+06,0.0661,0.94237
65,Montana PERS,Montana Public Employees' Retirement System,MT,Montana,Montana,1,2004.0,2004-06-30,3.0299095e+06,0.1343,0.8672
65,Montana PERS,Montana Public Employees' Retirement System,MT,Montana,Montana,1,2005.0,2005-06-30,3.2424288e+06,0.0813,0.8546
65,Montana PERS,Montana Public Employees' Retirement System,MT,Montana,Montana,1,2006.0,2006-06-30,3.5198152e+06,0.0907,0.8826
65,Montana PERS,Montana Public Employees' Retirement System,MT,Montana,Montana,1,2007.0,2007-06-30,4.1020598e+06,0.1796,0.9105
65,Montana PERS,Montana Public Employees' Retirement System,MT,Montana,Montana,1,2008.0,2008-06-30,3.8525322e+06,-0.0486,0.9
65,Montana PERS,Montana Public Employees' Retirement System,MT,Montana,Montana,1,2009.0,2009-06-30,2.9965202e+06,-0.2069,0.84
65,Montana PERS,Montana Public Employees' Retirement System,MT,Montana,Montana,1,2010.0,2010-06-30,3.3138578e+06,0.1287,0.74
65,Montana PERS,Montana Public Employees' Retirement System,MT,Montana,Montana,1,2011.0,2011-06-30,3.9398785e+06,0.2179,0.7
65,Montana PERS,Montana Public Employees' Retirement System,MT,Montana,Montana,1,2012.0,2012-06-30,3.9218122e+06,0.0241,0.67
65,Montana PERS,Montana Public Employees' Retirement System,MT,Montana,Montana,1,2013.0,2013-06-30,4.2992385e+06,0.1304,0.8
65,Montana PERS,Montana Public Employees' Retirement System,MT,Montana,Montana,1,2014.0,2014-06-30,4.9429065e+06,0.1716,0.74
65,Montana PERS,Montana Public Employees' Retirement System,MT,Montana,Montana,1,2015.0,2015-06-30,5.061058e+06,0.0458,0.76
65,Montana PERS,Montana Public Employees' Retirement System,MT,Montana,Montana,1,2016.0,2016-06-30,5.032807e+06,0.0207,0.77
65,Montana PERS,Montana Public Employees' Retirement System,MT,Montana,Montana,1,2017.0,2017-06-30,5.472598e+06,0.1194,0.73
65,Montana PERS,Montana Public Employees' Retirement System,MT,Montana,Montana,1,2018.0,2018-06-30,5.779994e+06,0.0885,0.74
65,Montana PERS,Montana Public Employees' Retirement System,MT,Montana,Montana,1,2019.0,2019-06-30,5.903306e+06,0.0571,0.74
65,Montana PERS,Montana Public Employees' Retirement System,MT,Montana,Montana,1,2020.0,2020-06-30,5.845474e+06,0.0272,0.74
65,Montana PERS,Montana Public Employees' Retirement System,MT,Montana,Montana,1,2021.0,2021-06-30,7.210027e+06,0.2773,0.7634
66,Montana Teachers,Teachers' Retirement System of Montana,MT,Montana,Montana,2,2002.0,2002-06-30,2.0416911e+06,-0.072,0.866
66,Montana Teachers,Teachers' Retirement System of Montana,MT,Montana,Montana,2,2003.0,2003-06-30,2.1236342e+06,0.0646,0.82698
66,Montana Teachers,Teachers' Retirement System of Montana,MT,Montana,Montana,2,2004.0,2004-06-30,2.3548442e+06,0.1351,0.766
66,Montana Teachers,Teachers' Retirement System of Montana,MT,Montana,Montana,2,2005.0,2005-06-30,2.4871365e+06,0.0819,0.734
66,Montana Teachers,Teachers' Retirement System of Montana,MT,Montana,Montana,2,2006.0,2006-06-30,2.745771e+06,0.0905,0.761
66,Montana Teachers,Teachers' Retirement System of Montana,MT,Montana,Montana,2,2007.0,2007-06-30,3.2092752e+06,0.1794,0.796
66,Montana Teachers,Teachers' Retirement System of Montana,MT,Montana,Montana,2,2008.0,2008-06-30,2.9933928e+06,-0.0489,0.799
66,Montana Teachers,Teachers' Retirement System of Montana,MT,Montana,Montana,2,2009.0,2009-06-30,2.3016188e+06,-0.2067,0.662
66,Montana Teachers,Teachers' Retirement System of Montana,MT,Montana,Montana,2,2010.0,2010-06-30,2.5214458e+06,0.1284,0.6544
66,Montana Teachers,Teachers' Retirement System of Montana,MT,Montana,Montana,2,2011.0,2011-06-30,2.972421e+06,0.2183,0.615
66,Montana Teachers,Teachers' Retirement System of Montana,MT,Montana,Montana,2,2012.0,2012-06-30,2.9322025e+06,0.0242,0.5924
66,Montana Teachers,Teachers' Retirement System of Montana,MT,Montana,Montana,2,2013.0,2013-06-30,3.1850645e+06,0.1306,0.668
66,Montana Teachers,Teachers' Retirement System of Montana,MT,Montana,Montana,2,2014.0,2014-06-30,3.6522202e+06,0.1717,0.6545
66,Montana Teachers,Teachers' Retirement System of Montana,MT,Montana,Montana,2,2015.0,2015-06-30,3.7083858e+06,0.046,0.6746
66,Montana Teachers,Teachers' Retirement System of Montana,MT,Montana,Montana,2,2016.0,2016-06-30,3.6568308e+06,0.0208,0.6928
66,Montana Teachers,Teachers' Retirement System of Montana,MT,Montana,Montana,2,2017.0,2017-06-30,3.9507615e+06,0.1192,0.7049
66,Montana Teachers,Teachers' Retirement System of Montana,MT,Montana,Montana,2,2018.0,2018-06-30,4.1483242e+06,0.0882,0.6819
66,Montana Teachers,Teachers' Retirement System of Montana,MT,Montana,Montana,2,2019.0,2019-06-30,4.220286e+06,0.0569,0.6863
66,Montana Teachers,Teachers' Retirement System of Montana,MT,Montana,Montana,2,2020.0,2020-06-30,4.1678395e+06,0.0273,0.6884
66,Montana Teachers,Teachers' Retirement System of Montana,MT,Montana,Montana,2,2021.0,2021-06-30,5.116849e+06,0.2771,0.7143
67,Nebraska Schools,Nebraska Public Employees Retirement System - School Employees Plan,NE,Nebraska,Nebraska,2,2002.0,2002-06-30,4.039227e+06,-0.042,0.949
67,Nebraska Schools,Nebraska Public Employees Retirement System - School Employees Plan,NE,Nebraska,Nebraska,2,2003.0,2003-06-30,4.280579e+06,-0.088,0.906
67,Nebraska Schools,Nebraska Public Employees Retirement System - School Employees Plan,NE,Nebraska,Nebraska,2,2004.0,2004-06-30,4.916496e+06,0.236,0.872
67,Nebraska Schools,Nebraska Public Employees Retirement System - School Employees Plan,NE,Nebraska,Nebraska,2,2005.0,2005-06-30,5.393713e+06,0.114,0.856
67,Nebraska Schools,Nebraska Public Employees Retirement System - School Employees Plan,NE,Nebraska,Nebraska,2,2006.0,2006-06-30,5.975385e+06,0.07,0.872
67,Nebraska Schools,Nebraska Public Employees Retirement System - School Employees Plan,NE,Nebraska,Nebraska,2,2007.0,2007-06-30,7.025565e+06,0.152,0.905
67,Nebraska Schools,Nebraska Public Employees Retirement System - School Employees Plan,NE,Nebraska,Nebraska,2,2008.0,2008-06-30,6.578445e+06,0.078,0.906
67,Nebraska Schools,Nebraska Public Employees Retirement System - School Employees Plan,NE,Nebraska,Nebraska,2,2009.0,2009-06-30,5.265961e+06,-0.278,0.866
67,Nebraska Schools,Nebraska Public Employees Retirement System - School Employees Plan,NE,Nebraska,Nebraska,2,2010.0,2010-06-30,5.940537e+06,0.221,0.824
67,Nebraska Schools,Nebraska Public Employees Retirement System - School Employees Plan,NE,Nebraska,Nebraska,2,2011.0,2011-06-30,7.263955e+06,0.134,0.804
67,Nebraska Schools,Nebraska Public Employees Retirement System - School Employees Plan,NE,Nebraska,Nebraska,2,2012.0,2012-06-30,7.24631e+06,0.0,0.766
67,Nebraska Schools,Nebraska Public Employees Retirement System - School Employees Plan,NE,Nebraska,Nebraska,2,2013.0,2013-06-30,8.092953e+06,0.129,0.771
67,Nebraska Schools,Nebraska Public Employees Retirement System - School Employees Plan,NE,Nebraska,Nebraska,2,2014.0,2014-06-30,9.450982e+06,0.183,0.827
67,Nebraska Schools,Nebraska Public Employees Retirement System - School Employees Plan,NE,Nebraska,Nebraska,2,2015.0,2015-06-30,9.685816e+06,0.069,0.88
67,Nebraska Schools,Nebraska Public Employees Retirement System - School Employees Plan,NE,Nebraska,Nebraska,2,2016.0,2016-06-30,9.698585e+06,0.011,0.896
67,Nebraska Schools,Nebraska Public Employees Retirement System - School Employees Plan,NE,Nebraska,Nebraska,2,2017.0,2017-06-30,1.0876862e+07,0.086,0.867
67,Nebraska Schools,Nebraska Public Employees Retirement System - School Employees Plan,NE,Nebraska,Nebraska,2,2018.0,2018-06-30,1.1636299e+07,0.166,0.888
67,Nebraska Schools,Nebraska Public Employees Retirement System - School Employees Plan,NE,Nebraska,Nebraska,2,2019.0,2019-06-30,1.2214947e+07,-0.042,0.903
67,Nebraska Schools,Nebraska Public Employees Retirement System - School Employees Plan,NE,Nebraska,Nebraska,2,2020.0,2020-06-30,1.2285737e+07,0.127,0.916
67,Nebraska Schools,Nebraska Public Employees Retirement System - School Employees Plan,NE,Nebraska,Nebraska,2,2021.0,2021-06-30,1.5692556e+07,0.166,0.974
68,Nevada Police Officer and Firefighter,Public Employees’ Retirement System of Nevada - Police and Firefighters Plan,NV,Nevada,Nevada,3,2001.0,2001-06-30,2.427179e+06,-0.015,0.789
68,Nevada Police Officer and Firefighter,Public Employees’ Retirement System of Nevada - Police and Firefighters Plan,NV,Nevada,Nevada,3,2002.0,2002-06-30,2.430042e+06,-0.027,0.781
68,Nevada Police Officer and Firefighter,Public Employees’ Retirement System of Nevada - Police and Firefighters Plan,NV,Nevada,Nevada,3,2003.0,2003-06-30,2.625273e+06,0.05,0.739
68,Nevada Police Officer and Firefighter,Public Employees’ Retirement System of Nevada - Police and Firefighters Plan,NV,Nevada,Nevada,3,2004.0,2004-06-30,3.012785e+06,0.121,0.717
68,Nevada Police Officer and Firefighter,Public Employees’ Retirement System of Nevada - Police and Firefighters Plan,NV,Nevada,Nevada,3,2005.0,2005-06-30,3.371626e+06,0.093,0.698
68,Nevada Police Officer and Firefighter,Public Employees’ Retirement System of Nevada - Police and Firefighters Plan,NV,Nevada,Nevada,3,2006.0,2006-06-30,3.766018e+06,0.088,0.689
68,Nevada Police Officer and Firefighter,Public Employees’ Retirement System of Nevada - Police and Firefighters Plan,NV,Nevada,Nevada,3,2007.0,2007-06-30,4.429581e+06,0.15,0.711
68,Nevada Police Officer and Firefighter,Public Employees’ Retirement System of Nevada - Police and Firefighters Plan,NV,Nevada,Nevada,3,2008.0,2008-06-30,4.393482e+06,-0.032,0.708
68,Nevada Police Officer and Firefighter,Public Employees’ Retirement System of Nevada - Police and Firefighters Plan,NV,Nevada,Nevada,3,2009.0,2009-06-30,3.777561e+06,-0.156,0.689
68,Nevada Police Officer and Firefighter,Public Employees’ Retirement System of Nevada - Police and Firefighters Plan,NV,Nevada,Nevada,3,2010.0,2010-06-30,4.301514e+06,0.11,0.678
68,Nevada Police Officer and Firefighter,Public Employees’ Retirement System of Nevada - Police and Firefighters Plan,NV,Nevada,Nevada,3,2011.0,2011-06-30,5.295195e+06,0.211,0.684
68,Nevada Police Officer and Firefighter,Public Employees’ Retirement System of Nevada - Police and Firefighters Plan,NV,Nevada,Nevada,3,2012.0,2012-06-30,5.51269e+06,0.031,0.701
68,Nevada Police Officer and Firefighter,Public Employees’ Retirement System of Nevada - Police and Firefighters Plan,NV,Nevada,Nevada,3,2013.0,2013-06-30,6.223939e+06,0.124,0.711
68,Nevada Police Officer and Firefighter,Public Employees’ Retirement System of Nevada - Police and Firefighters Plan,NV,Nevada,Nevada,3,2014.0,2014-06-30,7.321813e+06,0.176,0.743
68,Nevada Police Officer and Firefighter,Public Employees’ Retirement System of Nevada - Police and Firefighters Plan,NV,Nevada,Nevada,3,2015.0,2015-06-30,7.635342e+06,0.042,0.763
68,Nevada Police Officer and Firefighter,Public Employees’ Retirement System of Nevada - Police and Firefighters Plan,NV,Nevada,Nevada,3,2016.0,2016-06-30,7.777949e+06,0.023,0.771
68,Nevada Police Officer and Firefighter,Public Employees’ Retirement System of Nevada - Police and Firefighters Plan,NV,Nevada,Nevada,3,2017.0,2017-06-30,8.651643e+06,0.119,0.764
68,Nevada Police Officer and Firefighter,Public Employees’ Retirement System of Nevada - Police and Firefighters Plan,NV,Nevada,Nevada,3,2018.0,2018-06-30,9.3226e+06,0.086,0.765
68,Nevada Police Officer and Firefighter,Public Employees’ Retirement System of Nevada - Police and Firefighters Plan,NV,Nevada,Nevada,3,2019.0,2019-06-30,1.0042127e+07,0.085,0.765
68,Nevada Police Officer and Firefighter,Public Employees’ Retirement System of Nevada - Police and Firefighters Plan,NV,Nevada,Nevada,3,2020.0,2020-06-30,1.0657456e+07,0.072,0.775
68,Nevada Police Officer and Firefighter,Public Employees’ Retirement System of Nevada - Police and Firefighters Plan,NV,Nevada,Nevada,3,2021.0,2021-06-30,1.3418944e+07,0.273,0.756
69,Nevada Regular Employees,Public Employees’ Retirement System of Nevada - Regular Employees Plan,NV,Nevada,Nevada,1,2001.0,2001-06-30,1.0946158e+07,-0.015,0.855
69,Nevada Regular Employees,Public Employees’ Retirement System of Nevada - Regular Employees Plan,NV,Nevada,Nevada,1,2002.0,2002-06-30,1.0779362e+07,-0.027,0.835
69,Nevada Regular Employees,Public Employees’ Retirement System of Nevada - Regular Employees Plan,NV,Nevada,Nevada,1,2003.0,2003-06-30,1.1448722e+07,0.05,0.832
69,Nevada Regular Employees,Public Employees’ Retirement System of Nevada - Regular Employees Plan,NV,Nevada,Nevada,1,2004.0,2004-06-30,1.2997402e+07,0.121,0.805
69,Nevada Regular Employees,Public Employees’ Retirement System of Nevada - Regular Employees Plan,NV,Nevada,Nevada,1,2005.0,2005-06-30,1.4375965e+07,0.093,0.773
69,Nevada Regular Employees,Public Employees’ Retirement System of Nevada - Regular Employees Plan,NV,Nevada,Nevada,1,2006.0,2006-06-30,1.5776866e+07,0.088,0.765
69,Nevada Regular Employees,Public Employees’ Retirement System of Nevada - Regular Employees Plan,NV,Nevada,Nevada,1,2007.0,2007-06-30,1.827178e+07,0.15,0.788
69,Nevada Regular Employees,Public Employees’ Retirement System of Nevada - Regular Employees Plan,NV,Nevada,Nevada,1,2008.0,2008-06-30,1.7804528e+07,-0.032,0.777
69,Nevada Regular Employees,Public Employees’ Retirement System of Nevada - Regular Employees Plan,NV,Nevada,Nevada,1,2009.0,2009-06-30,1.4992576e+07,-0.156,0.734
69,Nevada Regular Employees,Public Employees’ Retirement System of Nevada - Regular Employees Plan,NV,Nevada,Nevada,1,2010.0,2010-06-30,1.6604769e+07,0.11,0.712
69,Nevada Regular Employees,Public Employees’ Retirement System of Nevada - Regular Employees Plan,NV,Nevada,Nevada,1,2011.0,2011-06-30,1.9960072e+07,0.211,0.706
69,Nevada Regular Employees,Public Employees’ Retirement System of Nevada - Regular Employees Plan,NV,Nevada,Nevada,1,2012.0,2012-06-30,2.0387152e+07,0.031,0.712
69,Nevada Regular Employees,Public Employees’ Retirement System of Nevada - Regular Employees Plan,NV,Nevada,Nevada,1,2013.0,2013-06-30,2.2610714e+07,0.124,0.689
69,Nevada Regular Employees,Public Employees’ Retirement System of Nevada - Regular Employees Plan,NV,Nevada,Nevada,1,2014.0,2014-06-30,2.6253268e+07,0.176,0.708
69,Nevada Regular Employees,Public Employees’ Retirement System of Nevada - Regular Employees Plan,NV,Nevada,Nevada,1,2015.0,2015-06-30,2.6975378e+07,0.042,0.724
69,Nevada Regular Employees,Public Employees’ Retirement System of Nevada - Regular Employees Plan,NV,Nevada,Nevada,1,2016.0,2016-06-30,2.722408e+07,0.023,0.732
69,Nevada Regular Employees,Public Employees’ Retirement System of Nevada - Regular Employees Plan,NV,Nevada,Nevada,1,2017.0,2017-06-30,3.0034612e+07,0.119,0.739
69,Nevada Regular Employees,Public Employees’ Retirement System of Nevada - Regular Employees Plan,NV,Nevada,Nevada,1,2018.0,2018-06-30,3.2103774e+07,0.086,0.747
69,Nevada Regular Employees,Public Employees’ Retirement System of Nevada - Regular Employees Plan,NV,Nevada,Nevada,1,2019.0,2019-06-30,3.424213e+07,0.085,0.749
69,Nevada Regular Employees,Public Employees’ Retirement System of Nevada - Regular Employees Plan,NV,Nevada,Nevada,1,2020.0,2020-06-30,3.6064852e+07,0.072,0.757
69,Nevada Regular Employees,Public Employees’ Retirement System of Nevada - Regular Employees Plan,NV,Nevada,Nevada,1,2021.0,2021-06-30,4.503954e+07,0.273,0.753
70,New Hampshire RS,New Hampshire Retirement System,NH,New Hampshire,New Hampshire,1,2001.0,2001-06-30,4.004192e+06,-0.067,0.8497
70,New Hampshire RS,New Hampshire Retirement System,NH,New Hampshire,New Hampshire,1,2002.0,2002-06-30,3.498997e+06,-0.064,0.8206
70,New Hampshire RS,New Hampshire Retirement System,NH,New Hampshire,New Hampshire,1,2003.0,2003-06-30,3.486635e+06,0.025,0.7496
70,New Hampshire RS,New Hampshire Retirement System,NH,New Hampshire,New Hampshire,1,2004.0,2004-06-30,3.94935e+06,0.149,0.7109
70,New Hampshire RS,New Hampshire Retirement System,NH,New Hampshire,New Hampshire,1,2005.0,2005-06-30,4.282672e+06,0.101,0.6027
70,New Hampshire RS,New Hampshire Retirement System,NH,New Hampshire,New Hampshire,1,2006.0,2006-06-30,4.666396e+06,0.1,0.6135
70,New Hampshire RS,New Hampshire Retirement System,NH,New Hampshire,New Hampshire,1,2007.0,2007-06-30,5.795605e+06,0.16,0.67
70,New Hampshire RS,New Hampshire Retirement System,NH,New Hampshire,New Hampshire,1,2008.0,2008-06-30,5.425204e+06,-0.046,0.678
70,New Hampshire RS,New Hampshire Retirement System,NH,New Hampshire,New Hampshire,1,2009.0,2009-06-30,4.315256e+06,-0.181,0.583
70,New Hampshire RS,New Hampshire Retirement System,NH,New Hampshire,New Hampshire,1,2010.0,2010-06-30,4.847852e+06,0.129,0.585
70,New Hampshire RS,New Hampshire Retirement System,NH,New Hampshire,New Hampshire,1,2011.0,2011-06-30,5.857425e+06,0.23,0.574
70,New Hampshire RS,New Hampshire Retirement System,NH,New Hampshire,New Hampshire,1,2012.0,2012-06-30,5.750327e+06,0.009,0.561
70,New Hampshire RS,New Hampshire Retirement System,NH,New Hampshire,New Hampshire,1,2013.0,2013-06-30,6.404984e+06,0.145,0.567
70,New Hampshire RS,New Hampshire Retirement System,NH,New Hampshire,New Hampshire,1,2014.0,2014-06-30,7.390628e+06,0.176,0.607
70,New Hampshire RS,New Hampshire Retirement System,NH,New Hampshire,New Hampshire,1,2015.0,2015-06-30,7.509926e+06,0.035,0.592
70,New Hampshire RS,New Hampshire Retirement System,NH,New Hampshire,New Hampshire,1,2016.0,2016-06-30,7.434318e+06,0.01,0.6
70,New Hampshire RS,New Hampshire Retirement System,NH,New Hampshire,New Hampshire,1,2017.0,2017-06-30,8.253988e+06,0.135,0.618
70,New Hampshire RS,New Hampshire Retirement System,NH,New Hampshire,New Hampshire,1,2018.0,2018-06-30,8.836867e+06,0.089,0.636
70,New Hampshire RS,New Hampshire Retirement System,NH,New Hampshire,New Hampshire,1,2019.0,2019-06-30,9.170773e+06,0.067,0.608
70,New Hampshire RS,New Hampshire Retirement System,NH,New Hampshire,New Hampshire,1,2020.0,2020-06-30,9.097364e+06,0.011,0.61
70,New Hampshire RS,New Hampshire Retirement System,NH,New Hampshire,New Hampshire,1,2021.0,2021-06-30,1.1523879e+07,0.294,0.642
71,New Jersey PERS,Public Employees’ Retirement System of New Jersey,NJ,New Jersey,New Jersey,1,2006.0,2006-06-30,2.5308844e+07,0.098,0.78036
71,New Jersey PERS,Public Employees’ Retirement System of New Jersey,NJ,New Jersey,New Jersey,1,2007.0,2007-06-30,2.8375046e+07,0.171,0.75979
71,New Jersey PERS,Public Employees’ Retirement System of New Jersey,NJ,New Jersey,New Jersey,1,2008.0,2008-06-30,2.7236956e+07,-0.0266,0.73097
71,New Jersey PERS,Public Employees’ Retirement System of New Jersey,NJ,New Jersey,New Jersey,1,2009.0,2009-06-30,2.2542812e+07,-0.1427,0.64893
71,New Jersey PERS,Public Employees’ Retirement System of New Jersey,NJ,New Jersey,New Jersey,1,2010.0,2010-06-30,2.4332712e+07,0.1336,0.69495
71,New Jersey PERS,Public Employees’ Retirement System of New Jersey,NJ,New Jersey,New Jersey,1,2011.0,2011-06-30,2.6994434e+07,0.1803,0.66779
71,New Jersey PERS,Public Employees’ Retirement System of New Jersey,NJ,New Jersey,New Jersey,1,2012.0,2012-06-30,2.6383438e+07,0.0252,0.63637
71,New Jersey PERS,Public Employees’ Retirement System of New Jersey,NJ,New Jersey,New Jersey,1,2013.0,2013-06-30,2.7920036e+07,0.1178,0.62058
71,New Jersey PERS,Public Employees’ Retirement System of New Jersey,NJ,New Jersey,New Jersey,1,2014.0,2014-06-30,2.8999582e+07,0.1687,0.60889
71,New Jersey PERS,Public Employees’ Retirement System of New Jersey,NJ,New Jersey,New Jersey,1,2015.0,2015-06-30,2.8553566e+07,0.0416,0.59459
71,New Jersey PERS,Public Employees’ Retirement System of New Jersey,NJ,New Jersey,New Jersey,1,2016.0,2016-06-30,2.676207e+07,-0.0093,0.57204
71,New Jersey PERS,Public Employees’ Retirement System of New Jersey,NJ,New Jersey,New Jersey,1,2017.0,2017-06-30,2.846424e+07,0.1307,0.60084
71,New Jersey PERS,Public Employees’ Retirement System of New Jersey,NJ,New Jersey,New Jersey,1,2018.0,2018-06-30,2.9472374e+07,0.0906,0.55096
71,New Jersey PERS,Public Employees’ Retirement System of New Jersey,NJ,New Jersey,New Jersey,1,2019.0,2019-06-30,2.9847978e+07,0.0627,0.52205
71,New Jersey PERS,Public Employees’ Retirement System of New Jersey,NJ,New Jersey,New Jersey,1,2020.0,2020-06-30,2.904537e+07,0.0121,0.5179
71,New Jersey PERS,Public Employees’ Retirement System of New Jersey,NJ,New Jersey,New Jersey,1,2021.0,2021-06-30,3.5707804e+07,0.2863,0.529
72,New Jersey Police & Fire,The Police and Firemen’s Retirement System of New Jersey,NJ,New Jersey,New Jersey,3,2006.0,2006-06-30,1.8925186e+07,0.098,0.7836
72,New Jersey Police & Fire,The Police and Firemen’s Retirement System of New Jersey,NJ,New Jersey,New Jersey,3,2007.0,2007-06-30,2.1569984e+07,0.171,0.7759
72,New Jersey Police & Fire,The Police and Firemen’s Retirement System of New Jersey,NJ,New Jersey,New Jersey,3,2008.0,2008-06-30,2.1061218e+07,-0.0266,0.7431
72,New Jersey Police & Fire,The Police and Firemen’s Retirement System of New Jersey,NJ,New Jersey,New Jersey,3,2009.0,2009-06-30,1.808893e+07,-0.1427,0.7083
72,New Jersey Police & Fire,The Police and Firemen’s Retirement System of New Jersey,NJ,New Jersey,New Jersey,3,2010.0,2010-06-30,1.9844138e+07,0.1336,0.7706
72,New Jersey Police & Fire,The Police and Firemen’s Retirement System of New Jersey,NJ,New Jersey,New Jersey,3,2011.0,2011-06-30,2.1292688e+07,0.1803,0.7498
72,New Jersey Police & Fire,The Police and Firemen’s Retirement System of New Jersey,NJ,New Jersey,New Jersey,3,2012.0,2012-06-30,2.1007084e+07,0.0252,0.7429
72,New Jersey Police & Fire,The Police and Firemen’s Retirement System of New Jersey,NJ,New Jersey,New Jersey,3,2013.0,2013-06-30,2.2504938e+07,0.1178,0.7312
72,New Jersey Police & Fire,The Police and Firemen’s Retirement System of New Jersey,NJ,New Jersey,New Jersey,3,2014.0,2014-06-30,2.5020486e+07,0.1687,0.72616
72,New Jersey Police & Fire,The Police and Firemen’s Retirement System of New Jersey,NJ,New Jersey,New Jersey,3,2015.0,2015-06-30,2.5106858e+07,0.0416,0.72614
72,New Jersey Police & Fire,The Police and Firemen’s Retirement System of New Jersey,NJ,New Jersey,New Jersey,3,2016.0,2016-06-30,2.3984726e+07,-0.0093,0.70319
72,New Jersey Police & Fire,The Police and Firemen’s Retirement System of New Jersey,NJ,New Jersey,New Jersey,3,2017.0,2017-06-30,2.5847718e+07,0.1307,0.68801
72,New Jersey Police & Fire,The Police and Firemen’s Retirement System of New Jersey,NJ,New Jersey,New Jersey,3,2018.0,2018-06-30,2.7098556e+07,0.0906,0.6945
72,New Jersey Police & Fire,The Police and Firemen’s Retirement System of New Jersey,NJ,New Jersey,New Jersey,3,2019.0,2019-06-30,2.779242e+07,0.0627,0.6736
72,New Jersey Police & Fire,The Police and Firemen’s Retirement System of New Jersey,NJ,New Jersey,New Jersey,3,2020.0,2020-06-30,2.7412128e+07,0.0121,0.6694
72,New Jersey Police & Fire,The Police and Firemen’s Retirement System of New Jersey,NJ,New Jersey,New Jersey,3,2021.0,2021-06-30,3.3543254e+07,0.2863,0.6652
73,New Jersey Teachers,Teachers’ Pension and Annuity Fund of New Jersey,NJ,New Jersey,New Jersey,2,2006.0,2006-06-30,3.0936388e+07,0.098,0.763
73,New Jersey Teachers,Teachers’ Pension and Annuity Fund of New Jersey,NJ,New Jersey,New Jersey,2,2007.0,2007-06-30,3.4526664e+07,0.171,0.747
73,New Jersey Teachers,Teachers’ Pension and Annuity Fund of New Jersey,NJ,New Jersey,New Jersey,2,2008.0,2008-06-30,3.2315484e+07,-0.0266,0.7084
73,New Jersey Teachers,Teachers’ Pension and Annuity Fund of New Jersey,NJ,New Jersey,New Jersey,2,2009.0,2009-06-30,2.503882e+07,-0.1427,0.6383
73,New Jersey Teachers,Teachers’ Pension and Annuity Fund of New Jersey,NJ,New Jersey,New Jersey,2,2010.0,2010-06-30,2.5892496e+07,0.1336,0.6714
73,New Jersey Teachers,Teachers’ Pension and Annuity Fund of New Jersey,NJ,New Jersey,New Jersey,2,2011.0,2011-06-30,2.7486198e+07,0.1803,0.6281
73,New Jersey Teachers,Teachers’ Pension and Annuity Fund of New Jersey,NJ,New Jersey,New Jersey,2,2012.0,2012-06-30,2.5544836e+07,0.0252,0.593
73,New Jersey Teachers,Teachers’ Pension and Annuity Fund of New Jersey,NJ,New Jersey,New Jersey,2,2013.0,2013-06-30,2.6059372e+07,0.1178,0.5705
73,New Jersey Teachers,Teachers’ Pension and Annuity Fund of New Jersey,NJ,New Jersey,New Jersey,2,2014.0,2014-06-30,2.7282252e+07,0.1687,0.54037
73,New Jersey Teachers,Teachers’ Pension and Annuity Fund of New Jersey,NJ,New Jersey,New Jersey,2,2015.0,2015-06-30,2.5604798e+07,0.0416,0.51123
73,New Jersey Teachers,Teachers’ Pension and Annuity Fund of New Jersey,NJ,New Jersey,New Jersey,2,2016.0,2016-06-30,2.2717862e+07,-0.0093,0.46953
73,New Jersey Teachers,Teachers’ Pension and Annuity Fund of New Jersey,NJ,New Jersey,New Jersey,2,2017.0,2017-06-30,2.3056162e+07,0.1307,0.42123
73,New Jersey Teachers,Teachers’ Pension and Annuity Fund of New Jersey,NJ,New Jersey,New Jersey,2,2018.0,2018-06-30,2.2991116e+07,0.0906,0.43149
73,New Jersey Teachers,Teachers’ Pension and Annuity Fund of New Jersey,NJ,New Jersey,New Jersey,2,2019.0,2019-06-30,2.2696734e+07,0.0627,0.4029
73,New Jersey Teachers,Teachers’ Pension and Annuity Fund of New Jersey,NJ,New Jersey,New Jersey,2,2020.0,2020-06-30,2.152918e+07,0.0121,0.3975
73,New Jersey Teachers,Teachers’ Pension and Annuity Fund of New Jersey,NJ,New Jersey,New Jersey,2,2021.0,2021-06-30,2.6533142e+07,0.2863,0.413
74,New Mexico PERA,Public Employees Retirement Association of New Mexico,NM,New Mexico,New Mexico,1,2001.0,2001-06-30,7.9990475e+06,-0.0185,1.054
74,New Mexico PERA,Public Employees Retirement Association of New Mexico,NM,New Mexico,New Mexico,1,2002.0,2002-06-30,7.8248295e+06,-0.0207,1.031
74,New Mexico PERA,Public Employees Retirement Association of New Mexico,NM,New Mexico,New Mexico,1,2003.0,2003-06-30,8.084949e+06,0.0371,0.973
74,New Mexico PERA,Public Employees Retirement Association of New Mexico,NM,New Mexico,New Mexico,1,2004.0,2004-06-30,9.287742e+06,0.1555,0.931
74,New Mexico PERA,Public Employees Retirement Association of New Mexico,NM,New Mexico,New Mexico,1,2005.0,2005-06-30,1.011907e+07,0.0985,0.917
74,New Mexico PERA,Public Employees Retirement Association of New Mexico,NM,New Mexico,New Mexico,1,2006.0,2006-06-30,1.1215016e+07,0.1174,0.921
74,New Mexico PERA,Public Employees Retirement Association of New Mexico,NM,New Mexico,New Mexico,1,2007.0,2007-06-30,1.3111049e+07,0.1808,0.928
74,New Mexico PERA,Public Employees Retirement Association of New Mexico,NM,New Mexico,New Mexico,1,2008.0,2008-06-30,1.1936716e+07,-0.074,0.933
74,New Mexico PERA,Public Employees Retirement Association of New Mexico,NM,New Mexico,New Mexico,1,2009.0,2009-06-30,8.795819e+06,-0.2411,0.842
74,New Mexico PERA,Public Employees Retirement Association of New Mexico,NM,New Mexico,New Mexico,1,2010.0,2010-06-30,1.0016491e+07,0.1502,0.785
74,New Mexico PERA,Public Employees Retirement Association of New Mexico,NM,New Mexico,New Mexico,1,2011.0,2011-06-30,1.1994455e+07,0.225,0.705
74,New Mexico PERA,Public Employees Retirement Association of New Mexico,NM,New Mexico,New Mexico,1,2012.0,2012-06-30,1.1600024e+07,-0.0038,0.653
74,New Mexico PERA,Public Employees Retirement Association of New Mexico,NM,New Mexico,New Mexico,1,2013.0,2013-06-30,1.2707814e+07,0.1326,0.729
74,New Mexico PERA,Public Employees Retirement Association of New Mexico,NM,New Mexico,New Mexico,1,2014.0,2014-06-30,1.4428501e+07,0.174,0.758
74,New Mexico PERA,Public Employees Retirement Association of New Mexico,NM,New Mexico,New Mexico,1,2015.0,2015-06-30,1.4255529e+07,0.0184,0.749
74,New Mexico PERA,Public Employees Retirement Association of New Mexico,NM,New Mexico,New Mexico,1,2016.0,2016-06-30,1.3826658e+07,0.0049,0.753
74,New Mexico PERA,Public Employees Retirement Association of New Mexico,NM,New Mexico,New Mexico,1,2017.0,2017-06-30,1.4798918e+07,0.111,0.749
74,New Mexico PERA,Public Employees Retirement Association of New Mexico,NM,New Mexico,New Mexico,1,2018.0,2018-06-30,1.5210483e+07,0.069,0.716
74,New Mexico PERA,Public Employees Retirement Association of New Mexico,NM,New Mexico,New Mexico,1,2019.0,2019-06-30,1.5507546e+07,0.0638,0.699
74,New Mexico PERA,Public Employees Retirement Association of New Mexico,NM,New Mexico,New Mexico,1,2020.0,2020-06-30,1.4691984e+07,-0.0152,0.703
74,New Mexico PERA,Public Employees Retirement Association of New Mexico,NM,New Mexico,New Mexico,1,2021.0,2021-06-30,1.7813948e+07,0.2536,0.714
75,New Mexico Educational,Educational Retirement Board of New Mexico,NM,New Mexico,New Mexico,2,2001.0,2001-06-30,6.667002e+06,-0.101,0.919
75,New Mexico Educational,Educational Retirement Board of New Mexico,NM,New Mexico,New Mexico,2,2002.0,2002-06-30,6.013356e+06,-0.0873,0.868
75,New Mexico Educational,Educational Retirement Board of New Mexico,NM,New Mexico,New Mexico,2,2003.0,2003-06-30,6.083359e+06,0.028,0.811
75,New Mexico Educational,Educational Retirement Board of New Mexico,NM,New Mexico,New Mexico,2,2004.0,2004-06-30,6.911545e+06,0.1539,0.754
75,New Mexico Educational,Educational Retirement Board of New Mexico,NM,New Mexico,New Mexico,2,2005.0,2005-06-30,7.4511385e+06,0.0986,0.704
75,New Mexico Educational,Educational Retirement Board of New Mexico,NM,New Mexico,New Mexico,2,2006.0,2006-06-30,8.21929e+06,0.123,0.683
75,New Mexico Educational,Educational Retirement Board of New Mexico,NM,New Mexico,New Mexico,2,2007.0,2007-06-30,9.455796e+06,0.176,0.705
75,New Mexico Educational,Educational Retirement Board of New Mexico,NM,New Mexico,New Mexico,2,2008.0,2008-06-30,8.770044e+06,-0.062,0.715
75,New Mexico Educational,Educational Retirement Board of New Mexico,NM,New Mexico,New Mexico,2,2009.0,2009-06-30,7.1136515e+06,-0.173,0.675
75,New Mexico Educational,Educational Retirement Board of New Mexico,NM,New Mexico,New Mexico,2,2010.0,2010-06-30,8.2325235e+06,0.182,0.657
75,New Mexico Educational,Educational Retirement Board of New Mexico,NM,New Mexico,New Mexico,2,2011.0,2011-06-30,9.588563e+06,0.197,0.63
75,New Mexico Educational,Educational Retirement Board of New Mexico,NM,New Mexico,New Mexico,2,2012.0,2012-06-30,9.488961e+06,0.02,0.607
75,New Mexico Educational,Educational Retirement Board of New Mexico,NM,New Mexico,New Mexico,2,2013.0,2013-06-30,1.0191699e+07,0.11,0.601
75,New Mexico Educational,Educational Retirement Board of New Mexico,NM,New Mexico,New Mexico,2,2014.0,2014-06-30,1.1346076e+07,0.146,0.6314
75,New Mexico Educational,Educational Retirement Board of New Mexico,NM,New Mexico,New Mexico,2,2015.0,2015-06-30,1.1497723e+07,0.04,0.637
75,New Mexico Educational,Educational Retirement Board of New Mexico,NM,New Mexico,New Mexico,2,2016.0,2016-06-30,1.1532838e+07,0.026,0.642
75,New Mexico Educational,Educational Retirement Board of New Mexico,NM,New Mexico,New Mexico,2,2017.0,2017-06-30,1.2509356e+07,0.12,0.629
75,New Mexico Educational,Educational Retirement Board of New Mexico,NM,New Mexico,New Mexico,2,2018.0,2018-06-30,1.2970301e+07,0.083,0.635
75,New Mexico Educational,Educational Retirement Board of New Mexico,NM,New Mexico,New Mexico,2,2019.0,2019-06-30,1.3544691e+07,0.073,0.629
75,New Mexico Educational,Educational Retirement Board of New Mexico,NM,New Mexico,New Mexico,2,2020.0,2020-06-30,1.3019197e+07,-0.0097,0.604
75,New Mexico Educational,Educational Retirement Board of New Mexico,NM,New Mexico,New Mexico,2,2021.0,2021-06-30,1.6361524e+07,0.2876,0.628
76,New York City ERS,New York City Employees' Retirement System,NY,New York,New York City,1,2001.0,2001-06-30,3.7251816e+07,-0.083,1.17354
76,New York City ERS,New York City Employees' Retirement System,NY,New York,New York City,1,2002.0,2002-06-30,3.2841956e+07,-0.0864,1.11967
76,New York City ERS,New York City Employees' Retirement System,NY,New York,New York City,1,2003.0,2003-06-30,3.1524654e+07,0.0394,1.04039
76,New York City ERS,New York City Employees' Retirement System,NY,New York,New York City,1,2004.0,2004-06-30,3.417733e+07,0.163,0.94486
76,New York City ERS,New York City Employees' Retirement System,NY,New York,New York City,1,2005.0,2005-06-30,3.552632e+07,0.0922,0.88439
76,New York City ERS,New York City Employees' Retirement System,NY,New York,New York City,1,2006.0,2006-06-30,3.7288164e+07,0.0983,0.82329
76,New York City ERS,New York City Employees' Retirement System,NY,New York,New York City,1,2007.0,2007-06-30,4.251433e+07,0.1839,0.79032
76,New York City ERS,New York City Employees' Retirement System,NY,New York,New York City,1,2008.0,2008-06-30,3.9716824e+07,-0.0496,0.79669
76,New York City ERS,New York City Employees' Retirement System,NY,New York,New York City,1,2009.0,2009-06-30,3.1903416e+07,-0.1818,0.7862
76,New York City ERS,New York City Employees' Retirement System,NY,New York,New York City,1,2010.0,2010-06-30,3.538379e+07,0.1409,0.64246
76,New York City ERS,New York City Employees' Retirement System,NY,New York,New York City,1,2011.0,2011-06-30,4.240906e+07,0.2312,0.64976
76,New York City ERS,New York City Employees' Retirement System,NY,New York,New York City,1,2012.0,2012-06-30,4.2655336e+07,0.0132,0.66269
76,New York City ERS,New York City Employees' Retirement System,NY,New York,New York City,1,2013.0,2013-06-30,4.719464e+07,0.1224,0.684
76,New York City ERS,New York City Employees' Retirement System,NY,New York,New York City,1,2014.0,2014-06-30,5.442196e+07,0.1704,0.703
76,New York City ERS,New York City Employees' Retirement System,NY,New York,New York City,1,2015.0,2015-06-30,5.4889324e+07,0.0311,0.699
76,New York City ERS,New York City Employees' Retirement System,NY,New York,New York City,1,2016.0,2016-06-30,5.5489504e+07,0.0152,0.714
76,New York City ERS,New York City Employees' Retirement System,NY,New York,New York City,1,2017.0,2017-06-30,6.1316784e+07,0.1299,0.722
76,New York City ERS,New York City Employees' Retirement System,NY,New York,New York City,1,2018.0,2018-06-30,6.520675e+07,0.0856,0.741
76,New York City ERS,New York City Employees' Retirement System,NY,New York,New York City,1,2019.0,2019-06-30,6.852413e+07,0.0713,0.768
76,New York City ERS,New York City Employees' Retirement System,NY,New York,New York City,1,2020.0,2020-06-30,6.989238e+07,0.0358,0.781
76,New York City ERS,New York City Employees' Retirement System,NY,New York,New York City,1,2021.0,2021-06-30,8.590621e+07,0.2663,0.781
77,New York City Teachers,Teachers’ Retirement System of the City of New York,NY,New York,New York City,2,2001.0,2001-06-30,3.1592992e+07,-0.082,0.9798
77,New York City Teachers,Teachers’ Retirement System of the City of New York,NY,New York,New York City,2,2002.0,2002-06-30,2.7025916e+07,-0.081,0.93558
77,New York City Teachers,Teachers’ Retirement System of the City of New York,NY,New York,New York City,2,2003.0,2003-06-30,2.607799e+07,0.04,0.88162
77,New York City Teachers,Teachers’ Retirement System of the City of New York,NY,New York,New York City,2,2004.0,2004-06-30,2.9282756e+07,0.159,0.81105
77,New York City Teachers,Teachers’ Retirement System of the City of New York,NY,New York,New York City,2,2005.0,2005-06-30,3.049217e+07,0.106,0.77068
77,New York City Teachers,Teachers’ Retirement System of the City of New York,NY,New York,New York City,2,2006.0,2006-06-30,3.2206716e+07,0.0995,0.71791
77,New York City Teachers,Teachers’ Retirement System of the City of New York,NY,New York,New York City,2,2007.0,2007-06-30,3.714279e+07,0.1746,0.69623
77,New York City Teachers,Teachers’ Retirement System of the City of New York,NY,New York,New York City,2,2008.0,2008-06-30,3.2297864e+07,-0.0621,0.65237
77,New York City Teachers,Teachers’ Retirement System of the City of New York,NY,New York,New York City,2,2009.0,2009-06-30,2.3077488e+07,-0.1812,0.64114
77,New York City Teachers,Teachers’ Retirement System of the City of New York,NY,New York,New York City,2,2010.0,2010-06-30,2.639841e+07,0.1438,0.58902
77,New York City Teachers,Teachers’ Retirement System of the City of New York,NY,New York,New York City,2,2011.0,2011-06-30,3.3601536e+07,0.2328,0.58232
77,New York City Teachers,Teachers’ Retirement System of the City of New York,NY,New York,New York City,2,2012.0,2012-06-30,3.277476e+07,0.0185,0.5762
77,New York City Teachers,Teachers’ Retirement System of the City of New York,NY,New York,New York City,2,2013.0,2013-06-30,3.6856456e+07,0.119,0.577
77,New York City Teachers,Teachers’ Retirement System of the City of New York,NY,New York,New York City,2,2014.0,2014-06-30,4.448994e+07,0.1762,0.577
77,New York City Teachers,Teachers’ Retirement System of the City of New York,NY,New York,New York City,2,2015.0,2015-06-30,4.4254664e+07,0.0299,0.564
77,New York City Teachers,Teachers’ Retirement System of the City of New York,NY,New York,New York City,2,2016.0,2016-06-30,4.3629544e+07,0.0186,0.586
77,New York City Teachers,Teachers’ Retirement System of the City of New York,NY,New York,New York City,2,2017.0,2017-06-30,5.0095724e+07,0.1289,0.638
77,New York City Teachers,Teachers’ Retirement System of the City of New York,NY,New York,New York City,2,2018.0,2018-06-30,5.4532476e+07,0.0833,0.693
77,New York City Teachers,Teachers’ Retirement System of the City of New York,NY,New York,New York City,2,2019.0,2019-06-30,5.7990212e+07,0.0776,0.784
77,New York City Teachers,Teachers’ Retirement System of the City of New York,NY,New York,New York City,2,2020.0,2020-06-30,5.931895e+07,0.051,0.786
77,New York City Teachers,Teachers’ Retirement System of the City of New York,NY,New York,New York City,2,2021.0,2021-06-30,7.83473e+07,0.2513,0.786
78,New York State Teachers,New York State Teachers’ Retirement System,NY,New York,New York,2,2001.0,2001-06-30,8.166415e+07,-0.057,1.25
78,New York State Teachers,New York State Teachers’ Retirement System,NY,New York,New York,2,2002.0,2002-06-30,7.304118e+07,-0.068,0.996
78,New York State Teachers,New York State Teachers’ Retirement System,NY,New York,New York,2,2003.0,2003-06-30,7.239152e+07,0.04,0.994
78,New York State Teachers,New York State Teachers’ Retirement System,NY,New York,New York,2,2004.0,2004-06-30,8.027625e+07,0.161,0.992
78,New York State Teachers,New York State Teachers’ Retirement System,NY,New York,New York,2,2005.0,2005-06-30,8.490852e+07,0.106,0.988
78,New York State Teachers,New York State Teachers’ Retirement System,NY,New York,New York,2,2006.0,2006-06-30,9.149225e+07,0.118,1.02597
78,New York State Teachers,New York State Teachers’ Retirement System,NY,New York,New York,2,2007.0,2007-06-30,1.0491295e+08,0.193,1.04176
78,New York State Teachers,New York State Teachers’ Retirement System,NY,New York,New York,2,2008.0,2008-06-30,9.5769336e+07,-0.064,1.06617
78,New York State Teachers,New York State Teachers’ Retirement System,NY,New York,New York,2,2009.0,2009-06-30,7.247176e+07,-0.205,1.03188
78,New York State Teachers,New York State Teachers’ Retirement System,NY,New York,New York,2,2010.0,2010-06-30,7.6844936e+07,0.121,1.003
78,New York State Teachers,New York State Teachers’ Retirement System,NY,New York,New York,2,2011.0,2011-06-30,8.988973e+07,0.232,0.967
78,New York State Teachers,New York State Teachers’ Retirement System,NY,New York,New York,2,2012.0,2012-06-30,8.8056264e+07,0.028,0.898
78,New York State Teachers,New York State Teachers’ Retirement System,NY,New York,New York,2,2013.0,2013-06-30,9.536702e+07,0.137,0.875
78,New York State Teachers,New York State Teachers’ Retirement System,NY,New York,New York,2,2014.0,2014-06-30,1.0815508e+08,0.182,0.929
78,New York State Teachers,New York State Teachers’ Retirement System,NY,New York,New York,2,2015.0,2015-06-30,1.0971892e+08,0.052,0.942
78,New York State Teachers,New York State Teachers’ Retirement System,NY,New York,New York,2,2016.0,2016-06-30,1.0750614e+08,0.023,0.979
78,New York State Teachers,New York State Teachers’ Retirement System,NY,New York,New York,2,2017.0,2017-06-30,1.1546836e+08,0.125,0.977
78,New York State Teachers,New York State Teachers’ Retirement System,NY,New York,New York,2,2018.0,2018-06-30,1.1991552e+08,0.09,0.992
78,New York State Teachers,New York State Teachers’ Retirement System,NY,New York,New York,2,2019.0,2019-06-30,1.2247748e+08,0.071,0.996
78,New York State Teachers,New York State Teachers’ Retirement System,NY,New York,New York,2,2020.0,2020-06-30,1.204795e+08,0.035,0.98868
78,New York State Teachers,New York State Teachers’ Retirement System,NY,New York,New York,2,2021.0,2021-06-30,1.4814846e+08,0.29,0.99311
79,North Carolina Local Government,North Carolina Local Governmental Employees’ Retirement System,NC,North Carolina,North Carolina,1,2001.0,2001-06-30,1.1487495e+07,-0.0204,0.993
79,North Carolina Local Government,North Carolina Local Governmental Employees’ Retirement System,NC,North Carolina,North Carolina,1,2002.0,2002-06-30,1.1018286e+07,-0.0404,0.993
79,North Carolina Local Government,North Carolina Local Governmental Employees’ Retirement System,NC,North Carolina,North Carolina,1,2003.0,2003-06-30,1.1917856e+07,0.0756,0.994
79,North Carolina Local Government,North Carolina Local Governmental Employees’ Retirement System,NC,North Carolina,North Carolina,1,2004.0,2004-06-30,1.3267059e+07,0.121,0.993
79,North Carolina Local Government,North Carolina Local Governmental Employees’ Retirement System,NC,North Carolina,North Carolina,1,2005.0,2005-06-30,1.4444647e+07,0.0985,0.993
79,North Carolina Local Government,North Carolina Local Governmental Employees’ Retirement System,NC,North Carolina,North Carolina,1,2006.0,2006-06-30,1.5354808e+07,0.0723,0.994
79,North Carolina Local Government,North Carolina Local Governmental Employees’ Retirement System,NC,North Carolina,North Carolina,1,2007.0,2007-06-30,1.7458332e+07,0.148,0.995
79,North Carolina Local Government,North Carolina Local Governmental Employees’ Retirement System,NC,North Carolina,North Carolina,1,2008.0,2008-06-30,1.693598e+07,-0.021,0.995
79,North Carolina Local Government,North Carolina Local Governmental Employees’ Retirement System,NC,North Carolina,North Carolina,1,2009.0,2009-06-30,1.4360337e+07,-0.142,0.996
79,North Carolina Local Government,North Carolina Local Governmental Employees’ Retirement System,NC,North Carolina,North Carolina,1,2010.0,2010-06-30,1.5795385e+07,0.12,0.995
79,North Carolina Local Government,North Carolina Local Governmental Employees’ Retirement System,NC,North Carolina,North Carolina,1,2011.0,2011-06-30,1.8496068e+07,0.1848,0.996
79,North Carolina Local Government,North Carolina Local Governmental Employees’ Retirement System,NC,North Carolina,North Carolina,1,2012.0,2012-06-30,1.86516e+07,0.0221,0.998
79,North Carolina Local Government,North Carolina Local Governmental Employees’ Retirement System,NC,North Carolina,North Carolina,1,2013.0,2013-06-30,2.0112962e+07,0.095,0.998
79,North Carolina Local Government,North Carolina Local Governmental Employees’ Retirement System,NC,North Carolina,North Carolina,1,2014.0,2014-06-30,2.2927586e+07,0.159,0.998
79,North Carolina Local Government,North Carolina Local Governmental Employees’ Retirement System,NC,North Carolina,North Carolina,1,2015.0,2015-06-30,2.3047342e+07,0.023,0.998
79,North Carolina Local Government,North Carolina Local Governmental Employees’ Retirement System,NC,North Carolina,North Carolina,1,2016.0,2016-06-30,2.2759676e+07,0.008,0.971
79,North Carolina Local Government,North Carolina Local Governmental Employees’ Retirement System,NC,North Carolina,North Carolina,1,2017.0,2017-06-30,2.470301e+07,0.1077,0.952
79,North Carolina Local Government,North Carolina Local Governmental Employees’ Retirement System,NC,North Carolina,North Carolina,1,2018.0,2018-06-30,2.598226e+07,0.0732,0.92
79,North Carolina Local Government,North Carolina Local Governmental Employees’ Retirement System,NC,North Carolina,North Carolina,1,2019.0,2019-06-30,2.7135948e+07,0.0658,0.9
79,North Carolina Local Government,North Carolina Local Governmental Employees’ Retirement System,NC,North Carolina,North Carolina,1,2020.0,2020-06-30,2.7798634e+07,0.0435,0.894
79,North Carolina Local Government,North Carolina Local Governmental Employees’ Retirement System,NC,North Carolina,North Carolina,1,2021.0,2021-06-30,3.2646868e+07,0.1913,0.878
80,North Carolina Teachers and State Employees,Teachers’ and State Employees’ Retirement System of North Carolina,NC,North Carolina,North Carolina,1,2001.0,2001-06-30,4.466384e+07,-0.0204,1.128
80,North Carolina Teachers and State Employees,Teachers’ and State Employees’ Retirement System of North Carolina,NC,North Carolina,North Carolina,1,2002.0,2002-06-30,4.179168e+07,-0.0404,1.116
80,North Carolina Teachers and State Employees,Teachers’ and State Employees’ Retirement System of North Carolina,NC,North Carolina,North Carolina,1,2003.0,2003-06-30,4.3282584e+07,0.0756,1.084
80,North Carolina Teachers and State Employees,Teachers’ and State Employees’ Retirement System of North Carolina,NC,North Carolina,North Carolina,1,2004.0,2004-06-30,4.6863784e+07,0.121,1.081
80,North Carolina Teachers and State Employees,Teachers’ and State Employees’ Retirement System of North Carolina,NC,North Carolina,North Carolina,1,2005.0,2005-06-30,4.986761e+07,0.0985,1.081
80,North Carolina Teachers and State Employees,Teachers’ and State Employees’ Retirement System of North Carolina,NC,North Carolina,North Carolina,1,2006.0,2006-06-30,5.1851256e+07,0.0723,1.065
80,North Carolina Teachers and State Employees,Teachers’ and State Employees’ Retirement System of North Carolina,NC,North Carolina,North Carolina,1,2007.0,2007-06-30,5.778589e+07,0.148,1.061
80,North Carolina Teachers and State Employees,Teachers’ and State Employees’ Retirement System of North Carolina,NC,North Carolina,North Carolina,1,2008.0,2008-06-30,5.497203e+07,-0.021,1.047
80,North Carolina Teachers and State Employees,Teachers’ and State Employees’ Retirement System of North Carolina,NC,North Carolina,North Carolina,1,2009.0,2009-06-30,4.5421796e+07,-0.142,0.993
80,North Carolina Teachers and State Employees,Teachers’ and State Employees’ Retirement System of North Carolina,NC,North Carolina,North Carolina,1,2010.0,2010-06-30,4.8773836e+07,0.12,0.959
80,North Carolina Teachers and State Employees,Teachers’ and State Employees’ Retirement System of North Carolina,NC,North Carolina,North Carolina,1,2011.0,2011-06-30,5.576036e+07,0.1848,0.954
80,North Carolina Teachers and State Employees,Teachers’ and State Employees’ Retirement System of North Carolina,NC,North Carolina,North Carolina,1,2012.0,2012-06-30,5.5153572e+07,0.0221,0.94
80,North Carolina Teachers and State Employees,Teachers’ and State Employees’ Retirement System of North Carolina,NC,North Carolina,North Carolina,1,2013.0,2013-06-30,5.849172e+07,0.095,0.942
80,North Carolina Teachers and State Employees,Teachers’ and State Employees’ Retirement System of North Carolina,NC,North Carolina,North Carolina,1,2014.0,2014-06-30,6.5615776e+07,0.159,0.948
80,North Carolina Teachers and State Employees,Teachers’ and State Employees’ Retirement System of North Carolina,NC,North Carolina,North Carolina,1,2015.0,2015-06-30,6.500703e+07,0.023,0.956
80,North Carolina Teachers and State Employees,Teachers’ and State Employees’ Retirement System of North Carolina,NC,North Carolina,North Carolina,1,2016.0,2016-06-30,6.3268828e+07,0.008,0.925
80,North Carolina Teachers and State Employees,Teachers’ and State Employees’ Retirement System of North Carolina,NC,North Carolina,North Carolina,1,2017.0,2017-06-30,6.770546e+07,0.1077,0.904
80,North Carolina Teachers and State Employees,Teachers’ and State Employees’ Retirement System of North Carolina,NC,North Carolina,North Carolina,1,2018.0,2018-06-30,7.0426696e+07,0.0732,0.878
80,North Carolina Teachers and State Employees,Teachers’ and State Employees’ Retirement System of North Carolina,NC,North Carolina,North Carolina,1,2019.0,2019-06-30,7.295945e+07,0.0658,0.864
80,North Carolina Teachers and State Employees,Teachers’ and State Employees’ Retirement System of North Carolina,NC,North Carolina,North Carolina,1,2020.0,2020-06-30,7.408245e+07,0.0435,0.864
80,North Carolina Teachers and State Employees,Teachers’ and State Employees’ Retirement System of North Carolina,NC,North Carolina,North Carolina,1,2021.0,2021-06-30,8.639103e+07,0.1913,0.868
81,North Dakota PERS,North Dakota Public Employees Retirement System,ND,North Dakota,North Dakota,1,2001.0,2001-06-30,1.134179e+06,-0.0412,1.106
81,North Dakota PERS,North Dakota Public Employees Retirement System,ND,North Dakota,North Dakota,1,2002.0,2002-06-30,1.04739e+06,-0.0683,1.042
81,North Dakota PERS,North Dakota Public Employees Retirement System,ND,North Dakota,North Dakota,1,2003.0,2003-06-30,1.0928388e+06,0.0546,0.981
81,North Dakota PERS,North Dakota Public Employees Retirement System,ND,North Dakota,North Dakota,1,2004.0,2004-06-30,1.2669622e+06,0.1666,0.94
81,North Dakota PERS,North Dakota Public Employees Retirement System,ND,North Dakota,North Dakota,1,2005.0,2005-06-30,1.4330064e+06,0.1407,0.908
81,North Dakota PERS,North Dakota Public Employees Retirement System,ND,North Dakota,North Dakota,1,2006.0,2006-06-30,1.5872401e+06,0.12,0.868
81,North Dakota PERS,North Dakota Public Employees Retirement System,ND,North Dakota,North Dakota,1,2007.0,2007-06-30,1.8789249e+06,0.1896,0.934
81,North Dakota PERS,North Dakota Public Employees Retirement System,ND,North Dakota,North Dakota,1,2008.0,2008-06-30,1.761223e+06,-0.056,0.926
81,North Dakota PERS,North Dakota Public Employees Retirement System,ND,North Dakota,North Dakota,1,2009.0,2009-06-30,1.3200032e+06,-0.2442,0.851
81,North Dakota PERS,North Dakota Public Employees Retirement System,ND,North Dakota,North Dakota,1,2010.0,2010-06-30,1.474185e+06,0.1367,0.734
81,North Dakota PERS,North Dakota Public Employees Retirement System,ND,North Dakota,North Dakota,1,2011.0,2011-06-30,1.7580566e+06,0.2143,0.705
81,North Dakota PERS,North Dakota Public Employees Retirement System,ND,North Dakota,North Dakota,1,2012.0,2012-06-30,1.7340399e+06,0.0006,0.651
81,North Dakota PERS,North Dakota Public Employees Retirement System,ND,North Dakota,North Dakota,1,2013.0,2013-06-30,1.95767e+06,0.135,0.62
81,North Dakota PERS,North Dakota Public Employees Retirement System,ND,North Dakota,North Dakota,1,2014.0,2014-06-30,2.2815828e+06,0.1638,0.645
81,North Dakota PERS,North Dakota Public Employees Retirement System,ND,North Dakota,North Dakota,1,2015.0,2015-06-30,2.3717108e+06,0.0353,0.686
81,North Dakota PERS,North Dakota Public Employees Retirement System,ND,North Dakota,North Dakota,1,2016.0,2016-06-30,2.4148958e+06,0.0028,0.667
81,North Dakota PERS,North Dakota Public Employees Retirement System,ND,North Dakota,North Dakota,1,2017.0,2017-06-30,2.7278355e+06,0.1305,0.707
81,North Dakota PERS,North Dakota Public Employees Retirement System,ND,North Dakota,North Dakota,1,2018.0,2018-06-30,2.9701802e+06,0.0919,0.725
81,North Dakota PERS,North Dakota Public Employees Retirement System,ND,North Dakota,North Dakota,1,2019.0,2019-06-30,3.096731e+06,0.056,0.722
81,North Dakota PERS,North Dakota Public Employees Retirement System,ND,North Dakota,North Dakota,1,2020.0,2020-06-30,3.1543512e+06,0.0341,0.691
81,North Dakota PERS,North Dakota Public Employees Retirement System,ND,North Dakota,North Dakota,1,2021.0,2021-06-30,3.9497228e+06,0.2715,0.711
82,North Dakota Teachers,North Dakota Teachers' Fund for Retirement,ND,North Dakota,North Dakota,2,2001.0,2001-06-30,1.2906621e+06,-0.073,0.964
82,North Dakota Teachers,North Dakota Teachers' Fund for Retirement,ND,North Dakota,North Dakota,2,2002.0,2002-06-30,1.1653696e+06,-0.0888,0.916
82,North Dakota Teachers,North Dakota Teachers' Fund for Retirement,ND,North Dakota,North Dakota,2,2003.0,2003-06-30,1.1752485e+06,0.0228,0.851
82,North Dakota Teachers,North Dakota Teachers' Fund for Retirement,ND,North Dakota,North Dakota,2,2004.0,2004-06-30,1.3746796e+06,0.193,0.803
82,North Dakota Teachers,North Dakota Teachers' Fund for Retirement,ND,North Dakota,North Dakota,2,2005.0,2005-06-30,1.5301944e+06,0.1336,0.748
82,North Dakota Teachers,North Dakota Teachers' Fund for Retirement,ND,North Dakota,North Dakota,2,2006.0,2006-06-30,1.720325e+06,0.1479,0.754
82,North Dakota Teachers,North Dakota Teachers' Fund for Retirement,ND,North Dakota,North Dakota,2,2007.0,2007-06-30,2.0297774e+06,0.2004,0.792
82,North Dakota Teachers,North Dakota Teachers' Fund for Retirement,ND,North Dakota,North Dakota,2,2008.0,2008-06-30,1.8461134e+06,-0.0751,0.819
82,North Dakota Teachers,North Dakota Teachers' Fund for Retirement,ND,North Dakota,North Dakota,2,2009.0,2009-06-30,1.3097168e+06,-0.2733,0.777
82,North Dakota Teachers,North Dakota Teachers' Fund for Retirement,ND,North Dakota,North Dakota,2,2010.0,2010-06-30,1.4379499e+06,0.1387,0.698
82,North Dakota Teachers,North Dakota Teachers' Fund for Retirement,ND,North Dakota,North Dakota,2,2011.0,2011-06-30,1.7261794e+06,0.2421,0.663
82,North Dakota Teachers,North Dakota Teachers' Fund for Retirement,ND,North Dakota,North Dakota,2,2012.0,2012-06-30,1.6541496e+06,-0.0097,0.609
82,North Dakota Teachers,North Dakota Teachers' Fund for Retirement,ND,North Dakota,North Dakota,2,2013.0,2013-06-30,1.839584e+06,0.1363,0.588
82,North Dakota Teachers,North Dakota Teachers' Fund for Retirement,ND,North Dakota,North Dakota,2,2014.0,2014-06-30,2.090977e+06,0.1653,0.618
82,North Dakota Teachers,North Dakota Teachers' Fund for Retirement,ND,North Dakota,North Dakota,2,2015.0,2015-06-30,2.1419208e+06,0.0352,0.616
82,North Dakota Teachers,North Dakota Teachers' Fund for Retirement,ND,North Dakota,North Dakota,2,2016.0,2016-06-30,2.1243352e+06,0.0028,0.621
82,North Dakota Teachers,North Dakota Teachers' Fund for Retirement,ND,North Dakota,North Dakota,2,2017.0,2017-06-30,2.360491e+06,0.1292,0.637
82,North Dakota Teachers,North Dakota Teachers' Fund for Retirement,ND,North Dakota,North Dakota,2,2018.0,2018-06-30,2.5306575e+06,0.0911,0.654
82,North Dakota Teachers,North Dakota Teachers' Fund for Retirement,ND,North Dakota,North Dakota,2,2019.0,2019-06-30,2.616171e+06,0.0554,0.66
82,North Dakota Teachers,North Dakota Teachers' Fund for Retirement,ND,North Dakota,North Dakota,2,2020.0,2020-06-30,2.6505322e+06,0.0345,0.657
82,North Dakota Teachers,North Dakota Teachers' Fund for Retirement,ND,North Dakota,North Dakota,2,2021.0,2021-06-30,3.2824048e+06,0.2654,0.686
83,NY State & Local ERS,New York State and Local Retirement System - Employees’ Retirement System,NY,New York,New York,1,2001.0,2001-03-31,9.646321e+07,-0.0865,1.201
83,NY State & Local ERS,New York State and Local Retirement System - Employees’ Retirement System,NY,New York,New York,1,2002.0,2002-03-31,9.542013e+07,0.0276,1.189
83,NY State & Local ERS,New York State and Local Retirement System - Employees’ Retirement System,NY,New York,New York,1,2003.0,2003-03-31,8.255533e+07,-0.102,0.987
83,NY State & Local ERS,New York State and Local Retirement System - Employees’ Retirement System,NY,New York,New York,1,2004.0,2004-03-31,1.0252688e+08,0.2883,1.005
83,NY State & Local ERS,New York State and Local Retirement System - Employees’ Retirement System,NY,New York,New York,1,2005.0,2005-03-31,1.0873346e+08,0.0851,1.02802
83,NY State & Local ERS,New York State and Local Retirement System - Employees’ Retirement System,NY,New York,New York,1,2006.0,2006-03-31,1.2120888e+08,0.1459,1.04105
83,NY State & Local ERS,New York State and Local Retirement System - Employees’ Retirement System,NY,New York,New York,1,2007.0,2007-03-31,1.3313483e+08,0.1258,1.05755
83,NY State & Local ERS,New York State and Local Retirement System - Employees’ Retirement System,NY,New York,New York,1,2008.0,2008-03-31,1.3247368e+08,0.0256,1.07267
83,NY State & Local ERS,New York State and Local Retirement System - Employees’ Retirement System,NY,New York,New York,1,2009.0,2009-03-31,9.4242344e+07,-0.2638,1.0104
83,NY State & Local ERS,New York State and Local Retirement System - Employees’ Retirement System,NY,New York,New York,1,2010.0,2010-03-31,1.1405764e+08,0.2587,0.93942
83,NY State & Local ERS,New York State and Local Retirement System - Employees’ Retirement System,NY,New York,New York,1,2011.0,2011-03-31,1.27191896e+08,0.1457,0.90226
83,NY State & Local ERS,New York State and Local Retirement System - Employees’ Retirement System,NY,New York,New York,1,2012.0,2012-03-31,1.3050604e+08,0.0596,0.872
83,NY State & Local ERS,New York State and Local Retirement System - Employees’ Retirement System,NY,New York,New York,1,2013.0,2013-03-31,1.3974699e+08,0.1038,0.995
83,NY State & Local ERS,New York State and Local Retirement System - Employees’ Retirement System,NY,New York,New York,1,2014.0,2014-03-31,1.5427336e+08,0.1302,0.92027
83,NY State & Local ERS,New York State and Local Retirement System - Employees’ Retirement System,NY,New York,New York,1,2015.0,2015-03-31,1.6121326e+08,0.0716,0.93765
83,NY State & Local ERS,New York State and Local Retirement System - Employees’ Retirement System,NY,New York,New York,1,2016.0,2016-03-31,1.5625326e+08,0.0019,0.94121
83,NY State & Local ERS,New York State and Local Retirement System - Employees’ Retirement System,NY,New York,New York,1,2017.0,2017-03-31,1.6800437e+08,0.1148,0.944
83,NY State & Local ERS,New York State and Local Retirement System - Employees’ Retirement System,NY,New York,New York,1,2018.0,2018-03-31,1.8017315e+08,0.1135,0.951
83,NY State & Local ERS,New York State and Local Retirement System - Employees’ Retirement System,NY,New York,New York,1,2019.0,2019-03-31,1.8271813e+08,0.0523,0.95242
83,NY State & Local ERS,New York State and Local Retirement System - Employees’ Retirement System,NY,New York,New York,1,2020.0,2020-03-31,1.6811568e+08,-0.0268,0.859
83,NY State & Local ERS,New York State and Local Retirement System - Employees’ Retirement System,NY,New York,New York,1,2021.0,2021-03-31,2.2058058e+08,0.3355,1.005
84,NY State & Local Police & Fire,New York State and Local Retirement System - Police and Fire Retirement System,NY,New York,New York,3,2001.0,2001-03-31,1.7580306e+07,-0.0865,1.326
84,NY State & Local Police & Fire,New York State and Local Retirement System - Police and Fire Retirement System,NY,New York,New York,3,2002.0,2002-03-31,1.7304768e+07,0.0276,1.291
84,NY State & Local Police & Fire,New York State and Local Retirement System - Police and Fire Retirement System,NY,New York,New York,3,2003.0,2003-03-31,1.4817344e+07,-0.102,1.033
84,NY State & Local Police & Fire,New York State and Local Retirement System - Police and Fire Retirement System,NY,New York,New York,3,2004.0,2004-03-31,1.8272124e+07,0.2883,1.041
84,NY State & Local Police & Fire,New York State and Local Retirement System - Police and Fire Retirement System,NY,New York,New York,3,2005.0,2005-03-31,1.9304262e+07,0.0851,1.04804
84,NY State & Local Police & Fire,New York State and Local Retirement System - Police and Fire Retirement System,NY,New York,New York,3,2006.0,2006-03-31,2.1411208e+07,0.1459,1.05164
84,NY State & Local Police & Fire,New York State and Local Retirement System - Police and Fire Retirement System,NY,New York,New York,3,2007.0,2007-03-31,2.3490408e+07,0.1258,1.065
84,NY State & Local Police & Fire,New York State and Local Retirement System - Police and Fire Retirement System,NY,New York,New York,3,2008.0,2008-03-31,2.3372192e+07,0.0256,1.08042
84,NY State & Local Police & Fire,New York State and Local Retirement System - Police and Fire Retirement System,NY,New York,New York,3,2009.0,2009-03-31,1.6695434e+07,-0.2638,1.03826
84,NY State & Local Police & Fire,New York State and Local Retirement System - Police and Fire Retirement System,NY,New York,New York,3,2010.0,2010-03-31,2.0194092e+07,0.2587,0.96661
84,NY State & Local Police & Fire,New York State and Local Retirement System - Police and Fire Retirement System,NY,New York,New York,3,2011.0,2011-03-31,2.2356656e+07,0.1457,0.91872
84,NY State & Local Police & Fire,New York State and Local Retirement System - Police and Fire Retirement System,NY,New York,New York,3,2012.0,2012-03-31,2.2888394e+07,0.0596,0.879
84,NY State & Local Police & Fire,New York State and Local Retirement System - Police and Fire Retirement System,NY,New York,New York,3,2013.0,2013-03-31,2.447484e+07,0.1038,0.895
84,NY State & Local Police & Fire,New York State and Local Retirement System - Police and Fire Retirement System,NY,New York,New York,3,2014.0,2014-03-31,2.7001986e+07,0.1302,0.93062
84,NY State & Local Police & Fire,New York State and Local Retirement System - Police and Fire Retirement System,NY,New York,New York,3,2015.0,2015-03-31,2.8199156e+07,0.0716,0.93162
84,NY State & Local Police & Fire,New York State and Local Retirement System - Police and Fire Retirement System,NY,New York,New York,3,2016.0,2016-03-31,2.738694e+07,0.0019,0.92626
84,NY State & Local Police & Fire,New York State and Local Retirement System - Police and Fire Retirement System,NY,New York,New York,3,2017.0,2017-03-31,2.959783e+07,0.1148,0.931
84,NY State & Local Police & Fire,New York State and Local Retirement System - Police and Fire Retirement System,NY,New York,New York,3,2018.0,2018-03-31,3.1903666e+07,0.1135,0.94
84,NY State & Local Police & Fire,New York State and Local Retirement System - Police and Fire Retirement System,NY,New York,New York,3,2019.0,2019-03-31,3.2451036e+07,0.0523,0.93549
84,NY State & Local Police & Fire,New York State and Local Retirement System - Police and Fire Retirement System,NY,New York,New York,3,2020.0,2020-03-31,2.996408e+07,-0.0268,0.828
84,NY State & Local Police & Fire,New York State and Local Retirement System - Police and Fire Retirement System,NY,New York,New York,3,2021.0,2021-03-31,3.95005e+07,0.3355,0.96
85,Ohio PERS,Ohio Public Employees Retirement System,OH,Ohio,Ohio,1,2001.0,2001-12-31,5.3972732e+07,-0.046,1.03
85,Ohio PERS,Ohio Public Employees Retirement System,OH,Ohio,Ohio,1,2002.0,2002-12-31,3.9100016e+07,-0.1074,0.86
85,Ohio PERS,Ohio Public Employees Retirement System,OH,Ohio,Ohio,1,2003.0,2003-12-31,4.8239336e+07,0.2533,0.85
85,Ohio PERS,Ohio Public Employees Retirement System,OH,Ohio,Ohio,1,2004.0,2004-12-31,5.3554316e+07,0.125,0.88
85,Ohio PERS,Ohio Public Employees Retirement System,OH,Ohio,Ohio,1,2005.0,2005-12-31,5.7662216e+07,0.093,0.891
85,Ohio PERS,Ohio Public Employees Retirement System,OH,Ohio,Ohio,1,2006.0,2006-12-31,6.529735e+07,0.151,0.927
85,Ohio PERS,Ohio Public Employees Retirement System,OH,Ohio,Ohio,1,2007.0,2007-12-31,6.995964e+07,0.0889,0.963
85,Ohio PERS,Ohio Public Employees Retirement System,OH,Ohio,Ohio,1,2008.0,2008-12-31,4.9312812e+07,-0.2715,0.753
85,Ohio PERS,Ohio Public Employees Retirement System,OH,Ohio,Ohio,1,2009.0,2009-12-31,5.7630424e+07,0.1909,0.753
85,Ohio PERS,Ohio Public Employees Retirement System,OH,Ohio,Ohio,1,2010.0,2010-12-31,6.3515004e+07,0.1398,0.761
85,Ohio PERS,Ohio Public Employees Retirement System,OH,Ohio,Ohio,1,2011.0,2011-12-31,6.1692652e+07,0.0036,0.774
85,Ohio PERS,Ohio Public Employees Retirement System,OH,Ohio,Ohio,1,2012.0,2012-12-31,6.766809e+07,0.1454,0.809
85,Ohio PERS,Ohio Public Employees Retirement System,OH,Ohio,Ohio,1,2013.0,2013-12-31,7.4618536e+07,0.1438,0.82372
85,Ohio PERS,Ohio Public Employees Retirement System,OH,Ohio,Ohio,1,2014.0,2014-12-31,7.695623e+07,0.0696,0.83767
85,Ohio PERS,Ohio Public Employees Retirement System,OH,Ohio,Ohio,1,2015.0,2015-12-31,7.421332e+07,0.0033,0.84886
85,Ohio PERS,Ohio Public Employees Retirement System,OH,Ohio,Ohio,1,2016.0,2016-12-31,7.710963e+07,0.0831,0.80011
85,Ohio PERS,Ohio Public Employees Retirement System,OH,Ohio,Ohio,1,2017.0,2017-12-31,8.658585e+07,0.1682,0.80956
85,Ohio PERS,Ohio Public Employees Retirement System,OH,Ohio,Ohio,1,2018.0,2018-12-31,8.087661e+07,-0.0299,0.773
85,Ohio PERS,Ohio Public Employees Retirement System,OH,Ohio,Ohio,1,2019.0,2019-12-31,9.112161e+07,0.1759,0.79273
85,Ohio PERS,Ohio Public Employees Retirement System,OH,Ohio,Ohio,1,2020.0,2020-12-31,9.802472e+07,0.1195,0.82582
85,Ohio PERS,Ohio Public Employees Retirement System,OH,Ohio,Ohio,1,2021.0,2021-12-31,1.09209656e+08,0.152,0.83789
86,Ohio Police & Fire,Ohio Police & Fire Pension Fund,OH,Ohio,Ohio,3,2001.0,2001-12-31,8.2513355e+06,-0.0388,0.9275
86,Ohio Police & Fire,Ohio Police & Fire Pension Fund,OH,Ohio,Ohio,3,2002.0,2002-12-31,7.2355865e+06,-0.099,0.8263
86,Ohio Police & Fire,Ohio Police & Fire Pension Fund,OH,Ohio,Ohio,3,2003.0,2003-12-31,8.686752e+06,0.2496,0.8647
86,Ohio Police & Fire,Ohio Police & Fire Pension Fund,OH,Ohio,Ohio,3,2004.0,2004-12-31,9.514236e+06,0.1329,0.8088
86,Ohio Police & Fire,Ohio Police & Fire Pension Fund,OH,Ohio,Ohio,3,2005.0,2005-12-31,9.994404e+06,0.0882,0.7835
86,Ohio Police & Fire,Ohio Police & Fire Pension Fund,OH,Ohio,Ohio,3,2006.0,2006-12-31,1.117579e+07,0.1615,0.782
86,Ohio Police & Fire,Ohio Police & Fire Pension Fund,OH,Ohio,Ohio,3,2007.0,2007-12-31,1.1895472e+07,0.1047,0.817
86,Ohio Police & Fire,Ohio Police & Fire Pension Fund,OH,Ohio,Ohio,3,2008.0,2008-12-31,7.7576305e+06,-0.2806,0.651
86,Ohio Police & Fire,Ohio Police & Fire Pension Fund,OH,Ohio,Ohio,3,2009.0,2009-12-31,9.056794e+06,0.2073,0.728
86,Ohio Police & Fire,Ohio Police & Fire Pension Fund,OH,Ohio,Ohio,3,2010.0,2010-12-31,1.00755e+07,0.1583,0.694
86,Ohio Police & Fire,Ohio Police & Fire Pension Fund,OH,Ohio,Ohio,3,2011.0,2011-12-31,9.688358e+06,0.0256,0.631
86,Ohio Police & Fire,Ohio Police & Fire Pension Fund,OH,Ohio,Ohio,3,2012.0,2012-12-31,1.0602834e+07,0.1489,0.642
86,Ohio Police & Fire,Ohio Police & Fire Pension Fund,OH,Ohio,Ohio,3,2013.0,2013-12-31,1.1920513e+07,0.1694,0.667
86,Ohio Police & Fire,Ohio Police & Fire Pension Fund,OH,Ohio,Ohio,3,2014.0,2014-12-31,1.3453448e+07,0.0679,0.708
86,Ohio Police & Fire,Ohio Police & Fire Pension Fund,OH,Ohio,Ohio,3,2015.0,2015-12-31,1.2923943e+07,0.0065,0.713
86,Ohio Police & Fire,Ohio Police & Fire Pension Fund,OH,Ohio,Ohio,3,2016.0,2016-12-31,1.3682389e+07,0.1151,0.698
86,Ohio Police & Fire,Ohio Police & Fire Pension Fund,OH,Ohio,Ohio,3,2017.0,2017-12-31,1.4963614e+07,0.143,0.699
86,Ohio Police & Fire,Ohio Police & Fire Pension Fund,OH,Ohio,Ohio,3,2018.0,2018-12-31,1.3941057e+07,-0.0178,0.694
86,Ohio Police & Fire,Ohio Police & Fire Pension Fund,OH,Ohio,Ohio,3,2019.0,2019-12-31,1.5636591e+07,0.1789,0.69679
86,Ohio Police & Fire,Ohio Police & Fire Pension Fund,OH,Ohio,Ohio,3,2020.0,2020-12-31,1.6411125e+07,0.0921,0.712
86,Ohio Police & Fire,Ohio Police & Fire Pension Fund,OH,Ohio,Ohio,3,2021.0,2021-12-31,1.8776918e+07,0.2048,0.697
87,Ohio School Employees,School Employees’ Retirement System of Ohio,OH,Ohio,Ohio,1,2001.0,2001-06-30,7.884632e+06,-0.068,0.95
87,Ohio School Employees,School Employees’ Retirement System of Ohio,OH,Ohio,Ohio,1,2002.0,2002-06-30,7.112279e+06,-0.078,0.902
87,Ohio School Employees,School Employees’ Retirement System of Ohio,OH,Ohio,Ohio,1,2003.0,2003-06-30,7.1153765e+06,0.018,0.836
87,Ohio School Employees,School Employees’ Retirement System of Ohio,OH,Ohio,Ohio,1,2004.0,2004-06-30,8.1533615e+06,0.165,0.781
87,Ohio School Employees,School Employees’ Retirement System of Ohio,OH,Ohio,Ohio,1,2005.0,2005-06-30,8.886889e+06,0.105,0.753
87,Ohio School Employees,School Employees’ Retirement System of Ohio,OH,Ohio,Ohio,1,2006.0,2006-06-30,9.856025e+06,0.132,0.764
87,Ohio School Employees,School Employees’ Retirement System of Ohio,OH,Ohio,Ohio,1,2007.0,2007-06-30,1.1571333e+07,0.193,0.808
87,Ohio School Employees,School Employees’ Retirement System of Ohio,OH,Ohio,Ohio,1,2008.0,2008-06-30,1.0646564e+07,-0.053,0.82
87,Ohio School Employees,School Employees’ Retirement System of Ohio,OH,Ohio,Ohio,1,2009.0,2009-06-30,8.024889e+06,-0.218,0.684
87,Ohio School Employees,School Employees’ Retirement System of Ohio,OH,Ohio,Ohio,1,2010.0,2010-06-30,8.953363e+06,0.123,0.726
87,Ohio School Employees,School Employees’ Retirement System of Ohio,OH,Ohio,Ohio,1,2011.0,2011-06-30,1.0483076e+07,0.209,0.652
87,Ohio School Employees,School Employees’ Retirement System of Ohio,OH,Ohio,Ohio,1,2012.0,2012-06-30,1.0201186e+07,0.009,0.628
87,Ohio School Employees,School Employees’ Retirement System of Ohio,OH,Ohio,Ohio,1,2013.0,2013-06-30,1.1160575e+07,0.137,0.653
87,Ohio School Employees,School Employees’ Retirement System of Ohio,OH,Ohio,Ohio,1,2014.0,2014-06-30,1.2662776e+07,0.18,0.681
87,Ohio School Employees,School Employees’ Retirement System of Ohio,OH,Ohio,Ohio,1,2015.0,2015-06-30,1.2638892e+07,0.039,0.688
87,Ohio School Employees,School Employees’ Retirement System of Ohio,OH,Ohio,Ohio,1,2016.0,2016-06-30,1.2296016e+07,0.014,0.673
87,Ohio School Employees,School Employees’ Retirement System of Ohio,OH,Ohio,Ohio,1,2017.0,2017-06-30,1.3438843e+07,0.132,0.707
87,Ohio School Employees,School Employees’ Retirement System of Ohio,OH,Ohio,Ohio,1,2018.0,2018-06-30,1.4078724e+07,0.092,0.707
87,Ohio School Employees,School Employees’ Retirement System of Ohio,OH,Ohio,Ohio,1,2019.0,2019-06-30,1.4337482e+07,0.066,0.71
87,Ohio School Employees,School Employees’ Retirement System of Ohio,OH,Ohio,Ohio,1,2020.0,2020-06-30,1.4203048e+07,0.03,0.719
87,Ohio School Employees,School Employees’ Retirement System of Ohio,OH,Ohio,Ohio,1,2021.0,2021-06-30,1.7561236e+07,0.268,0.748
88,Ohio Teachers,Ohio State Teachers Retirement System,OH,Ohio,Ohio,2,2001.0,2001-06-30,5.0078436e+07,-0.082,0.91187
88,Ohio Teachers,Ohio State Teachers Retirement System,OH,Ohio,Ohio,2,2002.0,2002-06-30,4.4882124e+07,-0.0813,0.77432
88,Ohio Teachers,Ohio State Teachers Retirement System,OH,Ohio,Ohio,2,2003.0,2003-06-30,4.4802544e+07,0.0232,0.74138
88,Ohio Teachers,Ohio State Teachers Retirement System,OH,Ohio,Ohio,2,2004.0,2004-06-30,5.14115e+07,0.177,0.74755
88,Ohio Teachers,Ohio State Teachers Retirement System,OH,Ohio,Ohio,2,2005.0,2005-06-30,5.618248e+07,0.1225,0.7278
88,Ohio Teachers,Ohio State Teachers Retirement System,OH,Ohio,Ohio,2,2006.0,2006-06-30,6.212607e+07,0.1373,0.74885
88,Ohio Teachers,Ohio State Teachers Retirement System,OH,Ohio,Ohio,2,2007.0,2007-06-30,7.293543e+07,0.2073,0.80107
88,Ohio Teachers,Ohio State Teachers Retirement System,OH,Ohio,Ohio,2,2008.0,2008-06-30,6.6837412e+07,-0.0544,0.79069
88,Ohio Teachers,Ohio State Teachers Retirement System,OH,Ohio,Ohio,2,2009.0,2009-06-30,5.009572e+07,-0.2166,0.5991
88,Ohio Teachers,Ohio State Teachers Retirement System,OH,Ohio,Ohio,2,2010.0,2010-06-30,5.4140412e+07,0.1354,0.58895
88,Ohio Teachers,Ohio State Teachers Retirement System,OH,Ohio,Ohio,2,2011.0,2011-06-30,6.311671e+07,0.2259,0.58614
88,Ohio Teachers,Ohio State Teachers Retirement System,OH,Ohio,Ohio,2,2012.0,2012-06-30,6.069362e+07,0.0234,0.55724
88,Ohio Teachers,Ohio State Teachers Retirement System,OH,Ohio,Ohio,2,2013.0,2013-06-30,6.4705984e+07,0.1366,0.6608
88,Ohio Teachers,Ohio State Teachers Retirement System,OH,Ohio,Ohio,2,2014.0,2014-06-30,7.098866e+07,0.1683,0.69039
88,Ohio Teachers,Ohio State Teachers Retirement System,OH,Ohio,Ohio,2,2015.0,2015-06-30,7.043265e+07,0.0545,0.69044
88,Ohio Teachers,Ohio State Teachers Retirement System,OH,Ohio,Ohio,2,2016.0,2016-06-30,6.6250104e+07,0.0092,0.69273
88,Ohio Teachers,Ohio State Teachers Retirement System,OH,Ohio,Ohio,2,2017.0,2017-06-30,7.11187e+07,0.1429,0.74798
88,Ohio Teachers,Ohio State Teachers Retirement System,OH,Ohio,Ohio,2,2018.0,2018-06-30,7.345757e+07,0.0957,0.75076
88,Ohio Teachers,Ohio State Teachers Retirement System,OH,Ohio,Ohio,2,2019.0,2019-06-30,7.409624e+07,0.0713,0.75648
88,Ohio Teachers,Ohio State Teachers Retirement System,OH,Ohio,Ohio,2,2020.0,2020-06-30,7.272836e+07,0.0314,0.77179
88,Ohio Teachers,Ohio State Teachers Retirement System,OH,Ohio,Ohio,2,2021.0,2021-06-30,8.937904e+07,0.2916,0.801
89,Oklahoma PERS,Oklahoma Public Employees Retirement System,OK,Oklahoma,Oklahoma,1,2001.0,2001-06-30,4.8152965e+06,-0.059,0.826
89,Oklahoma PERS,Oklahoma Public Employees Retirement System,OK,Oklahoma,Oklahoma,1,2002.0,2002-06-30,4.485546e+06,-0.051,0.798
89,Oklahoma PERS,Oklahoma Public Employees Retirement System,OK,Oklahoma,Oklahoma,1,2003.0,2003-06-30,4.619063e+06,0.057,0.768
89,Oklahoma PERS,Oklahoma Public Employees Retirement System,OK,Oklahoma,Oklahoma,1,2004.0,2004-06-30,5.126418e+06,0.14,0.76
89,Oklahoma PERS,Oklahoma Public Employees Retirement System,OK,Oklahoma,Oklahoma,1,2005.0,2005-06-30,5.504489e+06,0.105,0.72
89,Oklahoma PERS,Oklahoma Public Employees Retirement System,OK,Oklahoma,Oklahoma,1,2006.0,2006-06-30,5.8171655e+06,0.08,0.714
89,Oklahoma PERS,Oklahoma Public Employees Retirement System,OK,Oklahoma,Oklahoma,1,2007.0,2007-06-30,6.6404775e+06,0.164,0.726
89,Oklahoma PERS,Oklahoma Public Employees Retirement System,OK,Oklahoma,Oklahoma,1,2008.0,2008-06-30,6.2552075e+06,-0.042,0.73
89,Oklahoma PERS,Oklahoma Public Employees Retirement System,OK,Oklahoma,Oklahoma,1,2009.0,2009-06-30,5.173538e+06,-0.154,0.668
89,Oklahoma PERS,Oklahoma Public Employees Retirement System,OK,Oklahoma,Oklahoma,1,2010.0,2010-06-30,5.7743795e+06,0.138,0.66
89,Oklahoma PERS,Oklahoma Public Employees Retirement System,OK,Oklahoma,Oklahoma,1,2011.0,2011-06-30,6.841002e+06,0.212,0.807
89,Oklahoma PERS,Oklahoma Public Employees Retirement System,OK,Oklahoma,Oklahoma,1,2012.0,2012-06-30,6.8213035e+06,0.0244,0.802
89,Oklahoma PERS,Oklahoma Public Employees Retirement System,OK,Oklahoma,Oklahoma,1,2013.0,2013-06-30,7.4417815e+06,0.1203,0.816
89,Oklahoma PERS,Oklahoma Public Employees Retirement System,OK,Oklahoma,Oklahoma,1,2014.0,2014-06-30,8.570105e+06,0.18,0.886
89,Oklahoma PERS,Oklahoma Public Employees Retirement System,OK,Oklahoma,Oklahoma,1,2015.0,2015-06-30,8.636442e+06,0.032,0.936
89,Oklahoma PERS,Oklahoma Public Employees Retirement System,OK,Oklahoma,Oklahoma,1,2016.0,2016-06-30,8.435579e+06,0.003,0.932
89,Oklahoma PERS,Oklahoma Public Employees Retirement System,OK,Oklahoma,Oklahoma,1,2017.0,2017-06-30,8.913979e+06,0.128,0.945
89,Oklahoma PERS,Oklahoma Public Employees Retirement System,OK,Oklahoma,Oklahoma,1,2018.0,2018-06-30,9.360947e+06,0.084,0.977
89,Oklahoma PERS,Oklahoma Public Employees Retirement System,OK,Oklahoma,Oklahoma,1,2019.0,2019-06-30,9.593138e+06,0.061,0.986
89,Oklahoma PERS,Oklahoma Public Employees Retirement System,OK,Oklahoma,Oklahoma,1,2020.0,2020-06-30,9.722484e+06,0.045,0.933
89,Oklahoma PERS,Oklahoma Public Employees Retirement System,OK,Oklahoma,Oklahoma,1,2021.0,2021-06-30,1.2067733e+07,0.28,0.995
90,Oklahoma Teachers,Teachers' Retirement System of Oklahoma,OK,Oklahoma,Oklahoma,2,2001.0,2001-06-30,6.0499545e+06,-0.023,0.514
90,Oklahoma Teachers,Teachers' Retirement System of Oklahoma,OK,Oklahoma,Oklahoma,2,2002.0,2002-06-30,5.696883e+06,-0.054,0.514
90,Oklahoma Teachers,Teachers' Retirement System of Oklahoma,OK,Oklahoma,Oklahoma,2,2003.0,2003-06-30,5.8633135e+06,0.053,0.54
90,Oklahoma Teachers,Teachers' Retirement System of Oklahoma,OK,Oklahoma,Oklahoma,2,2004.0,2004-06-30,6.951778e+06,0.206,0.473
90,Oklahoma Teachers,Teachers' Retirement System of Oklahoma,OK,Oklahoma,Oklahoma,2,2005.0,2005-06-30,7.540964e+06,0.104,0.495
90,Oklahoma Teachers,Teachers' Retirement System of Oklahoma,OK,Oklahoma,Oklahoma,2,2006.0,2006-06-30,8.1753455e+06,0.097,0.493
90,Oklahoma Teachers,Teachers' Retirement System of Oklahoma,OK,Oklahoma,Oklahoma,2,2007.0,2007-06-30,9.651042e+06,0.185,0.526
90,Oklahoma Teachers,Teachers' Retirement System of Oklahoma,OK,Oklahoma,Oklahoma,2,2008.0,2008-06-30,8.945859e+06,-0.072,0.505
90,Oklahoma Teachers,Teachers' Retirement System of Oklahoma,OK,Oklahoma,Oklahoma,2,2009.0,2009-06-30,7.4521925e+06,-0.1554,0.498
90,Oklahoma Teachers,Teachers' Retirement System of Oklahoma,OK,Oklahoma,Oklahoma,2,2010.0,2010-06-30,8.3519665e+06,0.17,0.479
90,Oklahoma Teachers,Teachers' Retirement System of Oklahoma,OK,Oklahoma,Oklahoma,2,2011.0,2011-06-30,1.0156357e+07,0.235,0.567
90,Oklahoma Teachers,Teachers' Retirement System of Oklahoma,OK,Oklahoma,Oklahoma,2,2012.0,2012-06-30,1.0194736e+07,0.018,0.548
90,Oklahoma Teachers,Teachers' Retirement System of Oklahoma,OK,Oklahoma,Oklahoma,2,2013.0,2013-06-30,1.1835472e+07,0.178,0.572
90,Oklahoma Teachers,Teachers' Retirement System of Oklahoma,OK,Oklahoma,Oklahoma,2,2014.0,2014-06-30,1.4439473e+07,0.224,0.6318
90,Oklahoma Teachers,Teachers' Retirement System of Oklahoma,OK,Oklahoma,Oklahoma,2,2015.0,2015-06-30,1.4644106e+07,0.035,0.666
90,Oklahoma Teachers,Teachers' Retirement System of Oklahoma,OK,Oklahoma,Oklahoma,2,2016.0,2016-06-30,1.399403e+07,-0.02,0.657
90,Oklahoma Teachers,Teachers' Retirement System of Oklahoma,OK,Oklahoma,Oklahoma,2,2017.0,2017-06-30,1.5637797e+07,0.1528,0.704
90,Oklahoma Teachers,Teachers' Retirement System of Oklahoma,OK,Oklahoma,Oklahoma,2,2018.0,2018-06-30,1.6795702e+07,0.097,0.729
90,Oklahoma Teachers,Teachers' Retirement System of Oklahoma,OK,Oklahoma,Oklahoma,2,2019.0,2019-06-30,1.728393e+07,0.052,0.724
90,Oklahoma Teachers,Teachers' Retirement System of Oklahoma,OK,Oklahoma,Oklahoma,2,2020.0,2020-06-30,1.7083498e+07,0.0077,0.67283
90,Oklahoma Teachers,Teachers' Retirement System of Oklahoma,OK,Oklahoma,Oklahoma,2,2021.0,2021-06-30,2.205207e+07,0.3295,0.715
91,Oregon PERS,Oregon Public Employees Retirement System,OR,Oregon,Oregon,1,2001.0,2001-06-30,3.7405696e+07,-0.081,0.96434
91,Oregon PERS,Oregon Public Employees Retirement System,OR,Oregon,Oregon,1,2002.0,2002-06-30,3.4633588e+07,-0.064,1.067
91,Oregon PERS,Oregon Public Employees Retirement System,OR,Oregon,Oregon,1,2003.0,2003-06-30,3.7041244e+07,0.028,0.91
91,Oregon PERS,Oregon Public Employees Retirement System,OR,Oregon,Oregon,1,2004.0,2004-06-30,4.5011388e+07,0.18,0.97
91,Oregon PERS,Oregon Public Employees Retirement System,OR,Oregon,Oregon,1,2005.0,2005-06-30,4.906342e+07,0.137,0.962
91,Oregon PERS,Oregon Public Employees Retirement System,OR,Oregon,Oregon,1,2006.0,2006-06-30,5.4343196e+07,0.143,1.042
91,Oregon PERS,Oregon Public Employees Retirement System,OR,Oregon,Oregon,1,2007.0,2007-06-30,6.2891944e+07,0.186,1.105
91,Oregon PERS,Oregon Public Employees Retirement System,OR,Oregon,Oregon,1,2008.0,2008-06-30,5.8010292e+07,-0.038,1.122
91,Oregon PERS,Oregon Public Employees Retirement System,OR,Oregon,Oregon,1,2009.0,2009-06-30,4.290481e+07,-0.223,0.802
91,Oregon PERS,Oregon Public Employees Retirement System,OR,Oregon,Oregon,1,2010.0,2010-06-30,4.7685016e+07,0.17,0.858
91,Oregon PERS,Oregon Public Employees Retirement System,OR,Oregon,Oregon,1,2011.0,2011-06-30,5.579485e+07,0.223,0.869
91,Oregon PERS,Oregon Public Employees Retirement System,OR,Oregon,Oregon,1,2012.0,2012-06-30,5.3659424e+07,0.016,0.82
91,Oregon PERS,Oregon Public Employees Retirement System,OR,Oregon,Oregon,1,2013.0,2013-06-30,5.847891e+07,0.127,0.907
91,Oregon PERS,Oregon Public Employees Retirement System,OR,Oregon,Oregon,1,2014.0,2014-06-30,6.5401492e+07,0.166,0.959
91,Oregon PERS,Oregon Public Employees Retirement System,OR,Oregon,Oregon,1,2015.0,2015-06-30,6.4923628e+07,0.043,0.836
91,Oregon PERS,Oregon Public Employees Retirement System,OR,Oregon,Oregon,1,2016.0,2016-06-30,6.208206e+07,0.0121,0.787
91,Oregon PERS,Oregon Public Employees Retirement System,OR,Oregon,Oregon,1,2017.0,2017-06-30,6.6371704e+07,0.1192,0.754
91,Oregon PERS,Oregon Public Employees Retirement System,OR,Oregon,Oregon,1,2018.0,2018-06-30,6.93275e+07,0.094,0.801
91,Oregon PERS,Oregon Public Employees Retirement System,OR,Oregon,Oregon,1,2019.0,2019-06-30,7.020372e+07,0.0652,0.749
91,Oregon PERS,Oregon Public Employees Retirement System,OR,Oregon,Oregon,1,2020.0,2020-06-30,6.83193e+07,0.0052,0.786
91,Oregon PERS,Oregon Public Employees Retirement System,OR,Oregon,Oregon,1,2021.0,2021-06-30,8.433132e+07,0.2554,0.759
92,Pennsylvania School Employees,Public School Employees’ Retirement System of Pennsylvania,PA,Pennsylvania,Pennsylvania,2,2001.0,2001-06-30,4.8096956e+07,-0.072,1.144
92,Pennsylvania School Employees,Public School Employees’ Retirement System of Pennsylvania,PA,Pennsylvania,Pennsylvania,2,2002.0,2002-06-30,4.347325e+07,-0.0525,1.048
92,Pennsylvania School Employees,Public School Employees’ Retirement System of Pennsylvania,PA,Pennsylvania,Pennsylvania,2,2003.0,2003-06-30,4.231638e+07,0.0274,0.972
92,Pennsylvania School Employees,Public School Employees’ Retirement System of Pennsylvania,PA,Pennsylvania,Pennsylvania,2,2004.0,2004-06-30,4.833965e+07,0.1967,0.912
92,Pennsylvania School Employees,Public School Employees’ Retirement System of Pennsylvania,PA,Pennsylvania,Pennsylvania,2,2005.0,2005-06-30,5.1936396e+07,0.1287,0.836
92,Pennsylvania School Employees,Public School Employees’ Retirement System of Pennsylvania,PA,Pennsylvania,Pennsylvania,2,2006.0,2006-06-30,5.7235668e+07,0.1526,0.812
92,Pennsylvania School Employees,Public School Employees’ Retirement System of Pennsylvania,PA,Pennsylvania,Pennsylvania,2,2007.0,2007-06-30,6.7341e+07,0.2293,0.858
92,Pennsylvania School Employees,Public School Employees’ Retirement System of Pennsylvania,PA,Pennsylvania,Pennsylvania,2,2008.0,2008-06-30,6.2473424e+07,-0.0282,0.86
92,Pennsylvania School Employees,Public School Employees’ Retirement System of Pennsylvania,PA,Pennsylvania,Pennsylvania,2,2009.0,2009-06-30,4.299548e+07,-0.2654,0.792
92,Pennsylvania School Employees,Public School Employees’ Retirement System of Pennsylvania,PA,Pennsylvania,Pennsylvania,2,2010.0,2010-06-30,4.5598476e+07,0.1459,0.751
92,Pennsylvania School Employees,Public School Employees’ Retirement System of Pennsylvania,PA,Pennsylvania,Pennsylvania,2,2011.0,2011-06-30,5.119999e+07,0.2037,0.691
92,Pennsylvania School Employees,Public School Employees’ Retirement System of Pennsylvania,PA,Pennsylvania,Pennsylvania,2,2012.0,2012-06-30,4.8533796e+07,0.0343,0.663
92,Pennsylvania School Employees,Public School Employees’ Retirement System of Pennsylvania,PA,Pennsylvania,Pennsylvania,2,2013.0,2013-06-30,4.901556e+07,0.0796,0.638
92,Pennsylvania School Employees,Public School Employees’ Retirement System of Pennsylvania,PA,Pennsylvania,Pennsylvania,2,2014.0,2014-06-30,5.2980116e+07,0.1491,0.62
92,Pennsylvania School Employees,Public School Employees’ Retirement System of Pennsylvania,PA,Pennsylvania,Pennsylvania,2,2015.0,2015-06-30,5.158552e+07,0.0304,0.605
92,Pennsylvania School Employees,Public School Employees’ Retirement System of Pennsylvania,PA,Pennsylvania,Pennsylvania,2,2016.0,2016-06-30,4.983206e+07,0.0129,0.573
92,Pennsylvania School Employees,Public School Employees’ Retirement System of Pennsylvania,PA,Pennsylvania,Pennsylvania,2,2017.0,2017-06-30,5.3155336e+07,0.1014,0.563
92,Pennsylvania School Employees,Public School Employees’ Retirement System of Pennsylvania,PA,Pennsylvania,Pennsylvania,2,2018.0,2018-06-30,5.636371e+07,0.0927,0.564
92,Pennsylvania School Employees,Public School Employees’ Retirement System of Pennsylvania,PA,Pennsylvania,Pennsylvania,2,2019.0,2019-06-30,5.8733884e+07,0.0668,0.58
92,Pennsylvania School Employees,Public School Employees’ Retirement System of Pennsylvania,PA,Pennsylvania,Pennsylvania,2,2020.0,2020-06-30,5.8556784e+07,0.0111,0.592
92,Pennsylvania School Employees,Public School Employees’ Retirement System of Pennsylvania,PA,Pennsylvania,Pennsylvania,2,2021.0,2021-06-30,7.196735e+07,0.2458,0.596
93,Pennsylvania State ERS,Pennsylvania State Employees’ Retirement System,PA,Pennsylvania,Pennsylvania,1,2001.0,2001-12-31,2.4706064e+07,-0.079,1.163
93,Pennsylvania State ERS,Pennsylvania State Employees’ Retirement System,PA,Pennsylvania,Pennsylvania,1,2002.0,2002-12-31,2.087956e+07,-0.109,1.072
93,Pennsylvania State ERS,Pennsylvania State Employees’ Retirement System,PA,Pennsylvania,Pennsylvania,1,2003.0,2003-12-31,2.4535948e+07,0.243,1.049
93,Pennsylvania State ERS,Pennsylvania State Employees’ Retirement System,PA,Pennsylvania,Pennsylvania,1,2004.0,2004-12-31,2.66414e+07,0.151,0.961
93,Pennsylvania State ERS,Pennsylvania State Employees’ Retirement System,PA,Pennsylvania,Pennsylvania,1,2005.0,2005-12-31,2.8751872e+07,0.145,0.929
93,Pennsylvania State ERS,Pennsylvania State Employees’ Retirement System,PA,Pennsylvania,Pennsylvania,1,2006.0,2006-12-31,3.205283e+07,0.164,0.927
93,Pennsylvania State ERS,Pennsylvania State Employees’ Retirement System,PA,Pennsylvania,Pennsylvania,1,2007.0,2007-12-31,3.55162e+07,0.172,0.971
93,Pennsylvania State ERS,Pennsylvania State Employees’ Retirement System,PA,Pennsylvania,Pennsylvania,1,2008.0,2008-12-31,2.2795812e+07,-0.287,0.89
93,Pennsylvania State ERS,Pennsylvania State Employees’ Retirement System,PA,Pennsylvania,Pennsylvania,1,2009.0,2009-12-31,2.4661948e+07,0.091,0.844
93,Pennsylvania State ERS,Pennsylvania State Employees’ Retirement System,PA,Pennsylvania,Pennsylvania,1,2010.0,2010-12-31,2.5886102e+07,0.119,0.752
93,Pennsylvania State ERS,Pennsylvania State Employees’ Retirement System,PA,Pennsylvania,Pennsylvania,1,2011.0,2011-12-31,2.437718e+07,0.027,0.653
93,Pennsylvania State ERS,Pennsylvania State Employees’ Retirement System,PA,Pennsylvania,Pennsylvania,1,2012.0,2012-12-31,2.5389336e+07,0.12,0.588
93,Pennsylvania State ERS,Pennsylvania State Employees’ Retirement System,PA,Pennsylvania,Pennsylvania,1,2013.0,2013-12-31,2.7394156e+07,0.136,0.592
93,Pennsylvania State ERS,Pennsylvania State Employees’ Retirement System,PA,Pennsylvania,Pennsylvania,1,2014.0,2014-12-31,2.7337778e+07,0.064,0.594
93,Pennsylvania State ERS,Pennsylvania State Employees’ Retirement System,PA,Pennsylvania,Pennsylvania,1,2015.0,2015-12-31,2.605489e+07,0.004,0.58
93,Pennsylvania State ERS,Pennsylvania State Employees’ Retirement System,PA,Pennsylvania,Pennsylvania,1,2016.0,2016-12-31,2.6387888e+07,0.065,0.581
93,Pennsylvania State ERS,Pennsylvania State Employees’ Retirement System,PA,Pennsylvania,Pennsylvania,1,2017.0,2017-12-31,2.9405042e+07,0.151,0.594
93,Pennsylvania State ERS,Pennsylvania State Employees’ Retirement System,PA,Pennsylvania,Pennsylvania,1,2018.0,2018-12-31,2.693699e+07,-0.046,0.56
93,Pennsylvania State ERS,Pennsylvania State Employees’ Retirement System,PA,Pennsylvania,Pennsylvania,1,2019.0,2019-12-31,3.109632e+07,0.188,0.565
93,Pennsylvania State ERS,Pennsylvania State Employees’ Retirement System,PA,Pennsylvania,Pennsylvania,1,2020.0,2020-12-31,3.502773e+07,0.111,0.594
93,Pennsylvania State ERS,Pennsylvania State Employees’ Retirement System,PA,Pennsylvania,Pennsylvania,1,2021.0,2021-12-31,4.0231016e+07,0.172,0.696
94,Phoenix ERS,Phoenix Employees' Retirement System,AZ,Arizona,Phoenix,1,2004.0,2004-06-30,1.445743e+06,0.16,0.842
94,Phoenix ERS,Phoenix Employees' Retirement System,AZ,Arizona,Phoenix,1,2005.0,2005-06-30,1.549572e+06,0.086,0.842
94,Phoenix ERS,Phoenix Employees' Retirement System,AZ,Arizona,Phoenix,1,2006.0,2006-06-30,1.670553e+06,0.09,0.813
94,Phoenix ERS,Phoenix Employees' Retirement System,AZ,Arizona,Phoenix,1,2007.0,2007-06-30,1.930535e+06,0.165,0.839
94,Phoenix ERS,Phoenix Employees' Retirement System,AZ,Arizona,Phoenix,1,2008.0,2008-06-30,1.810669e+06,-0.051,0.791
94,Phoenix ERS,Phoenix Employees' Retirement System,AZ,Arizona,Phoenix,1,2009.0,2009-06-30,1.409558e+06,-0.204,0.753
94,Phoenix ERS,Phoenix Employees' Retirement System,AZ,Arizona,Phoenix,1,2010.0,2010-06-30,1.535174e+06,0.103,0.693
94,Phoenix ERS,Phoenix Employees' Retirement System,AZ,Arizona,Phoenix,1,2011.0,2011-06-30,1.824207e+06,0.213,0.667
94,Phoenix ERS,Phoenix Employees' Retirement System,AZ,Arizona,Phoenix,1,2012.0,2012-06-30,1.79569e+06,-0.0018,0.622
94,Phoenix ERS,Phoenix Employees' Retirement System,AZ,Arizona,Phoenix,1,2013.0,2013-06-30,1.959952e+06,0.1135,0.642
94,Phoenix ERS,Phoenix Employees' Retirement System,AZ,Arizona,Phoenix,1,2014.0,2014-06-30,2.222242e+06,0.1588,0.587
94,Phoenix ERS,Phoenix Employees' Retirement System,AZ,Arizona,Phoenix,1,2015.0,2015-06-30,2.209526e+06,0.0264,0.554
94,Phoenix ERS,Phoenix Employees' Retirement System,AZ,Arizona,Phoenix,1,2016.0,2016-06-30,2.151421e+06,0.009,0.573
94,Phoenix ERS,Phoenix Employees' Retirement System,AZ,Arizona,Phoenix,1,2017.0,2017-06-30,2.353607e+06,0.115,0.5818
94,Phoenix ERS,Phoenix Employees' Retirement System,AZ,Arizona,Phoenix,1,2018.0,2018-06-30,2.554514e+06,0.071,0.6064
94,Phoenix ERS,Phoenix Employees' Retirement System,AZ,Arizona,Phoenix,1,2019.0,2019-06-30,2.660134e+06,0.062,0.608
94,Phoenix ERS,Phoenix Employees' Retirement System,AZ,Arizona,Phoenix,1,2020.0,2020-06-30,2.681173e+06,0.014,0.6369
94,Phoenix ERS,Phoenix Employees' Retirement System,AZ,Arizona,Phoenix,1,2021.0,2021-06-30,3.438027e+06,0.228,0.707
95,Rhode Island State and Teacher,Rhode Island Employees’ Retirement System Plan,RI,Rhode Island,Rhode Island,1,2005.0,2005-06-30,5.787837e+06,0.122,0.558
95,Rhode Island State and Teacher,Rhode Island Employees’ Retirement System Plan,RI,Rhode Island,Rhode Island,1,2006.0,2006-06-30,6.257121e+06,0.126,0.534
95,Rhode Island State and Teacher,Rhode Island Employees’ Retirement System Plan,RI,Rhode Island,Rhode Island,1,2007.0,2007-06-30,7.236853e+06,0.1584,0.562
95,Rhode Island State and Teacher,Rhode Island Employees’ Retirement System Plan,RI,Rhode Island,Rhode Island,1,2008.0,2008-06-30,6.6729175e+06,-0.0539,0.615
95,Rhode Island State and Teacher,Rhode Island Employees’ Retirement System Plan,RI,Rhode Island,Rhode Island,1,2009.0,2009-06-30,5.103382e+06,-0.1918,0.585
95,Rhode Island State and Teacher,Rhode Island Employees’ Retirement System Plan,RI,Rhode Island,Rhode Island,1,2010.0,2010-06-30,5.487924e+06,0.1346,0.484
95,Rhode Island State and Teacher,Rhode Island Employees’ Retirement System Plan,RI,Rhode Island,Rhode Island,1,2011.0,2011-06-30,6.207065e+06,0.204,0.58784
95,Rhode Island State and Teacher,Rhode Island Employees’ Retirement System Plan,RI,Rhode Island,Rhode Island,1,2012.0,2012-06-30,5.997982e+06,0.0155,0.578
95,Rhode Island State and Teacher,Rhode Island Employees’ Retirement System Plan,RI,Rhode Island,Rhode Island,1,2013.0,2013-06-30,6.1996815e+06,0.111,0.57341
95,Rhode Island State and Teacher,Rhode Island Employees’ Retirement System Plan,RI,Rhode Island,Rhode Island,1,2014.0,2014-06-30,6.3961825e+06,0.1512,0.58724
95,Rhode Island State and Teacher,Rhode Island Employees’ Retirement System Plan,RI,Rhode Island,Rhode Island,1,2015.0,2015-06-30,6.163956e+06,0.0222,0.57907
95,Rhode Island State and Teacher,Rhode Island Employees’ Retirement System Plan,RI,Rhode Island,Rhode Island,1,2016.0,2016-06-30,5.7990325e+06,-0.0027,0.57409
95,Rhode Island State and Teacher,Rhode Island Employees’ Retirement System Plan,RI,Rhode Island,Rhode Island,1,2017.0,2017-06-30,6.1224865e+06,0.1162,0.54034
95,Rhode Island State and Teacher,Rhode Island Employees’ Retirement System Plan,RI,Rhode Island,Rhode Island,1,2018.0,2018-06-30,6.272194e+06,0.0803,0.54088
95,Rhode Island State and Teacher,Rhode Island Employees’ Retirement System Plan,RI,Rhode Island,Rhode Island,1,2019.0,2019-06-30,6.3618405e+06,0.0654,0.54462
95,Rhode Island State and Teacher,Rhode Island Employees’ Retirement System Plan,RI,Rhode Island,Rhode Island,1,2020.0,2020-06-30,6.319548e+06,0.0378,0.55388
95,Rhode Island State and Teacher,Rhode Island Employees’ Retirement System Plan,RI,Rhode Island,Rhode Island,1,2021.0,2021-06-30,7.728868e+06,0.256,0.579
96,Rhode Island Municipal,Rhode Island Municipal Employees’ Retirement System,RI,Rhode Island,Rhode Island,1,2005.0,2005-06-30,911635.0,0.122,0.872
96,Rhode Island Municipal,Rhode Island Municipal Employees’ Retirement System,RI,Rhode Island,Rhode Island,1,2006.0,2006-06-30,1.008867e+06,0.126,0.871
96,Rhode Island Municipal,Rhode Island Municipal Employees’ Retirement System,RI,Rhode Island,Rhode Island,1,2007.0,2007-06-30,1.1889514e+06,0.1584,0.903
96,Rhode Island Municipal,Rhode Island Municipal Employees’ Retirement System,RI,Rhode Island,Rhode Island,1,2008.0,2008-06-30,1.1190411e+06,-0.0539,0.9275
96,Rhode Island Municipal,Rhode Island Municipal Employees’ Retirement System,RI,Rhode Island,Rhode Island,1,2009.0,2009-06-30,892167.8,-0.1918,0.883
96,Rhode Island Municipal,Rhode Island Municipal Employees’ Retirement System,RI,Rhode Island,Rhode Island,1,2010.0,2010-06-30,1.000481e+06,0.1346,0.736
96,Rhode Island Municipal,Rhode Island Municipal Employees’ Retirement System,RI,Rhode Island,Rhode Island,1,2011.0,2011-06-30,1.169954e+06,0.204,0.843
96,Rhode Island Municipal,Rhode Island Municipal Employees’ Retirement System,RI,Rhode Island,Rhode Island,1,2012.0,2012-06-30,1.1648186e+06,0.0155,0.825
96,Rhode Island Municipal,Rhode Island Municipal Employees’ Retirement System,RI,Rhode Island,Rhode Island,1,2013.0,2013-06-30,1.2492956e+06,0.111,0.821
96,Rhode Island Municipal,Rhode Island Municipal Employees’ Retirement System,RI,Rhode Island,Rhode Island,1,2014.0,2014-06-30,1.393745e+06,0.1512,0.841
96,Rhode Island Municipal,Rhode Island Municipal Employees’ Retirement System,RI,Rhode Island,Rhode Island,1,2015.0,2015-06-30,1.3922249e+06,0.0222,0.838
96,Rhode Island Municipal,Rhode Island Municipal Employees’ Retirement System,RI,Rhode Island,Rhode Island,1,2016.0,2016-06-30,1.3578764e+06,-0.0027,0.83
96,Rhode Island Municipal,Rhode Island Municipal Employees’ Retirement System,RI,Rhode Island,Rhode Island,1,2017.0,2017-06-30,1.480293e+06,0.1162,0.786
96,Rhode Island Municipal,Rhode Island Municipal Employees’ Retirement System,RI,Rhode Island,Rhode Island,1,2018.0,2018-06-30,1.5604568e+06,0.0803,0.794
96,Rhode Island Municipal,Rhode Island Municipal Employees’ Retirement System,RI,Rhode Island,Rhode Island,1,2019.0,2019-06-30,1.6251402e+06,0.0654,0.805
96,Rhode Island Municipal,Rhode Island Municipal Employees’ Retirement System,RI,Rhode Island,Rhode Island,1,2020.0,2020-06-30,1.6639655e+06,0.0378,0.805
96,Rhode Island Municipal,Rhode Island Municipal Employees’ Retirement System,RI,Rhode Island,Rhode Island,1,2021.0,2021-06-30,2.0795506e+06,0.256,0.843
97,San Diego County,San Diego County Employees Retirement Association,CA,California,San Diego County,1,2001.0,2001-06-30,3.8168672e+06,-0.084,1.068
97,San Diego County,San Diego County Employees Retirement Association,CA,California,San Diego County,1,2002.0,2002-06-30,3.5335802e+06,-0.0457,0.754
97,San Diego County,San Diego County Employees Retirement Association,CA,California,San Diego County,1,2003.0,2003-06-30,4.103348e+06,0.0372,0.755
97,San Diego County,San Diego County Employees Retirement Association,CA,California,San Diego County,1,2004.0,2004-06-30,5.2625365e+06,0.2127,0.811
97,San Diego County,San Diego County Employees Retirement Association,CA,California,San Diego County,1,2005.0,2005-06-30,6.1422805e+06,0.1391,0.803
97,San Diego County,San Diego County Employees Retirement Association,CA,California,San Diego County,1,2006.0,2006-06-30,7.113599e+06,0.1468,0.836
97,San Diego County,San Diego County Employees Retirement Association,CA,California,San Diego County,1,2007.0,2007-06-30,8.2607745e+06,0.154,0.897
97,San Diego County,San Diego County Employees Retirement Association,CA,California,San Diego County,1,2008.0,2008-06-30,8.38981e+06,0.007,0.9444
97,San Diego County,San Diego County Employees Retirement Association,CA,California,San Diego County,1,2009.0,2009-06-30,6.1798285e+06,-0.244,0.9146
97,San Diego County,San Diego County Employees Retirement Association,CA,California,San Diego County,1,2010.0,2010-06-30,6.8689445e+06,0.13,0.8434
97,San Diego County,San Diego County Employees Retirement Association,CA,California,San Diego County,1,2011.0,2011-06-30,8.1768355e+06,0.207,0.8149
97,San Diego County,San Diego County Employees Retirement Association,CA,California,San Diego County,1,2012.0,2012-06-30,8.515439e+06,0.0589,0.7866
97,San Diego County,San Diego County Employees Retirement Association,CA,California,San Diego County,1,2013.0,2013-06-30,9.060194e+06,0.0773,0.7898
97,San Diego County,San Diego County Employees Retirement Association,CA,California,San Diego County,1,2014.0,2014-06-30,1.0180695e+07,0.1344,0.8092
97,San Diego County,San Diego County Employees Retirement Association,CA,California,San Diego County,1,2015.0,2015-06-30,1.033033e+07,0.0268,0.8054
97,San Diego County,San Diego County Employees Retirement Association,CA,California,San Diego County,1,2016.0,2016-06-30,1.0261268e+07,0.0045,0.7687
97,San Diego County,San Diego County Employees Retirement Association,CA,California,San Diego County,1,2017.0,2017-06-30,1.1397065e+07,0.12,0.7743
97,San Diego County,San Diego County Employees Retirement Association,CA,California,San Diego County,1,2018.0,2018-06-30,1.2274479e+07,0.079,0.7845
97,San Diego County,San Diego County Employees Retirement Association,CA,California,San Diego County,1,2019.0,2019-06-30,1.2862922e+07,0.055,0.7627
97,San Diego County,San Diego County Employees Retirement Association,CA,California,San Diego County,1,2020.0,2020-06-30,1.2909003e+07,0.011,0.7731
97,San Diego County,San Diego County Employees Retirement Association,CA,California,San Diego County,1,2021.0,2021-06-30,1.6126341e+07,0.25,0.8
98,San Francisco City & County,San Francisco City & County Employees' Retirement System,CA,California,San Francisco,1,2001.0,2001-06-30,1.124608e+07,-0.1037,1.29
98,San Francisco City & County,San Francisco City & County Employees' Retirement System,CA,California,San Francisco,1,2002.0,2002-06-30,1.041595e+07,-0.045,1.179
98,San Francisco City & County,San Francisco City & County Employees' Retirement System,CA,California,San Francisco,1,2003.0,2003-06-30,1.0533013e+07,0.0282,1.09
98,San Francisco City & County,San Francisco City & County Employees' Retirement System,CA,California,San Francisco,1,2004.0,2004-06-30,1.1907358e+07,0.1634,1.038
98,San Francisco City & County,San Francisco City & County Employees' Retirement System,CA,California,San Francisco,1,2005.0,2005-06-30,1.3135263e+07,0.1263,1.076
98,San Francisco City & County,San Francisco City & County Employees' Retirement System,CA,California,San Francisco,1,2006.0,2006-06-30,1.4497022e+07,0.1346,1.087
98,San Francisco City & County,San Francisco City & County Employees' Retirement System,CA,California,San Francisco,1,2007.0,2007-06-30,1.6952044e+07,0.1871,1.1
98,San Francisco City & County,San Francisco City & County Employees' Retirement System,CA,California,San Francisco,1,2008.0,2008-06-30,1.5832521e+07,-0.0313,1.04
98,San Francisco City & County,San Francisco City & County Employees' Retirement System,CA,California,San Francisco,1,2009.0,2009-06-30,1.1886729e+07,-0.2198,0.97
98,San Francisco City & County,San Francisco City & County Employees' Retirement System,CA,California,San Francisco,1,2010.0,2010-06-30,1.3136786e+07,0.1255,0.91
98,San Francisco City & County,San Francisco City & County Employees' Retirement System,CA,California,San Francisco,1,2011.0,2011-06-30,1.5598839e+07,0.2184,0.88
98,San Francisco City & County,San Francisco City & County Employees' Retirement System,CA,California,San Francisco,1,2012.0,2012-06-30,1.5293724e+07,0.0167,0.826
98,San Francisco City & County,San Francisco City & County Employees' Retirement System,CA,California,San Francisco,1,2013.0,2013-06-30,1.7011544e+07,0.1301,0.81
98,San Francisco City & County,San Francisco City & County Employees' Retirement System,CA,California,San Francisco,1,2014.0,2014-06-30,1.9920608e+07,0.1873,0.853
98,San Francisco City & County,San Francisco City & County Employees' Retirement System,CA,California,San Francisco,1,2015.0,2015-06-30,2.0428068e+07,0.0396,0.86
98,San Francisco City & County,San Francisco City & County Employees' Retirement System,CA,California,San Francisco,1,2016.0,2016-06-30,2.0154504e+07,0.0129,0.85
98,San Francisco City & County,San Francisco City & County Employees' Retirement System,CA,California,San Francisco,1,2017.0,2017-06-30,2.241035e+07,0.1381,0.86
98,San Francisco City & County,San Francisco City & County Employees' Retirement System,CA,California,San Francisco,1,2018.0,2018-06-30,2.4557996e+07,0.1114,0.87
98,San Francisco City & County,San Francisco City & County Employees' Retirement System,CA,California,San Francisco,1,2019.0,2019-06-30,2.6078648e+07,0.0818,0.88
98,San Francisco City & County,San Francisco City & County Employees' Retirement System,CA,California,San Francisco,1,2020.0,2020-06-30,2.6620218e+07,0.0241,0.9
98,San Francisco City & County,San Francisco City & County Employees' Retirement System,CA,California,San Francisco,1,2021.0,2021-06-30,3.567383e+07,0.337,0.94
99,South Carolina Police,South Carolina Police Officers Retirement System,SC,South Carolina,South Carolina,3,2001.0,2001-06-30,2.234189e+06,0.0736,0.946
99,South Carolina Police,South Carolina Police Officers Retirement System,SC,South Carolina,South Carolina,3,2002.0,2002-06-30,2.273587e+06,0.0085,0.93
99,South Carolina Police,South Carolina Police Officers Retirement System,SC,South Carolina,South Carolina,3,2003.0,2003-06-30,2.461222e+06,0.0832,0.915
99,South Carolina Police,South Carolina Police Officers Retirement System,SC,South Carolina,South Carolina,3,2004.0,2004-06-30,2.663898e+06,0.0864,0.877
99,South Carolina Police,South Carolina Police Officers Retirement System,SC,South Carolina,South Carolina,3,2005.0,2005-06-30,2.821892e+06,0.0663,0.874
99,South Carolina Police,South Carolina Police Officers Retirement System,SC,South Carolina,South Carolina,3,2006.0,2006-06-30,2.948324e+06,0.051,0.847
99,South Carolina Police,South Carolina Police Officers Retirement System,SC,South Carolina,South Carolina,3,2007.0,2007-06-30,3.303981e+06,0.1335,0.847
99,South Carolina Police,South Carolina Police Officers Retirement System,SC,South Carolina,South Carolina,3,2008.0,2008-06-30,3.196071e+06,-0.0256,0.779
99,South Carolina Police,South Carolina Police Officers Retirement System,SC,South Carolina,South Carolina,3,2009.0,2009-06-30,2.530632e+06,-0.1904,0.763
99,South Carolina Police,South Carolina Police Officers Retirement System,SC,South Carolina,South Carolina,3,2010.0,2010-06-30,2.851474e+06,0.1462,0.745
99,South Carolina Police,South Carolina Police Officers Retirement System,SC,South Carolina,South Carolina,3,2011.0,2011-06-30,3.317533e+06,0.1859,0.728
99,South Carolina Police,South Carolina Police Officers Retirement System,SC,South Carolina,South Carolina,3,2012.0,2012-06-30,3.26999e+06,0.0061,0.711
99,South Carolina Police,South Carolina Police Officers Retirement System,SC,South Carolina,South Carolina,3,2013.0,2013-06-30,3.526448e+06,0.0999,0.692
99,South Carolina Police,South Carolina Police Officers Retirement System,SC,South Carolina,South Carolina,3,2014.0,2014-06-30,3.985102e+06,0.1529,0.695
99,South Carolina Police,South Carolina Police Officers Retirement System,SC,South Carolina,South Carolina,3,2015.0,2015-06-30,3.971825e+06,0.016,0.692
99,South Carolina Police,South Carolina Police Officers Retirement System,SC,South Carolina,South Carolina,3,2016.0,2016-06-30,3.876036e+06,-0.0039,0.663
99,South Carolina Police,South Carolina Police Officers Retirement System,SC,South Carolina,South Carolina,3,2017.0,2017-06-30,4.274123e+06,0.1188,0.63
99,South Carolina Police,South Carolina Police Officers Retirement System,SC,South Carolina,South Carolina,3,2018.0,2018-06-30,4.570431e+06,0.0782,0.631
99,South Carolina Police,South Carolina Police Officers Retirement System,SC,South Carolina,South Carolina,3,2019.0,2019-06-30,4.815809e+06,0.0584,0.627
99,South Carolina Police,South Carolina Police Officers Retirement System,SC,South Carolina,South Carolina,3,2020.0,2020-06-30,4.730175e+06,-0.0158,0.625
99,South Carolina Police,South Carolina Police Officers Retirement System,SC,South Carolina,South Carolina,3,2021.0,2021-06-30,6.111672e+06,0.2857,0.643
100,South Carolina RS,South Carolina Retirement System,SC,South Carolina,South Carolina,1,2001.0,2001-06-30,1.868984e+07,0.0752,0.874
100,South Carolina RS,South Carolina Retirement System,SC,South Carolina,South Carolina,1,2002.0,2002-06-30,1.854034e+07,0.0093,0.86
100,South Carolina RS,South Carolina Retirement System,SC,South Carolina,South Carolina,1,2003.0,2003-06-30,1.9770824e+07,0.0898,0.828
100,South Carolina RS,South Carolina Retirement System,SC,South Carolina,South Carolina,1,2004.0,2004-06-30,2.09614e+07,0.0879,0.803
100,South Carolina RS,South Carolina Retirement System,SC,South Carolina,South Carolina,1,2005.0,2005-06-30,2.1820484e+07,0.0703,0.716
100,South Carolina RS,South Carolina Retirement System,SC,South Carolina,South Carolina,1,2006.0,2006-06-30,2.2251562e+07,0.0511,0.696
100,South Carolina RS,South Carolina Retirement System,SC,South Carolina,South Carolina,1,2007.0,2007-06-30,2.4543168e+07,0.1335,0.697
100,South Carolina RS,South Carolina Retirement System,SC,South Carolina,South Carolina,1,2008.0,2008-06-30,2.3247148e+07,-0.0256,0.693
100,South Carolina RS,South Carolina Retirement System,SC,South Carolina,South Carolina,1,2009.0,2009-06-30,1.781748e+07,-0.1904,0.678
100,South Carolina RS,South Carolina Retirement System,SC,South Carolina,South Carolina,1,2010.0,2010-06-30,1.9681136e+07,0.1462,0.655
100,South Carolina RS,South Carolina Retirement System,SC,South Carolina,South Carolina,1,2011.0,2011-06-30,2.2395028e+07,0.1859,0.674
100,South Carolina RS,South Carolina Retirement System,SC,South Carolina,South Carolina,1,2012.0,2012-06-30,2.1536908e+07,0.0064,0.647
100,South Carolina RS,South Carolina Retirement System,SC,South Carolina,South Carolina,1,2013.0,2013-06-30,2.2791322e+07,0.0999,0.625
100,South Carolina RS,South Carolina Retirement System,SC,South Carolina,South Carolina,1,2014.0,2014-06-30,2.573852e+07,0.1529,0.627
100,South Carolina RS,South Carolina Retirement System,SC,South Carolina,South Carolina,1,2015.0,2015-06-30,2.5131828e+07,0.016,0.62
100,South Carolina RS,South Carolina Retirement System,SC,South Carolina,South Carolina,1,2016.0,2016-06-30,2.3996362e+07,-0.0039,0.595
100,South Carolina RS,South Carolina Retirement System,SC,South Carolina,South Carolina,1,2017.0,2017-06-30,2.5732828e+07,0.1188,0.563
100,South Carolina RS,South Carolina Retirement System,SC,South Carolina,South Carolina,1,2018.0,2018-06-30,2.6414916e+07,0.0782,0.55
100,South Carolina RS,South Carolina Retirement System,SC,South Carolina,South Carolina,1,2019.0,2019-06-30,2.7238916e+07,0.0584,0.544
100,South Carolina RS,South Carolina Retirement System,SC,South Carolina,South Carolina,1,2020.0,2020-06-30,2.6292418e+07,-0.0158,0.541
100,South Carolina RS,South Carolina Retirement System,SC,South Carolina,South Carolina,1,2021.0,2021-06-30,3.3490306e+07,0.2857,0.552
101,South Dakota RS,South Dakota Retirement System,SD,South Dakota,South Dakota,1,2001.0,2001-06-30,4.939706e+06,-0.029,0.964
101,South Dakota RS,South Dakota Retirement System,SD,South Dakota,South Dakota,1,2002.0,2002-06-30,4.6249e+06,-0.049,0.967
101,South Dakota RS,South Dakota Retirement System,SD,South Dakota,South Dakota,1,2003.0,2003-06-30,4.784187e+06,0.05,0.972
101,South Dakota RS,South Dakota Retirement System,SD,South Dakota,South Dakota,1,2004.0,2004-06-30,5.518226e+06,0.166,0.977
101,South Dakota RS,South Dakota Retirement System,SD,South Dakota,South Dakota,1,2005.0,2005-06-30,6.159935e+06,0.133,0.966
101,South Dakota RS,South Dakota Retirement System,SD,South Dakota,South Dakota,1,2006.0,2006-06-30,6.8446295e+06,0.131,0.967
101,South Dakota RS,South Dakota Retirement System,SD,South Dakota,South Dakota,1,2007.0,2007-06-30,8.1581685e+06,0.2139,0.971
101,South Dakota RS,South Dakota Retirement System,SD,South Dakota,South Dakota,1,2008.0,2008-06-30,7.3121075e+06,-0.0865,0.972
101,South Dakota RS,South Dakota Retirement System,SD,South Dakota,South Dakota,1,2009.0,2009-06-30,5.648767e+06,-0.2036,0.918
101,South Dakota RS,South Dakota Retirement System,SD,South Dakota,South Dakota,1,2010.0,2010-06-30,6.496635e+06,0.187,0.963
101,South Dakota RS,South Dakota Retirement System,SD,South Dakota,South Dakota,1,2011.0,2011-06-30,7.9362695e+06,0.258,0.964
101,South Dakota RS,South Dakota Retirement System,SD,South Dakota,South Dakota,1,2012.0,2012-06-30,7.842524e+06,0.019,0.926
101,South Dakota RS,South Dakota Retirement System,SD,South Dakota,South Dakota,1,2013.0,2013-06-30,9.085707e+06,0.1902,1.0
101,South Dakota RS,South Dakota Retirement System,SD,South Dakota,South Dakota,1,2014.0,2014-06-30,1.0607554e+07,0.189,1.0
101,South Dakota RS,South Dakota Retirement System,SD,South Dakota,South Dakota,1,2015.0,2015-06-30,1.0776534e+07,0.042,1.0
101,South Dakota RS,South Dakota Retirement System,SD,South Dakota,South Dakota,1,2016.0,2016-06-30,1.0513462e+07,0.003,1.0
101,South Dakota RS,South Dakota Retirement System,SD,South Dakota,South Dakota,1,2017.0,2017-06-30,1.1644039e+07,0.1381,1.001
101,South Dakota RS,South Dakota Retirement System,SD,South Dakota,South Dakota,1,2018.0,2018-06-30,1.2235719e+07,0.0794,1.0
101,South Dakota RS,South Dakota Retirement System,SD,South Dakota,South Dakota,1,2019.0,2019-06-30,1.24728e+07,0.0488,1.001
101,South Dakota RS,South Dakota Retirement System,SD,South Dakota,South Dakota,1,2020.0,2020-06-30,1.2297338e+07,0.0159,1.001
101,South Dakota RS,South Dakota Retirement System,SD,South Dakota,South Dakota,1,2021.0,2021-06-30,1.4632199e+07,0.2203,1.055
102,St. Louis School Employees,Public School Retirement System of the City of St. Louis,MO,Missouri,St. Louis,2,2001.0,2001-12-31,942246.25,-0.02,0.805
102,St. Louis School Employees,Public School Retirement System of the City of St. Louis,MO,Missouri,St. Louis,2,2002.0,2002-12-31,853610.6,-0.059,0.821
102,St. Louis School Employees,Public School Retirement System of the City of St. Louis,MO,Missouri,St. Louis,2,2003.0,2003-12-31,989101.0,0.228,0.84
102,St. Louis School Employees,Public School Retirement System of the City of St. Louis,MO,Missouri,St. Louis,2,2004.0,2004-12-31,1.0605771e+06,0.12,0.863
102,St. Louis School Employees,Public School Retirement System of the City of St. Louis,MO,Missouri,St. Louis,2,2005.0,2005-12-31,1.0614789e+06,0.063,0.876
102,St. Louis School Employees,Public School Retirement System of the City of St. Louis,MO,Missouri,St. Louis,2,2006.0,2006-12-31,1.1244654e+06,0.136,0.872
102,St. Louis School Employees,Public School Retirement System of the City of St. Louis,MO,Missouri,St. Louis,2,2007.0,2007-12-31,1.1509609e+06,0.098,0.876
102,St. Louis School Employees,Public School Retirement System of the City of St. Louis,MO,Missouri,St. Louis,2,2008.0,2008-12-31,809793.0,-0.247,0.876
102,St. Louis School Employees,Public School Retirement System of the City of St. Louis,MO,Missouri,St. Louis,2,2009.0,2009-12-31,891562.94,0.209,0.884
102,St. Louis School Employees,Public School Retirement System of the City of St. Louis,MO,Missouri,St. Louis,2,2010.0,2010-12-31,937594.2,0.149,0.886
102,St. Louis School Employees,Public School Retirement System of the City of St. Louis,MO,Missouri,St. Louis,2,2011.0,2011-12-31,868086.0,-0.001,0.849
102,St. Louis School Employees,Public School Retirement System of the City of St. Louis,MO,Missouri,St. Louis,2,2012.0,2012-12-31,896542.2,0.124,0.843
102,St. Louis School Employees,Public School Retirement System of the City of St. Louis,MO,Missouri,St. Louis,2,2013.0,2013-12-31,962717.4,0.158,0.844
102,St. Louis School Employees,Public School Retirement System of the City of St. Louis,MO,Missouri,St. Louis,2,2014.0,2014-12-31,936930.5,0.045,0.848
102,St. Louis School Employees,Public School Retirement System of the City of St. Louis,MO,Missouri,St. Louis,2,2015.0,2015-12-31,868679.06,-0.005,0.849
102,St. Louis School Employees,Public School Retirement System of the City of St. Louis,MO,Missouri,St. Louis,2,2016.0,2016-12-31,850180.44,0.063,0.737
102,St. Louis School Employees,Public School Retirement System of the City of St. Louis,MO,Missouri,St. Louis,2,2017.0,2017-12-31,914082.25,0.162,0.728
102,St. Louis School Employees,Public School Retirement System of the City of St. Louis,MO,Missouri,St. Louis,2,2018.0,2018-12-31,819449.9,-0.05,0.716
102,St. Louis School Employees,Public School Retirement System of the City of St. Louis,MO,Missouri,St. Louis,2,2019.0,2019-12-31,893039.7,0.168,0.716
102,St. Louis School Employees,Public School Retirement System of the City of St. Louis,MO,Missouri,St. Louis,2,2020.0,2020-12-31,914776.94,0.104,0.732
102,St. Louis School Employees,Public School Retirement System of the City of St. Louis,MO,Missouri,St. Louis,2,2021.0,2021-12-31,972827.6,0.1236,0.737
103,St. Paul Teachers,St. Paul Teachers Retirement Fund,MN,Minnesota,St. Paul,2,2001.0,2001-06-30,824224.94,-0.0235,0.8191
103,St. Paul Teachers,St. Paul Teachers Retirement Fund,MN,Minnesota,St. Paul,2,2002.0,2002-06-30,768931.6,-0.0365,0.7882
103,St. Paul Teachers,St. Paul Teachers Retirement Fund,MN,Minnesota,St. Paul,2,2003.0,2003-06-30,757639.5,0.029,0.7557
103,St. Paul Teachers,St. Paul Teachers Retirement Fund,MN,Minnesota,St. Paul,2,2004.0,2004-06-30,871902.56,0.2009,0.7182
103,St. Paul Teachers,St. Paul Teachers Retirement Fund,MN,Minnesota,St. Paul,2,2005.0,2005-06-30,934667.4,0.1209,0.6965
103,St. Paul Teachers,St. Paul Teachers Retirement Fund,MN,Minnesota,St. Paul,2,2006.0,2006-06-30,1.0057453e+06,0.126,0.6911
103,St. Paul Teachers,St. Paul Teachers Retirement Fund,MN,Minnesota,St. Paul,2,2007.0,2007-06-30,1.1560172e+06,0.198,0.7301
103,St. Paul Teachers,St. Paul Teachers Retirement Fund,MN,Minnesota,St. Paul,2,2008.0,2008-06-30,1.0236396e+06,-0.066,0.7513
103,St. Paul Teachers,St. Paul Teachers Retirement Fund,MN,Minnesota,St. Paul,2,2009.0,2009-06-30,773259.0,-0.188,0.722
103,St. Paul Teachers,St. Paul Teachers Retirement Fund,MN,Minnesota,St. Paul,2,2010.0,2010-06-30,815307.1,0.134,0.6805
103,St. Paul Teachers,St. Paul Teachers Retirement Fund,MN,Minnesota,St. Paul,2,2011.0,2011-06-30,950121.0,0.2501,0.6999
103,St. Paul Teachers,St. Paul Teachers Retirement Fund,MN,Minnesota,St. Paul,2,2012.0,2012-06-30,881926.44,0.0015,0.6198
103,St. Paul Teachers,St. Paul Teachers Retirement Fund,MN,Minnesota,St. Paul,2,2013.0,2013-06-30,933082.1,0.135,0.604
103,St. Paul Teachers,St. Paul Teachers Retirement Fund,MN,Minnesota,St. Paul,2,2014.0,2014-06-30,1.0454353e+06,0.185,0.6181
103,St. Paul Teachers,St. Paul Teachers Retirement Fund,MN,Minnesota,St. Paul,2,2015.0,2015-06-30,1.0149686e+06,0.0265,0.6261
103,St. Paul Teachers,St. Paul Teachers Retirement Fund,MN,Minnesota,St. Paul,2,2016.0,2016-06-30,959665.8,0.0034,0.6325
103,St. Paul Teachers,St. Paul Teachers Retirement Fund,MN,Minnesota,St. Paul,2,2017.0,2017-06-30,1.0322492e+06,0.1393,0.6445
103,St. Paul Teachers,St. Paul Teachers Retirement Fund,MN,Minnesota,St. Paul,2,2018.0,2018-06-30,1.070572e+06,0.0975,0.637
103,St. Paul Teachers,St. Paul Teachers Retirement Fund,MN,Minnesota,St. Paul,2,2019.0,2019-06-30,1.0805436e+06,0.0573,0.6381
103,St. Paul Teachers,St. Paul Teachers Retirement Fund,MN,Minnesota,St. Paul,2,2020.0,2020-06-30,1.0376131e+06,0.001,0.6446
103,St. Paul Teachers,St. Paul Teachers Retirement Fund,MN,Minnesota,St. Paul,2,2021.0,2021-06-30,1.2950642e+06,0.3265,0.6706
104,Texas County & District,Texas County & District Retirement System,TX,Texas,Texas,1,2001.0,2001-12-31,8.610645e+06,0.0297,0.893
104,Texas County & District,Texas County & District Retirement System,TX,Texas,Texas,1,2002.0,2002-12-31,8.901899e+06,0.016,0.887
104,Texas County & District,Texas County & District Retirement System,TX,Texas,Texas,1,2003.0,2003-12-31,1.087167e+07,0.202,0.905
104,Texas County & District,Texas County & District Retirement System,TX,Texas,Texas,1,2004.0,2004-12-31,1.2431196e+07,0.128,0.91
104,Texas County & District,Texas County & District Retirement System,TX,Texas,Texas,1,2005.0,2005-12-31,1.3474445e+07,0.073,0.914
104,Texas County & District,Texas County & District Retirement System,TX,Texas,Texas,1,2006.0,2006-12-31,1.5502632e+07,0.14,0.943
104,Texas County & District,Texas County & District Retirement System,TX,Texas,Texas,1,2007.0,2007-12-31,1.6910164e+07,0.081,0.943
104,Texas County & District,Texas County & District Retirement System,TX,Texas,Texas,1,2008.0,2008-12-31,1.2054818e+07,-0.289,0.886
104,Texas County & District,Texas County & District Retirement System,TX,Texas,Texas,1,2009.0,2009-12-31,1.555554e+07,0.267,0.898
104,Texas County & District,Texas County & District Retirement System,TX,Texas,Texas,1,2010.0,2010-12-31,1.772976e+07,0.128,0.894
104,Texas County & District,Texas County & District Retirement System,TX,Texas,Texas,1,2011.0,2011-12-31,1.7626066e+07,-0.01,0.888
104,Texas County & District,Texas County & District Retirement System,TX,Texas,Texas,1,2012.0,2012-12-31,1.9885316e+07,0.126,0.882
104,Texas County & District,Texas County & District Retirement System,TX,Texas,Texas,1,2013.0,2013-12-31,2.3145956e+07,0.164,0.894
104,Texas County & District,Texas County & District Retirement System,TX,Texas,Texas,1,2014.0,2014-12-31,2.4715158e+07,0.068,0.905
104,Texas County & District,Texas County & District Retirement System,TX,Texas,Texas,1,2015.0,2015-12-31,2.4529678e+07,-0.007,0.887
104,Texas County & District,Texas County & District Retirement System,TX,Texas,Texas,1,2016.0,2016-12-31,2.6287148e+07,0.075,0.884
104,Texas County & District,Texas County & District Retirement System,TX,Texas,Texas,1,2017.0,2017-12-31,3.000037e+07,0.147,0.89
104,Texas County & District,Texas County & District Retirement System,TX,Texas,Texas,1,2018.0,2018-12-31,2.9260546e+07,-0.019,0.885
104,Texas County & District,Texas County & District Retirement System,TX,Texas,Texas,1,2019.0,2019-12-31,3.383351e+07,0.166,0.894
104,Texas County & District,Texas County & District Retirement System,TX,Texas,Texas,1,2020.0,2020-12-31,3.7108196e+07,0.105,0.872
104,Texas County & District,Texas County & District Retirement System,TX,Texas,Texas,1,2021.0,2021-12-31,4.4892276e+07,0.22,0.885
105,Texas ERS,Employees Retirement System of Texas,TX,Texas,Texas,1,2001.0,2001-08-31,1.8061522e+07,-0.0691,1.049
105,Texas ERS,Employees Retirement System of Texas,TX,Texas,Texas,1,2002.0,2002-08-31,1.6447569e+07,-0.0717,1.025
105,Texas ERS,Employees Retirement System of Texas,TX,Texas,Texas,1,2003.0,2003-08-31,1.7467352e+07,0.092,0.976
105,Texas ERS,Employees Retirement System of Texas,TX,Texas,Texas,1,2004.0,2004-08-31,1.8797738e+07,0.1169,0.973
105,Texas ERS,Employees Retirement System of Texas,TX,Texas,Texas,1,2005.0,2005-08-31,2.04487e+07,0.1271,0.948
105,Texas ERS,Employees Retirement System of Texas,TX,Texas,Texas,1,2006.0,2006-08-31,2.1548112e+07,0.0883,0.952
105,Texas ERS,Employees Retirement System of Texas,TX,Texas,Texas,1,2007.0,2007-08-31,2.3479672e+07,0.1388,0.956
105,Texas ERS,Employees Retirement System of Texas,TX,Texas,Texas,1,2008.0,2008-08-31,2.1464266e+07,-0.0458,0.926
105,Texas ERS,Employees Retirement System of Texas,TX,Texas,Texas,1,2009.0,2009-08-31,1.9097776e+07,-0.066,0.898
105,Texas ERS,Employees Retirement System of Texas,TX,Texas,Texas,1,2010.0,2010-08-31,1.958061e+07,0.0665,0.854
105,Texas ERS,Employees Retirement System of Texas,TX,Texas,Texas,1,2011.0,2011-08-31,2.1204092e+07,0.1258,0.845
105,Texas ERS,Employees Retirement System of Texas,TX,Texas,Texas,1,2012.0,2012-08-31,2.1825644e+07,0.0822,0.826
105,Texas ERS,Employees Retirement System of Texas,TX,Texas,Texas,1,2013.0,2013-08-31,2.2868542e+07,0.1007,0.796
105,Texas ERS,Employees Retirement System of Texas,TX,Texas,Texas,1,2014.0,2014-08-31,2.5050116e+07,0.147,0.77243
105,Texas ERS,Employees Retirement System of Texas,TX,Texas,Texas,1,2015.0,2015-08-31,2.3998482e+07,0.0049,0.763
105,Texas ERS,Employees Retirement System of Texas,TX,Texas,Texas,1,2016.0,2016-08-31,2.446558e+07,0.0532,0.752
105,Texas ERS,Employees Retirement System of Texas,TX,Texas,Texas,1,2017.0,2017-08-31,2.6371828e+07,0.1215,0.701
105,Texas ERS,Employees Retirement System of Texas,TX,Texas,Texas,1,2018.0,2018-08-31,2.7753334e+07,0.0958,0.702
105,Texas ERS,Employees Retirement System of Texas,TX,Texas,Texas,1,2019.0,2019-08-31,2.7351224e+07,0.0304,0.705
105,Texas ERS,Employees Retirement System of Texas,TX,Texas,Texas,1,2020.0,2020-08-31,2.7946206e+07,0.0685,0.66
105,Texas ERS,Employees Retirement System of Texas,TX,Texas,Texas,1,2021.0,2021-08-31,3.3608244e+07,0.2551,0.68
106,Texas LECOS,Texas Law Enforcement and Custodial Officer Supplemental Retirement Fund,TX,Texas,Texas,3,2003.0,2003-08-31,594093.6,0.092,1.115
106,Texas LECOS,Texas Law Enforcement and Custodial Officer Supplemental Retirement Fund,TX,Texas,Texas,3,2004.0,2004-08-31,633812.4,0.1169,1.093
106,Texas LECOS,Texas Law Enforcement and Custodial Officer Supplemental Retirement Fund,TX,Texas,Texas,3,2005.0,2005-08-31,682699.6,0.1271,1.031
106,Texas LECOS,Texas Law Enforcement and Custodial Officer Supplemental Retirement Fund,TX,Texas,Texas,3,2006.0,2006-08-31,709793.9,0.0883,1.017
106,Texas LECOS,Texas Law Enforcement and Custodial Officer Supplemental Retirement Fund,TX,Texas,Texas,3,2007.0,2007-08-31,762939.7,0.1388,0.98
106,Texas LECOS,Texas Law Enforcement and Custodial Officer Supplemental Retirement Fund,TX,Texas,Texas,3,2008.0,2008-08-31,704940.0,-0.0458,0.92
106,Texas LECOS,Texas Law Enforcement and Custodial Officer Supplemental Retirement Fund,TX,Texas,Texas,3,2009.0,2009-08-31,634778.75,-0.066,0.897
106,Texas LECOS,Texas Law Enforcement and Custodial Officer Supplemental Retirement Fund,TX,Texas,Texas,3,2010.0,2010-08-31,668352.94,0.0665,0.863
106,Texas LECOS,Texas Law Enforcement and Custodial Officer Supplemental Retirement Fund,TX,Texas,Texas,3,2011.0,2011-08-31,737416.6,0.1258,0.864
106,Texas LECOS,Texas Law Enforcement and Custodial Officer Supplemental Retirement Fund,TX,Texas,Texas,3,2012.0,2012-08-31,747673.1,0.0822,0.82
106,Texas LECOS,Texas Law Enforcement and Custodial Officer Supplemental Retirement Fund,TX,Texas,Texas,3,2013.0,2013-08-31,780669.7,0.1007,0.733
106,Texas LECOS,Texas Law Enforcement and Custodial Officer Supplemental Retirement Fund,TX,Texas,Texas,3,2014.0,2014-08-31,869877.6,0.147,0.732
106,Texas LECOS,Texas Law Enforcement and Custodial Officer Supplemental Retirement Fund,TX,Texas,Texas,3,2015.0,2015-08-31,844145.3,0.0049,0.72
106,Texas LECOS,Texas Law Enforcement and Custodial Officer Supplemental Retirement Fund,TX,Texas,Texas,3,2016.0,2016-08-31,860049.25,0.0532,0.711
106,Texas LECOS,Texas Law Enforcement and Custodial Officer Supplemental Retirement Fund,TX,Texas,Texas,3,2017.0,2017-08-31,923989.56,0.1215,0.66
106,Texas LECOS,Texas Law Enforcement and Custodial Officer Supplemental Retirement Fund,TX,Texas,Texas,3,2018.0,2018-08-31,966827.75,0.0958,0.656
106,Texas LECOS,Texas Law Enforcement and Custodial Officer Supplemental Retirement Fund,TX,Texas,Texas,3,2019.0,2019-08-31,943622.6,0.0304,0.653
106,Texas LECOS,Texas Law Enforcement and Custodial Officer Supplemental Retirement Fund,TX,Texas,Texas,3,2020.0,2020-08-31,947324.2,0.0685,0.66
106,Texas LECOS,Texas Law Enforcement and Custodial Officer Supplemental Retirement Fund,TX,Texas,Texas,3,2021.0,2021-08-31,1.1160414e+06,0.2551,0.605
107,Texas Municipal,Texas Municipal Retirement System,TX,Texas,Texas,1,2001.0,2001-12-31,8.635264e+06,0.085,0.85
107,Texas Municipal,Texas Municipal Retirement System,TX,Texas,Texas,1,2002.0,2002-12-31,1.0204869e+07,0.173,0.842
107,Texas Municipal,Texas Municipal Retirement System,TX,Texas,Texas,1,2003.0,2003-12-31,1.0557514e+07,0.017,0.826
107,Texas Municipal,Texas Municipal Retirement System,TX,Texas,Texas,1,2004.0,2004-12-31,1.1934597e+07,0.128,0.828
107,Texas Municipal,Texas Municipal Retirement System,TX,Texas,Texas,1,2005.0,2005-12-31,1.3266433e+07,0.106,0.827
107,Texas Municipal,Texas Municipal Retirement System,TX,Texas,Texas,1,2006.0,2006-12-31,1.350884e+07,0.008,0.821
107,Texas Municipal,Texas Municipal Retirement System,TX,Texas,Texas,1,2007.0,2007-12-31,1.4715861e+07,0.078,0.737
107,Texas Municipal,Texas Municipal Retirement System,TX,Texas,Texas,1,2008.0,2008-12-31,1.4609962e+07,-0.013,0.744
107,Texas Municipal,Texas Municipal Retirement System,TX,Texas,Texas,1,2009.0,2009-12-31,1.6305676e+07,0.102,0.758
107,Texas Municipal,Texas Municipal Retirement System,TX,Texas,Texas,1,2010.0,2010-12-31,1.7992494e+07,0.09,0.829
107,Texas Municipal,Texas Municipal Retirement System,TX,Texas,Texas,1,2011.0,2011-12-31,1.8571294e+07,0.024,0.851
107,Texas Municipal,Texas Municipal Retirement System,TX,Texas,Texas,1,2012.0,2012-12-31,2.04906e+07,0.1011,0.872
107,Texas Municipal,Texas Municipal Retirement System,TX,Texas,Texas,1,2013.0,2013-12-31,2.2468634e+07,0.0986,0.841
107,Texas Municipal,Texas Municipal Retirement System,TX,Texas,Texas,1,2014.0,2014-12-31,2.3727478e+07,0.0599,0.858
107,Texas Municipal,Texas Municipal Retirement System,TX,Texas,Texas,1,2015.0,2015-12-31,2.3708162e+07,0.0034,0.858
107,Texas Municipal,Texas Municipal Retirement System,TX,Texas,Texas,1,2016.0,2016-12-31,2.5233206e+07,0.0742,0.863
107,Texas Municipal,Texas Municipal Retirement System,TX,Texas,Texas,1,2017.0,2017-12-31,2.8649374e+07,0.1427,0.874
107,Texas Municipal,Texas Municipal Retirement System,TX,Texas,Texas,1,2018.0,2018-12-31,2.768363e+07,-0.0211,0.871
107,Texas Municipal,Texas Municipal Retirement System,TX,Texas,Texas,1,2019.0,2019-12-31,3.1813812e+07,0.1496,0.88
107,Texas Municipal,Texas Municipal Retirement System,TX,Texas,Texas,1,2020.0,2020-12-31,3.4282892e+07,0.0765,0.895
107,Texas Municipal,Texas Municipal Retirement System,TX,Texas,Texas,1,2021.0,2021-12-31,3.8593016e+07,0.1286,0.905
108,Texas Teachers,Teacher Retirement System of Texas,TX,Texas,Texas,2,2001.0,2001-08-31,7.942677e+07,-0.05,1.025
108,Texas Teachers,Teacher Retirement System of Texas,TX,Texas,Texas,2,2002.0,2002-08-31,7.16958e+07,-0.064,0.963
108,Texas Teachers,Teacher Retirement System of Texas,TX,Texas,Texas,2,2003.0,2003-08-31,7.7633e+07,0.047,0.945
108,Texas Teachers,Teacher Retirement System of Texas,TX,Texas,Texas,2,2004.0,2004-08-31,8.4202984e+07,0.157,0.918
108,Texas Teachers,Teacher Retirement System of Texas,TX,Texas,Texas,2,2005.0,2005-08-31,9.3707816e+07,0.095,0.871
108,Texas Teachers,Teacher Retirement System of Texas,TX,Texas,Texas,2,2006.0,2006-08-31,1.0023896e+08,0.104,0.873
108,Texas Teachers,Teacher Retirement System of Texas,TX,Texas,Texas,2,2007.0,2007-08-31,1.121288e+08,0.175,0.892
108,Texas Teachers,Teacher Retirement System of Texas,TX,Texas,Texas,2,2008.0,2008-08-31,1.049105e+08,-0.021,0.905
108,Texas Teachers,Teacher Retirement System of Texas,TX,Texas,Texas,2,2009.0,2009-08-31,8.865297e+07,-0.219,0.831
108,Texas Teachers,Teacher Retirement System of Texas,TX,Texas,Texas,2,2010.0,2010-08-31,9.568841e+07,0.157,0.829
108,Texas Teachers,Teacher Retirement System of Texas,TX,Texas,Texas,2,2011.0,2011-08-31,1.0742078e+08,0.222,0.827
108,Texas Teachers,Teacher Retirement System of Texas,TX,Texas,Texas,2,2012.0,2012-08-31,1.1144989e+08,0.027,0.819
108,Texas Teachers,Teacher Retirement System of Texas,TX,Texas,Texas,2,2013.0,2013-08-31,1.1738814e+08,0.102,0.808
108,Texas Teachers,Teacher Retirement System of Texas,TX,Texas,Texas,2,2014.0,2014-08-31,1.3277924e+08,0.163,0.802
108,Texas Teachers,Teacher Retirement System of Texas,TX,Texas,Texas,2,2015.0,2015-08-31,1.285387e+08,0.042,0.802
108,Texas Teachers,Teacher Retirement System of Texas,TX,Texas,Texas,2,2016.0,2016-08-31,1.3400864e+08,0.013,0.797
108,Texas Teachers,Teacher Retirement System of Texas,TX,Texas,Texas,2,2017.0,2017-08-31,1.4736192e+08,0.129,0.805
108,Texas Teachers,Teacher Retirement System of Texas,TX,Texas,Texas,2,2018.0,2018-08-31,1.545689e+08,0.092,0.769
108,Texas Teachers,Teacher Retirement System of Texas,TX,Texas,Texas,2,2019.0,2019-08-31,1.5797819e+08,0.064,0.764
108,Texas Teachers,Teacher Retirement System of Texas,TX,Texas,Texas,2,2020.0,2020-08-31,1.6541624e+08,0.018,0.768
108,Texas Teachers,Teacher Retirement System of Texas,TX,Texas,Texas,2,2021.0,2021-08-31,2.01807e+08,0.273,0.791
109,TN Political Subdivisions,Tennessee Political Subdivisions Retirement Plan,TN,Tennessee,Tennessee,1,2001.0,2001-06-30,3.160228e+06,-0.0157,0.9036
109,TN Political Subdivisions,Tennessee Political Subdivisions Retirement Plan,TN,Tennessee,Tennessee,1,2002.0,2002-06-30,3.160228e+06,-0.0192,0.86377
109,TN Political Subdivisions,Tennessee Political Subdivisions Retirement Plan,TN,Tennessee,Tennessee,1,2003.0,2003-06-30,3.313713e+06,0.049,0.919
109,TN Political Subdivisions,Tennessee Political Subdivisions Retirement Plan,TN,Tennessee,Tennessee,1,2004.0,2004-06-30,3.691836e+06,0.0932,0.90362
109,TN Political Subdivisions,Tennessee Political Subdivisions Retirement Plan,TN,Tennessee,Tennessee,1,2005.0,2005-06-30,4.043106e+06,0.0726,0.9267
109,TN Political Subdivisions,Tennessee Political Subdivisions Retirement Plan,TN,Tennessee,Tennessee,1,2006.0,2006-06-30,4.405169e+06,0.0694,0.9105
109,TN Political Subdivisions,Tennessee Political Subdivisions Retirement Plan,TN,Tennessee,Tennessee,1,2007.0,2007-06-30,5.094705e+06,0.1315,0.8945
109,TN Political Subdivisions,Tennessee Political Subdivisions Retirement Plan,TN,Tennessee,Tennessee,1,2008.0,2008-06-30,5.120945e+06,-0.0121,0.81544
109,TN Political Subdivisions,Tennessee Political Subdivisions Retirement Plan,TN,Tennessee,Tennessee,1,2009.0,2009-06-30,4.420493e+06,-0.1527,0.8634
109,TN Political Subdivisions,Tennessee Political Subdivisions Retirement Plan,TN,Tennessee,Tennessee,1,2010.0,2010-06-30,4.964517e+06,0.1024,0.81216
109,TN Political Subdivisions,Tennessee Political Subdivisions Retirement Plan,TN,Tennessee,Tennessee,1,2011.0,2011-06-30,6.024488e+06,0.1959,0.8915
109,TN Political Subdivisions,Tennessee Political Subdivisions Retirement Plan,TN,Tennessee,Tennessee,1,2012.0,2012-06-30,6.416124e+06,0.0561,0.90114
109,TN Political Subdivisions,Tennessee Political Subdivisions Retirement Plan,TN,Tennessee,Tennessee,1,2013.0,2013-06-30,7.080898e+06,0.0992,0.9497
109,TN Political Subdivisions,Tennessee Political Subdivisions Retirement Plan,TN,Tennessee,Tennessee,1,2014.0,2014-06-30,8.259501e+06,0.1665,0.98002
109,TN Political Subdivisions,Tennessee Political Subdivisions Retirement Plan,TN,Tennessee,Tennessee,1,2015.0,2015-06-30,8.47327e+06,0.0333,0.9879
109,TN Political Subdivisions,Tennessee Political Subdivisions Retirement Plan,TN,Tennessee,Tennessee,1,2016.0,2016-06-30,8.667665e+06,0.0279,0.995
109,TN Political Subdivisions,Tennessee Political Subdivisions Retirement Plan,TN,Tennessee,Tennessee,1,2017.0,2017-06-30,9.607112e+06,0.1142,0.9716
109,TN Political Subdivisions,Tennessee Political Subdivisions Retirement Plan,TN,Tennessee,Tennessee,1,2018.0,2018-06-30,1.0345284e+07,0.0819,0.9815
109,TN Political Subdivisions,Tennessee Political Subdivisions Retirement Plan,TN,Tennessee,Tennessee,1,2019.0,2019-06-30,1.1019988e+07,0.0754,1.007
110,TN State and Teachers,Tennesee State and Teachers' Retirement Plan,TN,Tennessee,Tennessee,1,2001.0,2001-06-30,2.0577976e+07,-0.0157,0.9961
110,TN State and Teachers,Tennesee State and Teachers' Retirement Plan,TN,Tennessee,Tennessee,1,2002.0,2002-06-30,1.9909376e+07,-0.0192,0.97492
110,TN State and Teachers,Tennesee State and Teachers' Retirement Plan,TN,Tennessee,Tennessee,1,2003.0,2003-06-30,2.0443254e+07,0.049,0.9976
110,TN State and Teachers,Tennesee State and Teachers' Retirement Plan,TN,Tennessee,Tennessee,1,2004.0,2004-06-30,2.189468e+07,0.0932,1.01219
110,TN State and Teachers,Tennesee State and Teachers' Retirement Plan,TN,Tennessee,Tennessee,1,2005.0,2005-06-30,2.3173156e+07,0.0726,0.9983
110,TN State and Teachers,Tennesee State and Teachers' Retirement Plan,TN,Tennessee,Tennessee,1,2006.0,2006-06-30,2.4415466e+07,0.0694,1.01708
110,TN State and Teachers,Tennesee State and Teachers' Retirement Plan,TN,Tennessee,Tennessee,1,2007.0,2007-06-30,2.7271264e+07,0.1315,0.9624
110,TN State and Teachers,Tennesee State and Teachers' Retirement Plan,TN,Tennessee,Tennessee,1,2008.0,2008-06-30,2.6513184e+07,-0.0121,0.90082
110,TN State and Teachers,Tennesee State and Teachers' Retirement Plan,TN,Tennessee,Tennessee,1,2009.0,2009-06-30,2.1948732e+07,-0.1527,0.9064
110,TN State and Teachers,Tennesee State and Teachers' Retirement Plan,TN,Tennessee,Tennessee,1,2010.0,2010-06-30,2.3609678e+07,0.1024,0.8817
110,TN State and Teachers,Tennesee State and Teachers' Retirement Plan,TN,Tennessee,Tennessee,1,2011.0,2011-06-30,2.763882e+07,0.1959,0.921
110,TN State and Teachers,Tennesee State and Teachers' Retirement Plan,TN,Tennessee,Tennessee,1,2012.0,2012-06-30,2.8496648e+07,0.0561,0.93761
110,TN State and Teachers,Tennesee State and Teachers' Retirement Plan,TN,Tennessee,Tennessee,1,2013.0,2013-06-30,3.0484008e+07,0.0992,0.9334
110,TN State and Teachers,Tennesee State and Teachers' Retirement Plan,TN,Tennessee,Tennessee,1,2014.0,2014-06-30,3.4645656e+07,0.1665,0.97875
110,TN State and Teachers,Tennesee State and Teachers' Retirement Plan,TN,Tennessee,Tennessee,1,2015.0,2015-06-30,3.477067e+07,0.0333,0.95203
110,TN State and Teachers,Tennesee State and Teachers' Retirement Plan,TN,Tennessee,Tennessee,1,2016.0,2016-06-30,3.4638544e+07,0.0279,0.9544
110,TN State and Teachers,Tennesee State and Teachers' Retirement Plan,TN,Tennessee,Tennessee,1,2017.0,2017-06-30,3.740714e+07,0.1142,0.9315
110,TN State and Teachers,Tennesee State and Teachers' Retirement Plan,TN,Tennessee,Tennessee,1,2018.0,2018-06-30,3.937731e+07,0.0819,0.9341
110,TN State and Teachers,Tennesee State and Teachers' Retirement Plan,TN,Tennessee,Tennessee,1,2019.0,2019-06-30,4.1114644e+07,0.0754,0.9666
110,TN State and Teachers,Tennesee State and Teachers' Retirement Plan,TN,Tennessee,Tennessee,1,2020.0,2020-06-30,4.1603292e+07,0.0494,0.9852
110,TN State and Teachers,Tennesee State and Teachers' Retirement Plan,TN,Tennessee,Tennessee,1,2021.0,2021-06-30,3.1660892e+07,0.256,0.9665
111,University of California,University of California Retirement Plan,CA,California,California,2,2001.0,2001-06-30,3.88699e+07,-0.055,1.477
111,University of California,University of California Retirement Plan,CA,California,California,2,2002.0,2002-06-30,3.4441804e+07,-0.092,1.384
111,University of California,University of California Retirement Plan,CA,California,California,2,2003.0,2003-06-30,3.5326812e+07,0.056,1.257
111,University of California,University of California Retirement Plan,CA,California,California,2,2004.0,2004-06-30,3.918766e+07,0.143,1.179
111,University of California,University of California Retirement Plan,CA,California,California,2,2005.0,2005-06-30,4.18575e+07,0.103,1.103
111,University of California,University of California Retirement Plan,CA,California,California,2,2006.0,2006-06-30,4.3362224e+07,0.071,1.041
111,University of California,University of California Retirement Plan,CA,California,California,2,2007.0,2007-06-30,4.8105348e+07,0.1883,1.048
111,University of California,University of California Retirement Plan,CA,California,California,2,2008.0,2008-06-30,4.202316e+07,-0.0574,1.03
111,University of California,University of California Retirement Plan,CA,California,California,2,2009.0,2009-06-30,3.2258542e+07,-0.1881,0.948
111,University of California,University of California Retirement Plan,CA,California,California,2,2010.0,2010-06-30,3.4574456e+07,0.1272,0.867
111,University of California,University of California Retirement Plan,CA,California,California,2,2011.0,2011-06-30,4.1872656e+07,0.2245,0.825
111,University of California,University of California Retirement Plan,CA,California,California,2,2012.0,2012-06-30,4.1806484e+07,0.0037,0.787
111,University of California,University of California Retirement Plan,CA,California,California,2,2013.0,2013-06-30,4.534073e+07,0.1171,0.759
111,University of California,University of California Retirement Plan,CA,California,California,2,2014.0,2014-06-30,5.2783868e+07,0.1742,0.8
111,University of California,University of California Retirement Plan,CA,California,California,2,2015.0,2015-06-30,5.505545e+07,0.045,0.817
111,University of California,University of California Retirement Plan,CA,California,California,2,2016.0,2016-06-30,5.4164532e+07,-0.02,0.826
111,University of California,University of California Retirement Plan,CA,California,California,2,2017.0,2017-06-30,6.2114256e+07,0.145,0.848
111,University of California,University of California Retirement Plan,CA,California,California,2,2018.0,2018-06-30,6.683884e+07,0.078,0.866
111,University of California,University of California Retirement Plan,CA,California,California,2,2019.0,2019-06-30,7.034374e+07,0.06,0.799
111,University of California,University of California Retirement Plan,CA,California,California,2,2020.0,2020-06-30,7.097792e+07,0.017,0.788
111,University of California,University of California Retirement Plan,CA,California,California,2,2021.0,2021-06-30,9.1826e+07,0.305,0.831
112,Utah Noncontributory,Utah Public Employees Noncontributory Retirement System,UT,Utah,Utah,1,2001.0,2001-12-31,9.905802e+06,-0.05,1.056
112,Utah Noncontributory,Utah Public Employees Noncontributory Retirement System,UT,Utah,Utah,1,2002.0,2002-12-31,9.073766e+06,-0.075,0.946
112,Utah Noncontributory,Utah Public Employees Noncontributory Retirement System,UT,Utah,Utah,1,2003.0,2003-12-31,1.128014e+07,0.26,0.967
112,Utah Noncontributory,Utah Public Employees Noncontributory Retirement System,UT,Utah,Utah,1,2004.0,2004-12-31,1.278613e+07,0.132,0.943
112,Utah Noncontributory,Utah Public Employees Noncontributory Retirement System,UT,Utah,Utah,1,2005.0,2005-12-31,1.3892439e+07,0.0896,0.952
112,Utah Noncontributory,Utah Public Employees Noncontributory Retirement System,UT,Utah,Utah,1,2006.0,2006-12-31,1.5818483e+07,0.1477,0.976
112,Utah Noncontributory,Utah Public Employees Noncontributory Retirement System,UT,Utah,Utah,1,2007.0,2007-12-31,1.6751804e+07,0.0715,0.969
112,Utah Noncontributory,Utah Public Employees Noncontributory Retirement System,UT,Utah,Utah,1,2008.0,2008-12-31,1.2714371e+07,-0.223,0.88
112,Utah Noncontributory,Utah Public Employees Noncontributory Retirement System,UT,Utah,Utah,1,2009.0,2009-12-31,1.4152562e+07,0.1288,0.871
112,Utah Noncontributory,Utah Public Employees Noncontributory Retirement System,UT,Utah,Utah,1,2010.0,2010-12-31,1.5802205e+07,0.1373,0.838
112,Utah Noncontributory,Utah Public Employees Noncontributory Retirement System,UT,Utah,Utah,1,2011.0,2011-12-31,1.5935472e+07,0.0289,0.801
112,Utah Noncontributory,Utah Public Employees Noncontributory Retirement System,UT,Utah,Utah,1,2012.0,2012-12-31,1.7629436e+07,0.131,0.774
112,Utah Noncontributory,Utah Public Employees Noncontributory Retirement System,UT,Utah,Utah,1,2013.0,2013-12-31,1.9915816e+07,0.1489,0.819
112,Utah Noncontributory,Utah Public Employees Noncontributory Retirement System,UT,Utah,Utah,1,2014.0,2014-12-31,2.1096512e+07,0.0752,0.858
112,Utah Noncontributory,Utah Public Employees Noncontributory Retirement System,UT,Utah,Utah,1,2015.0,2015-12-31,2.1192436e+07,0.0192,0.854
112,Utah Noncontributory,Utah Public Employees Noncontributory Retirement System,UT,Utah,Utah,1,2016.0,2016-12-31,2.2618744e+07,0.0879,0.855
112,Utah Noncontributory,Utah Public Employees Noncontributory Retirement System,UT,Utah,Utah,1,2017.0,2017-12-31,2.5205128e+07,0.1357,0.877
112,Utah Noncontributory,Utah Public Employees Noncontributory Retirement System,UT,Utah,Utah,1,2018.0,2018-12-31,2.466606e+07,-0.0022,0.874
112,Utah Noncontributory,Utah Public Employees Noncontributory Retirement System,UT,Utah,Utah,1,2019.0,2019-12-31,2.7635924e+07,0.1445,0.875
112,Utah Noncontributory,Utah Public Employees Noncontributory Retirement System,UT,Utah,Utah,1,2020.0,2020-12-31,3.0478072e+07,0.1296,0.888
112,Utah Noncontributory,Utah Public Employees Noncontributory Retirement System,UT,Utah,Utah,1,2021.0,2021-12-31,3.5068536e+07,0.1746,0.932
113,Vermont State Employees,Vermont State Employees' Retirement System,VT,Vermont,Vermont,1,2003.0,2003-06-30,917766.9,0.046,0.975
113,Vermont State Employees,Vermont State Employees' Retirement System,VT,Vermont,Vermont,1,2004.0,2004-06-30,1.040928e+06,0.157,0.976
113,Vermont State Employees,Vermont State Employees' Retirement System,VT,Vermont,Vermont,1,2005.0,2005-06-30,1.1202471e+06,0.089,0.978
113,Vermont State Employees,Vermont State Employees' Retirement System,VT,Vermont,Vermont,1,2006.0,2006-06-30,1.2196169e+06,0.106,0.993
113,Vermont State Employees,Vermont State Employees' Retirement System,VT,Vermont,Vermont,1,2007.0,2007-06-30,1.3924181e+06,0.165,1.008
113,Vermont State Employees,Vermont State Employees' Retirement System,VT,Vermont,Vermont,1,2008.0,2008-06-30,1.2824939e+06,-0.059,0.941
113,Vermont State Employees,Vermont State Employees' Retirement System,VT,Vermont,Vermont,1,2009.0,2009-06-30,1.014698e+06,-0.187,0.789
113,Vermont State Employees,Vermont State Employees' Retirement System,VT,Vermont,Vermont,1,2010.0,2010-06-30,1.1698449e+06,0.178,0.812
113,Vermont State Employees,Vermont State Employees' Retirement System,VT,Vermont,Vermont,1,2011.0,2011-06-30,1.3806068e+06,0.212,0.796
113,Vermont State Employees,Vermont State Employees' Retirement System,VT,Vermont,Vermont,1,2012.0,2012-06-30,1.3784895e+06,0.024,0.777
113,Vermont State Employees,Vermont State Employees' Retirement System,VT,Vermont,Vermont,1,2013.0,2013-06-30,1.4704924e+06,0.086,0.768
113,Vermont State Employees,Vermont State Employees' Retirement System,VT,Vermont,Vermont,1,2014.0,2014-06-30,1.6572459e+06,0.145,0.779
113,Vermont State Employees,Vermont State Employees' Retirement System,VT,Vermont,Vermont,1,2015.0,2015-06-30,1.6248612e+06,0.0233,0.75099
113,Vermont State Employees,Vermont State Employees' Retirement System,VT,Vermont,Vermont,1,2016.0,2016-06-30,1.6096501e+06,0.011,0.74571
113,Vermont State Employees,Vermont State Employees' Retirement System,VT,Vermont,Vermont,1,2017.0,2017-06-30,1.748442e+06,0.106,0.71427
113,Vermont State Employees,Vermont State Employees' Retirement System,VT,Vermont,Vermont,1,2018.0,2018-06-30,1.8415002e+06,0.067,0.70702
113,Vermont State Employees,Vermont State Employees' Retirement System,VT,Vermont,Vermont,1,2019.0,2019-06-30,1.9094699e+06,0.059,0.70666
113,Vermont State Employees,Vermont State Employees' Retirement System,VT,Vermont,Vermont,1,2020.0,2020-06-30,1.9590666e+06,0.039,0.66386
113,Vermont State Employees,Vermont State Employees' Retirement System,VT,Vermont,Vermont,1,2021.0,2021-06-30,2.4252225e+06,0.2459,0.67558
114,Vermont Teachers,State Teachers' Retirement System of Vermont,VT,Vermont,Vermont,2,2003.0,2003-06-30,1.0991099e+06,0.056,0.896
114,Vermont Teachers,State Teachers' Retirement System of Vermont,VT,Vermont,Vermont,2,2004.0,2004-06-30,1.2456501e+06,0.157,0.902
114,Vermont Teachers,State Teachers' Retirement System of Vermont,VT,Vermont,Vermont,2,2005.0,2005-06-30,1.3335324e+06,0.097,0.907
114,Vermont Teachers,State Teachers' Retirement System of Vermont,VT,Vermont,Vermont,2,2006.0,2006-06-30,1.4308222e+06,0.104,0.846
114,Vermont Teachers,State Teachers' Retirement System of Vermont,VT,Vermont,Vermont,2,2007.0,2007-06-30,1.647173e+06,0.174,0.849
114,Vermont Teachers,State Teachers' Retirement System of Vermont,VT,Vermont,Vermont,2,2008.0,2008-06-30,1.5013201e+06,-0.066,0.809
114,Vermont Teachers,State Teachers' Retirement System of Vermont,VT,Vermont,Vermont,2,2009.0,2009-06-30,1.1450661e+06,-0.198,0.654
114,Vermont Teachers,State Teachers' Retirement System of Vermont,VT,Vermont,Vermont,2,2010.0,2010-06-30,1.30525e+06,0.179,0.665
114,Vermont Teachers,State Teachers' Retirement System of Vermont,VT,Vermont,Vermont,2,2011.0,2011-06-30,1.5207669e+06,0.205,0.638
114,Vermont Teachers,State Teachers' Retirement System of Vermont,VT,Vermont,Vermont,2,2012.0,2012-06-30,1.4916199e+06,0.022,0.616
114,Vermont Teachers,State Teachers' Retirement System of Vermont,VT,Vermont,Vermont,2,2013.0,2013-06-30,1.5543516e+06,0.085,0.605
114,Vermont Teachers,State Teachers' Retirement System of Vermont,VT,Vermont,Vermont,2,2014.0,2014-06-30,1.7053646e+06,0.142,0.599
114,Vermont Teachers,State Teachers' Retirement System of Vermont,VT,Vermont,Vermont,2,2015.0,2015-06-30,1.6539474e+06,0.02,0.58588
114,Vermont Teachers,State Teachers' Retirement System of Vermont,VT,Vermont,Vermont,2,2016.0,2016-06-30,1.6208998e+06,0.014,0.58337
114,Vermont Teachers,State Teachers' Retirement System of Vermont,VT,Vermont,Vermont,2,2017.0,2017-06-30,1.7385576e+06,0.104,0.5297
114,Vermont Teachers,State Teachers' Retirement System of Vermont,VT,Vermont,Vermont,2,2018.0,2018-06-30,1.8323725e+06,0.067,0.5422
114,Vermont Teachers,State Teachers' Retirement System of Vermont,VT,Vermont,Vermont,2,2019.0,2019-06-30,1.9044886e+06,0.061,0.5433
114,Vermont Teachers,State Teachers' Retirement System of Vermont,VT,Vermont,Vermont,2,2020.0,2020-06-30,1.9514899e+06,0.041,0.4917
114,Vermont Teachers,State Teachers' Retirement System of Vermont,VT,Vermont,Vermont,2,2021.0,2021-06-30,2.4227935e+06,0.2475,0.52913
115,Virginia RS,Virginia Retirement System,VA,Virginia,Virginia,1,2001.0,2001-06-30,3.588376e+07,-0.074,1.073
115,Virginia RS,Virginia Retirement System,VA,Virginia,Virginia,1,2002.0,2002-06-30,3.2448308e+07,-0.073,1.018
115,Virginia RS,Virginia Retirement System,VA,Virginia,Virginia,1,2003.0,2003-06-30,3.2726882e+07,0.025,0.964
115,Virginia RS,Virginia Retirement System,VA,Virginia,Virginia,1,2004.0,2004-06-30,3.778441e+07,0.179,0.903
115,Virginia RS,Virginia Retirement System,VA,Virginia,Virginia,1,2005.0,2005-06-30,4.164048e+07,0.12,0.813
115,Virginia RS,Virginia Retirement System,VA,Virginia,Virginia,1,2006.0,2006-06-30,4.6020736e+07,0.124,0.808
115,Virginia RS,Virginia Retirement System,VA,Virginia,Virginia,1,2007.0,2007-06-30,5.4948224e+07,0.204,0.823
115,Virginia RS,Virginia Retirement System,VA,Virginia,Virginia,1,2008.0,2008-06-30,5.1743476e+07,-0.044,0.84
115,Virginia RS,Virginia Retirement System,VA,Virginia,Virginia,1,2009.0,2009-06-30,3.988975e+07,-0.211,0.802
115,Virginia RS,Virginia Retirement System,VA,Virginia,Virginia,1,2010.0,2010-06-30,4.4645816e+07,0.141,0.724
115,Virginia RS,Virginia Retirement System,VA,Virginia,Virginia,1,2011.0,2011-06-30,5.1280336e+07,0.191,0.699
115,Virginia RS,Virginia Retirement System,VA,Virginia,Virginia,1,2012.0,2012-06-30,5.026672e+07,0.014,0.658
115,Virginia RS,Virginia Retirement System,VA,Virginia,Virginia,1,2013.0,2013-06-30,5.4972736e+07,0.118,0.6591
115,Virginia RS,Virginia Retirement System,VA,Virginia,Virginia,1,2014.0,2014-06-30,6.2207256e+07,0.157,0.69618
115,Virginia RS,Virginia Retirement System,VA,Virginia,Virginia,1,2015.0,2015-06-30,6.4025668e+07,0.047,0.73289
115,Virginia RS,Virginia Retirement System,VA,Virginia,Virginia,1,2016.0,2016-06-30,6.395416e+07,0.019,0.74845
115,Virginia RS,Virginia Retirement System,VA,Virginia,Virginia,1,2017.0,2017-06-30,7.015968e+07,0.121,0.77032
115,Virginia RS,Virginia Retirement System,VA,Virginia,Virginia,1,2018.0,2018-06-30,7.375458e+07,0.075,0.78567
115,Virginia RS,Virginia Retirement System,VA,Virginia,Virginia,1,2019.0,2019-06-30,7.7392856e+07,0.067,0.7691
115,Virginia RS,Virginia Retirement System,VA,Virginia,Virginia,1,2020.0,2020-06-30,7.6453384e+07,0.014,0.77296
115,Virginia RS,Virginia Retirement System,VA,Virginia,Virginia,1,2021.0,2021-06-30,9.888086e+07,0.275,0.79731
117,Washington LEOFF Plan 2,Washington Law Enforcement Officers and Firefighters Plan 2,WA,Washington,Washington,3,2001.0,2001-06-30,2.359629e+06,-0.0596,1.54413
117,Washington LEOFF Plan 2,Washington Law Enforcement Officers and Firefighters Plan 2,WA,Washington,Washington,3,2002.0,2002-06-30,2.271704e+06,-0.064,1.36603
117,Washington LEOFF Plan 2,Washington Law Enforcement Officers and Firefighters Plan 2,WA,Washington,Washington,3,2003.0,2003-06-30,2.444878e+06,0.0415,1.24904
117,Washington LEOFF Plan 2,Washington Law Enforcement Officers and Firefighters Plan 2,WA,Washington,Washington,3,2004.0,2004-06-30,2.927571e+06,0.1606,1.1691
117,Washington LEOFF Plan 2,Washington Law Enforcement Officers and Firefighters Plan 2,WA,Washington,Washington,3,2005.0,2005-06-30,3.412383e+06,0.1334,1.13544
117,Washington LEOFF Plan 2,Washington Law Enforcement Officers and Firefighters Plan 2,WA,Washington,Washington,3,2006.0,2006-06-30,4.129074e+06,0.1669,1.15673
117,Washington LEOFF Plan 2,Washington Law Enforcement Officers and Firefighters Plan 2,WA,Washington,Washington,3,2007.0,2007-06-30,5.186217e+06,0.2133,1.288
117,Washington LEOFF Plan 2,Washington Law Enforcement Officers and Firefighters Plan 2,WA,Washington,Washington,3,2008.0,2008-06-30,5.31643e+06,-0.0124,1.334
117,Washington LEOFF Plan 2,Washington Law Enforcement Officers and Firefighters Plan 2,WA,Washington,Washington,3,2009.0,2009-06-30,4.30888e+06,-0.2284,1.279
117,Washington LEOFF Plan 2,Washington Law Enforcement Officers and Firefighters Plan 2,WA,Washington,Washington,3,2010.0,2010-06-30,5.081657e+06,0.1322,1.19
117,Washington LEOFF Plan 2,Washington Law Enforcement Officers and Firefighters Plan 2,WA,Washington,Washington,3,2011.0,2011-06-30,6.366083e+06,0.2114,1.187
117,Washington LEOFF Plan 2,Washington Law Enforcement Officers and Firefighters Plan 2,WA,Washington,Washington,3,2012.0,2012-06-30,6.640693e+06,0.014,1.189
117,Washington LEOFF Plan 2,Washington Law Enforcement Officers and Firefighters Plan 2,WA,Washington,Washington,3,2013.0,2013-06-30,7.637387e+06,0.1236,1.146
117,Washington LEOFF Plan 2,Washington Law Enforcement Officers and Firefighters Plan 2,WA,Washington,Washington,3,2014.0,2014-06-30,9.251256e+06,0.1706,1.07
117,Washington LEOFF Plan 2,Washington Law Enforcement Officers and Firefighters Plan 2,WA,Washington,Washington,3,2015.0,2015-06-30,9.833649e+06,0.0493,1.05
117,Washington LEOFF Plan 2,Washington Law Enforcement Officers and Firefighters Plan 2,WA,Washington,Washington,3,2016.0,2016-06-30,1.021136e+07,0.0265,1.05
117,Washington LEOFF Plan 2,Washington Law Enforcement Officers and Firefighters Plan 2,WA,Washington,Washington,3,2017.0,2017-06-30,1.1776198e+07,0.1344,1.09
117,Washington LEOFF Plan 2,Washington Law Enforcement Officers and Firefighters Plan 2,WA,Washington,Washington,3,2018.0,2018-06-30,1.3006366e+07,0.102,1.08
117,Washington LEOFF Plan 2,Washington Law Enforcement Officers and Firefighters Plan 2,WA,Washington,Washington,3,2019.0,2019-06-30,1.4240056e+07,0.0836,1.11
117,Washington LEOFF Plan 2,Washington Law Enforcement Officers and Firefighters Plan 2,WA,Washington,Washington,3,2020.0,2020-06-30,1.4927978e+07,0.0371,1.13
117,Washington LEOFF Plan 2,Washington Law Enforcement Officers and Firefighters Plan 2,WA,Washington,Washington,3,2021.0,2021-06-30,1.9638684e+07,0.2868,1.04
119,Washington PERS 2/3,Washington Public Employees’ Retirement System,WA,Washington,Washington,1,2001.0,2001-06-30,1.0162327e+07,-0.0596,1.79143
119,Washington PERS 2/3,Washington Public Employees’ Retirement System,WA,Washington,Washington,1,2002.0,2002-06-30,9.472789e+06,-0.064,1.57899
119,Washington PERS 2/3,Washington Public Employees’ Retirement System,WA,Washington,Washington,1,2003.0,2003-06-30,9.199276e+06,0.0415,1.42549
119,Washington PERS 2/3,Washington Public Employees’ Retirement System,WA,Washington,Washington,1,2004.0,2004-06-30,1.0651561e+07,0.1606,1.3442
119,Washington PERS 2/3,Washington Public Employees’ Retirement System,WA,Washington,Washington,1,2005.0,2005-06-30,1.207758e+07,0.1334,1.27021
119,Washington PERS 2/3,Washington Public Employees’ Retirement System,WA,Washington,Washington,1,2006.0,2006-06-30,1.4228088e+07,0.1669,1.21314
119,Washington PERS 2/3,Washington Public Employees’ Retirement System,WA,Washington,Washington,1,2007.0,2007-06-30,1.7563084e+07,0.2133,1.199
119,Washington PERS 2/3,Washington Public Employees’ Retirement System,WA,Washington,Washington,1,2008.0,2008-06-30,1.766552e+07,-0.0124,1.187
119,Washington PERS 2/3,Washington Public Employees’ Retirement System,WA,Washington,Washington,1,2009.0,2009-06-30,1.4178698e+07,-0.2284,1.163
119,Washington PERS 2/3,Washington Public Employees’ Retirement System,WA,Washington,Washington,1,2010.0,2010-06-30,1.6368663e+07,0.1322,1.127
119,Washington PERS 2/3,Washington Public Employees’ Retirement System,WA,Washington,Washington,1,2011.0,2011-06-30,2.0098636e+07,0.2114,1.116
119,Washington PERS 2/3,Washington Public Employees’ Retirement System,WA,Washington,Washington,1,2012.0,2012-06-30,2.0679788e+07,0.014,1.113
119,Washington PERS 2/3,Washington Public Employees’ Retirement System,WA,Washington,Washington,1,2013.0,2013-06-30,2.3459058e+07,0.1236,1.023
119,Washington PERS 2/3,Washington Public Employees’ Retirement System,WA,Washington,Washington,1,2014.0,2014-06-30,2.81003e+07,0.1706,0.9
119,Washington PERS 2/3,Washington Public Employees’ Retirement System,WA,Washington,Washington,1,2015.0,2015-06-30,2.951516e+07,0.0493,0.88
119,Washington PERS 2/3,Washington Public Employees’ Retirement System,WA,Washington,Washington,1,2016.0,2016-06-30,3.0485052e+07,0.0265,0.87
119,Washington PERS 2/3,Washington Public Employees’ Retirement System,WA,Washington,Washington,1,2017.0,2017-06-30,3.500123e+07,0.1344,0.89
119,Washington PERS 2/3,Washington Public Employees’ Retirement System,WA,Washington,Washington,1,2018.0,2018-06-30,3.868796e+07,0.102,0.91
119,Washington PERS 2/3,Washington Public Employees’ Retirement System,WA,Washington,Washington,1,2019.0,2019-06-30,4.2536796e+07,0.0836,0.96
119,Washington PERS 2/3,Washington Public Employees’ Retirement System,WA,Washington,Washington,1,2020.0,2020-06-30,4.4757144e+07,0.0371,0.977
119,Washington PERS 2/3,Washington Public Employees’ Retirement System,WA,Washington,Washington,1,2021.0,2021-06-30,5.906355e+07,0.2868,0.95
120,Washington School Employees Plan 2/3,Washington School Employees Plan 2/3,WA,Washington,Washington,1,2001.0,2001-06-30,1.3041778e+06,-0.0596,1.97015
120,Washington School Employees Plan 2/3,Washington School Employees Plan 2/3,WA,Washington,Washington,1,2002.0,2002-06-30,1.2426882e+06,-0.064,1.68966
120,Washington School Employees Plan 2/3,Washington School Employees Plan 2/3,WA,Washington,Washington,1,2003.0,2003-06-30,1.3012976e+06,0.0415,1.47098
120,Washington School Employees Plan 2/3,Washington School Employees Plan 2/3,WA,Washington,Washington,1,2004.0,2004-06-30,1.510394e+06,0.1606,1.3686
120,Washington School Employees Plan 2/3,Washington School Employees Plan 2/3,WA,Washington,Washington,1,2005.0,2005-06-30,1.715855e+06,0.1334,1.2194
120,Washington School Employees Plan 2/3,Washington School Employees Plan 2/3,WA,Washington,Washington,1,2006.0,2006-06-30,2.031738e+06,0.1669,1.2536
120,Washington School Employees Plan 2/3,Washington School Employees Plan 2/3,WA,Washington,Washington,1,2007.0,2007-06-30,2.512498e+06,0.2133,1.262
120,Washington School Employees Plan 2/3,Washington School Employees Plan 2/3,WA,Washington,Washington,1,2008.0,2008-06-30,2.443537e+06,-0.0124,1.208
120,Washington School Employees Plan 2/3,Washington School Employees Plan 2/3,WA,Washington,Washington,1,2009.0,2009-06-30,1.943812e+06,-0.2284,1.157
120,Washington School Employees Plan 2/3,Washington School Employees Plan 2/3,WA,Washington,Washington,1,2010.0,2010-06-30,2.237385e+06,0.1322,1.125
120,Washington School Employees Plan 2/3,Washington School Employees Plan 2/3,WA,Washington,Washington,1,2011.0,2011-06-30,2.746456e+06,0.2114,1.102
120,Washington School Employees Plan 2/3,Washington School Employees Plan 2/3,WA,Washington,Washington,1,2012.0,2012-06-30,2.827286e+06,0.014,1.099
120,Washington School Employees Plan 2/3,Washington School Employees Plan 2/3,WA,Washington,Washington,1,2013.0,2013-06-30,3.2119e+06,0.1236,1.019
120,Washington School Employees Plan 2/3,Washington School Employees Plan 2/3,WA,Washington,Washington,1,2014.0,2014-06-30,3.856353e+06,0.1706,0.91
120,Washington School Employees Plan 2/3,Washington School Employees Plan 2/3,WA,Washington,Washington,1,2015.0,2015-06-30,4.067855e+06,0.0493,0.89
120,Washington School Employees Plan 2/3,Washington School Employees Plan 2/3,WA,Washington,Washington,1,2016.0,2016-06-30,4.214481e+06,0.0265,0.87
120,Washington School Employees Plan 2/3,Washington School Employees Plan 2/3,WA,Washington,Washington,1,2017.0,2017-06-30,4.863722e+06,0.1344,0.88
120,Washington School Employees Plan 2/3,Washington School Employees Plan 2/3,WA,Washington,Washington,1,2018.0,2018-06-30,5.42101e+06,0.102,0.89
120,Washington School Employees Plan 2/3,Washington School Employees Plan 2/3,WA,Washington,Washington,1,2019.0,2019-06-30,6.119152e+06,0.0836,0.91
120,Washington School Employees Plan 2/3,Washington School Employees Plan 2/3,WA,Washington,Washington,1,2020.0,2020-06-30,6.512331e+06,0.0371,0.928
120,Washington School Employees Plan 2/3,Washington School Employees Plan 2/3,WA,Washington,Washington,1,2021.0,2021-06-30,8.66097e+06,0.2868,0.91
122,Washington Teachers Plan 2/3,Washington Teachers Plan 2/3,WA,Washington,Washington,2,2001.0,2001-06-30,3.266103e+06,-0.0596,1.97396
122,Washington Teachers Plan 2/3,Washington Teachers Plan 2/3,WA,Washington,Washington,2,2002.0,2002-06-30,3.079118e+06,-0.064,1.82264
122,Washington Teachers Plan 2/3,Washington Teachers Plan 2/3,WA,Washington,Washington,2,2003.0,2003-06-30,3.2195452e+06,0.0415,1.63587
122,Washington Teachers Plan 2/3,Washington Teachers Plan 2/3,WA,Washington,Washington,2,2004.0,2004-06-30,3.740501e+06,0.1606,1.52641
122,Washington Teachers Plan 2/3,Washington Teachers Plan 2/3,WA,Washington,Washington,2,2005.0,2005-06-30,4.258043e+06,0.1334,1.34488
122,Washington Teachers Plan 2/3,Washington Teachers Plan 2/3,WA,Washington,Washington,2,2006.0,2006-06-30,5.030033e+06,0.1669,1.33416
122,Washington Teachers Plan 2/3,Washington Teachers Plan 2/3,WA,Washington,Washington,2,2007.0,2007-06-30,6.191959e+06,0.2133,1.304
122,Washington Teachers Plan 2/3,Washington Teachers Plan 2/3,WA,Washington,Washington,2,2008.0,2008-06-30,6.036834e+06,-0.0124,1.254
122,Washington Teachers Plan 2/3,Washington Teachers Plan 2/3,WA,Washington,Washington,2,2009.0,2009-06-30,4.789348e+06,-0.2284,1.182
122,Washington Teachers Plan 2/3,Washington Teachers Plan 2/3,WA,Washington,Washington,2,2010.0,2010-06-30,5.547281e+06,0.1322,1.155
122,Washington Teachers Plan 2/3,Washington Teachers Plan 2/3,WA,Washington,Washington,2,2011.0,2011-06-30,6.839903e+06,0.2114,1.134
122,Washington Teachers Plan 2/3,Washington Teachers Plan 2/3,WA,Washington,Washington,2,2012.0,2012-06-30,7.087246e+06,0.014,1.141
122,Washington Teachers Plan 2/3,Washington Teachers Plan 2/3,WA,Washington,Washington,2,2013.0,2013-06-30,8.109224e+06,0.1236,1.049
122,Washington Teachers Plan 2/3,Washington Teachers Plan 2/3,WA,Washington,Washington,2,2014.0,2014-06-30,9.791313e+06,0.1706,0.94
122,Washington Teachers Plan 2/3,Washington Teachers Plan 2/3,WA,Washington,Washington,2,2015.0,2015-06-30,1.0378791e+07,0.0493,0.92
122,Washington Teachers Plan 2/3,Washington Teachers Plan 2/3,WA,Washington,Washington,2,2016.0,2016-06-30,1.080026e+07,0.0265,0.89
122,Washington Teachers Plan 2/3,Washington Teachers Plan 2/3,WA,Washington,Washington,2,2017.0,2017-06-30,1.2524207e+07,0.1344,0.91
122,Washington Teachers Plan 2/3,Washington Teachers Plan 2/3,WA,Washington,Washington,2,2018.0,2018-06-30,1.397399e+07,0.102,0.9
122,Washington Teachers Plan 2/3,Washington Teachers Plan 2/3,WA,Washington,Washington,2,2019.0,2019-06-30,1.5944952e+07,0.0836,0.91
122,Washington Teachers Plan 2/3,Washington Teachers Plan 2/3,WA,Washington,Washington,2,2020.0,2020-06-30,1.7025654e+07,0.0371,0.929
122,Washington Teachers Plan 2/3,Washington Teachers Plan 2/3,WA,Washington,Washington,2,2021.0,2021-06-30,2.278449e+07,0.2868,0.9
123,West Virginia PERS,West Virginia Public Employees’ Retirement System,WV,West Virginia,West Virginia,1,2001.0,2001-06-30,2.681395e+06,-0.003,0.844
123,West Virginia PERS,West Virginia Public Employees’ Retirement System,WV,West Virginia,West Virginia,1,2002.0,2002-06-30,2.588777e+06,-0.029,0.754
123,West Virginia PERS,West Virginia Public Employees’ Retirement System,WV,West Virginia,West Virginia,1,2003.0,2003-06-30,2.69994e+06,0.049,0.731
123,West Virginia PERS,West Virginia Public Employees’ Retirement System,WV,West Virginia,West Virginia,1,2004.0,2004-06-30,3.09566e+06,0.152,0.8
123,West Virginia PERS,West Virginia Public Employees’ Retirement System,WV,West Virginia,West Virginia,1,2005.0,2005-06-30,3.404651e+06,0.107,0.836
123,West Virginia PERS,West Virginia Public Employees’ Retirement System,WV,West Virginia,West Virginia,1,2006.0,2006-06-30,3.700186e+06,0.095,0.868
123,West Virginia PERS,West Virginia Public Employees’ Retirement System,WV,West Virginia,West Virginia,1,2007.0,2007-06-30,4.293296e+06,0.176,0.97
123,West Virginia PERS,West Virginia Public Employees’ Retirement System,WV,West Virginia,West Virginia,1,2008.0,2008-06-30,3.939059e+06,-0.065,0.842
123,West Virginia PERS,West Virginia Public Employees’ Retirement System,WV,West Virginia,West Virginia,1,2009.0,2009-06-30,3.24827e+06,-0.156,0.797
123,West Virginia PERS,West Virginia Public Employees’ Retirement System,WV,West Virginia,West Virginia,1,2010.0,2010-06-30,3.866588e+06,0.16,0.746
123,West Virginia PERS,West Virginia Public Employees’ Retirement System,WV,West Virginia,West Virginia,1,2011.0,2011-06-30,4.544625e+06,0.207,0.784
123,West Virginia PERS,West Virginia Public Employees’ Retirement System,WV,West Virginia,West Virginia,1,2012.0,2012-06-30,4.523302e+06,0.011,0.776
123,West Virginia PERS,West Virginia Public Employees’ Retirement System,WV,West Virginia,West Virginia,1,2013.0,2013-06-30,4.999633e+06,0.131,0.797
123,West Virginia PERS,West Virginia Public Employees’ Retirement System,WV,West Virginia,West Virginia,1,2014.0,2014-06-30,5.761109e+06,0.179,0.831
123,West Virginia PERS,West Virginia Public Employees’ Retirement System,WV,West Virginia,West Virginia,1,2015.0,2015-06-30,5.853556e+06,0.039,0.86784
123,West Virginia PERS,West Virginia Public Employees’ Retirement System,WV,West Virginia,West Virginia,1,2016.0,2016-06-30,5.69738e+06,-0.001,0.89013
123,West Virginia PERS,West Virginia Public Employees’ Retirement System,WV,West Virginia,West Virginia,1,2017.0,2017-06-30,6.385097e+06,0.158,0.91451
123,West Virginia PERS,West Virginia Public Employees’ Retirement System,WV,West Virginia,West Virginia,1,2018.0,2018-06-30,6.769554e+06,0.098,0.92935
123,West Virginia PERS,West Virginia Public Employees’ Retirement System,WV,West Virginia,West Virginia,1,2019.0,2019-06-30,6.925454e+06,0.06,0.9385
123,West Virginia PERS,West Virginia Public Employees’ Retirement System,WV,West Virginia,West Virginia,1,2020.0,2020-06-30,6.903253e+06,0.033,0.94971
123,West Virginia PERS,West Virginia Public Employees’ Retirement System,WV,West Virginia,West Virginia,1,2021.0,2021-06-30,8.805884e+06,0.321,0.97527
124,West Virginia Teachers,West Virginia Teachers’ Retirement System,WV,West Virginia,West Virginia,2,2001.0,2001-06-30,1.090663e+06,-0.003,0.21
124,West Virginia Teachers,West Virginia Teachers’ Retirement System,WV,West Virginia,West Virginia,2,2002.0,2002-06-30,1.098441e+06,-0.03,0.192
124,West Virginia Teachers,West Virginia Teachers’ Retirement System,WV,West Virginia,West Virginia,2,2003.0,2003-06-30,1.191237e+06,0.048,0.191
124,West Virginia Teachers,West Virginia Teachers’ Retirement System,WV,West Virginia,West Virginia,2,2004.0,2004-06-30,1.427475e+06,0.151,0.222
124,West Virginia Teachers,West Virginia Teachers’ Retirement System,WV,West Virginia,West Virginia,2,2005.0,2005-06-30,1.627355e+06,0.106,0.246
124,West Virginia Teachers,West Virginia Teachers’ Retirement System,WV,West Virginia,West Virginia,2,2006.0,2006-06-30,2.174464e+06,0.096,0.316
124,West Virginia Teachers,West Virginia Teachers’ Retirement System,WV,West Virginia,West Virginia,2,2007.0,2007-06-30,3.665993e+06,0.174,0.513
124,West Virginia Teachers,West Virginia Teachers’ Retirement System,WV,West Virginia,West Virginia,2,2008.0,2008-06-30,3.378516e+06,-0.077,0.5
124,West Virginia Teachers,West Virginia Teachers’ Retirement System,WV,West Virginia,West Virginia,2,2009.0,2009-06-30,3.554771e+06,-0.161,0.413
124,West Virginia Teachers,West Virginia Teachers’ Retirement System,WV,West Virginia,West Virginia,2,2010.0,2010-06-30,4.14354e+06,0.152,0.465
124,West Virginia Teachers,West Virginia Teachers’ Retirement System,WV,West Virginia,West Virginia,2,2011.0,2011-06-30,5.074665e+06,0.205,0.537
124,West Virginia Teachers,West Virginia Teachers’ Retirement System,WV,West Virginia,West Virginia,2,2012.0,2012-06-30,5.144397e+06,0.01,0.53
124,West Virginia Teachers,West Virginia Teachers’ Retirement System,WV,West Virginia,West Virginia,2,2013.0,2013-06-30,5.751101e+06,0.13,0.579
124,West Virginia Teachers,West Virginia Teachers’ Retirement System,WV,West Virginia,West Virginia,2,2014.0,2014-06-30,6.682093e+06,0.179,0.662
124,West Virginia Teachers,West Virginia Teachers’ Retirement System,WV,West Virginia,West Virginia,2,2015.0,2015-06-30,6.803342e+06,0.04,0.65981
124,West Virginia Teachers,West Virginia Teachers’ Retirement System,WV,West Virginia,West Virginia,2,2016.0,2016-06-30,6.543086e+06,-0.001,0.6541
124,West Virginia Teachers,West Virginia Teachers’ Retirement System,WV,West Virginia,West Virginia,2,2017.0,2017-06-30,7.290462e+06,0.157,0.67054
124,West Virginia Teachers,West Virginia Teachers’ Retirement System,WV,West Virginia,West Virginia,2,2018.0,2018-06-30,7.720609e+06,0.097,0.69566
124,West Virginia Teachers,West Virginia Teachers’ Retirement System,WV,West Virginia,West Virginia,2,2019.0,2019-06-30,7.898739e+06,0.06,0.71118
124,West Virginia Teachers,West Virginia Teachers’ Retirement System,WV,West Virginia,West Virginia,2,2020.0,2020-06-30,7.844328e+06,0.032,0.72761
124,West Virginia Teachers,West Virginia Teachers’ Retirement System,WV,West Virginia,West Virginia,2,2021.0,2021-06-30,9.914787e+06,0.32,0.76
125,Wisconsin RS,Wisconsin Retirement System,WI,Wisconsin,Wisconsin,1,2001.0,2001-12-31,5.92331e+07,-0.054,0.965
125,Wisconsin RS,Wisconsin Retirement System,WI,Wisconsin,Wisconsin,1,2002.0,2002-12-31,5.174113e+07,-0.088,0.971
125,Wisconsin RS,Wisconsin Retirement System,WI,Wisconsin,Wisconsin,1,2003.0,2003-12-31,6.2126388e+07,0.242,0.992
125,Wisconsin RS,Wisconsin Retirement System,WI,Wisconsin,Wisconsin,1,2004.0,2004-12-31,6.788304e+07,0.128,0.994
125,Wisconsin RS,Wisconsin Retirement System,WI,Wisconsin,Wisconsin,1,2005.0,2005-12-31,7.147053e+07,0.085,0.995
125,Wisconsin RS,Wisconsin Retirement System,WI,Wisconsin,Wisconsin,1,2006.0,2006-12-31,8.039075e+07,0.158,0.996
125,Wisconsin RS,Wisconsin Retirement System,WI,Wisconsin,Wisconsin,1,2007.0,2007-12-31,8.465639e+07,0.087,0.996
125,Wisconsin RS,Wisconsin Retirement System,WI,Wisconsin,Wisconsin,1,2008.0,2008-12-31,5.943012e+07,-0.262,0.997
125,Wisconsin RS,Wisconsin Retirement System,WI,Wisconsin,Wisconsin,1,2009.0,2009-12-31,6.9996296e+07,0.224,0.998
125,Wisconsin RS,Wisconsin Retirement System,WI,Wisconsin,Wisconsin,1,2010.0,2010-12-31,7.587207e+07,0.124,0.998
125,Wisconsin RS,Wisconsin Retirement System,WI,Wisconsin,Wisconsin,1,2011.0,2011-12-31,7.390801e+07,0.014,0.999
125,Wisconsin RS,Wisconsin Retirement System,WI,Wisconsin,Wisconsin,1,2012.0,2012-12-31,8.107232e+07,0.137,0.999
125,Wisconsin RS,Wisconsin Retirement System,WI,Wisconsin,Wisconsin,1,2013.0,2013-12-31,8.9924744e+07,0.136,0.999
125,Wisconsin RS,Wisconsin Retirement System,WI,Wisconsin,Wisconsin,1,2014.0,2014-12-31,9.214677e+07,0.057,1.0
125,Wisconsin RS,Wisconsin Retirement System,WI,Wisconsin,Wisconsin,1,2015.0,2015-12-31,8.850467e+07,-0.004,0.9997
125,Wisconsin RS,Wisconsin Retirement System,WI,Wisconsin,Wisconsin,1,2016.0,2016-12-31,9.2580104e+07,0.086,1.0
125,Wisconsin RS,Wisconsin Retirement System,WI,Wisconsin,Wisconsin,1,2017.0,2017-12-31,1.0439646e+08,0.162,1.0
125,Wisconsin RS,Wisconsin Retirement System,WI,Wisconsin,Wisconsin,1,2018.0,2018-12-31,9.673708e+07,-0.033,1.0
125,Wisconsin RS,Wisconsin Retirement System,WI,Wisconsin,Wisconsin,1,2019.0,2019-12-31,1.1209276e+08,0.199,1.0
125,Wisconsin RS,Wisconsin Retirement System,WI,Wisconsin,Wisconsin,1,2020.0,2020-12-31,1.2496639e+08,0.1521,1.0
125,Wisconsin RS,Wisconsin Retirement System,WI,Wisconsin,Wisconsin,1,2021.0,,1.418477e+08,0.1689,1.0
126,Wyoming Public Employees,Wyoming Public Employees Pension Plan,WY,Wyoming,Wyoming,1,2001.0,2001-12-31,4.160839e+06,-0.0444,1.0316
126,Wyoming Public Employees,Wyoming Public Employees Pension Plan,WY,Wyoming,Wyoming,1,2002.0,2002-12-31,3.6270198e+06,-0.0929,0.9224
126,Wyoming Public Employees,Wyoming Public Employees Pension Plan,WY,Wyoming,Wyoming,1,2003.0,2003-12-31,4.299955e+06,0.21,0.9174
126,Wyoming Public Employees,Wyoming Public Employees Pension Plan,WY,Wyoming,Wyoming,1,2004.0,2004-12-31,4.693824e+06,0.1154,0.9596
126,Wyoming Public Employees,Wyoming Public Employees Pension Plan,WY,Wyoming,Wyoming,1,2005.0,2005-12-31,4.9612065e+06,0.0822,0.9513
126,Wyoming Public Employees,Wyoming Public Employees Pension Plan,WY,Wyoming,Wyoming,1,2006.0,2006-12-31,5.4671e+06,0.1263,0.9437
126,Wyoming Public Employees,Wyoming Public Employees Pension Plan,WY,Wyoming,Wyoming,1,2007.0,2007-12-31,5.7684825e+06,0.0744,0.9398
126,Wyoming Public Employees,Wyoming Public Employees Pension Plan,WY,Wyoming,Wyoming,1,2008.0,2008-12-31,4.0298958e+06,-0.2963,0.786
126,Wyoming Public Employees,Wyoming Public Employees Pension Plan,WY,Wyoming,Wyoming,1,2009.0,2009-12-31,4.971155e+06,0.238,0.8751
126,Wyoming Public Employees,Wyoming Public Employees Pension Plan,WY,Wyoming,Wyoming,1,2010.0,2010-12-31,5.495337e+06,0.135,0.8459
126,Wyoming Public Employees,Wyoming Public Employees Pension Plan,WY,Wyoming,Wyoming,1,2011.0,2011-12-31,5.318209e+06,-0.012,0.8187
126,Wyoming Public Employees,Wyoming Public Employees Pension Plan,WY,Wyoming,Wyoming,1,2012.0,2012-12-31,5.904284e+06,0.137,0.7856
126,Wyoming Public Employees,Wyoming Public Employees Pension Plan,WY,Wyoming,Wyoming,1,2013.0,2013-12-31,6.5246465e+06,0.132,0.7762
126,Wyoming Public Employees,Wyoming Public Employees Pension Plan,WY,Wyoming,Wyoming,1,2014.0,2014-12-31,6.672166e+06,0.047,0.7896
126,Wyoming Public Employees,Wyoming Public Employees Pension Plan,WY,Wyoming,Wyoming,1,2015.0,2015-12-31,6.4277965e+06,-0.003,0.7821
126,Wyoming Public Employees,Wyoming Public Employees Pension Plan,WY,Wyoming,Wyoming,1,2016.0,2016-12-31,6.6785045e+06,0.076,0.7814
126,Wyoming Public Employees,Wyoming Public Employees Pension Plan,WY,Wyoming,Wyoming,1,2017.0,2017-12-31,7.358526e+06,0.142,0.7628
126,Wyoming Public Employees,Wyoming Public Employees Pension Plan,WY,Wyoming,Wyoming,1,2018.0,2018-12-31,6.8313685e+06,-0.0352,0.7415
126,Wyoming Public Employees,Wyoming Public Employees Pension Plan,WY,Wyoming,Wyoming,1,2019.0,2019-12-31,7.790559e+06,0.1872,0.7316
126,Wyoming Public Employees,Wyoming Public Employees Pension Plan,WY,Wyoming,Wyoming,1,2020.0,2020-12-31,8.294242e+06,0.1103,0.7476
126,Wyoming Public Employees,Wyoming Public Employees Pension Plan,WY,Wyoming,Wyoming,1,2021.0,2021-12-31,9.389867e+06,0.1719,0.7704
127,Arizona State Corrections Officers,Arizona State Corrections Officers Retirement Plan,AZ,Arizona,Arizona,3,2001.0,2001-06-30,683192.44,-0.1707,1.4
127,Arizona State Corrections Officers,Arizona State Corrections Officers Retirement Plan,AZ,Arizona,Arizona,3,2002.0,2002-06-30,586328.5,-0.1473,1.238
127,Arizona State Corrections Officers,Arizona State Corrections Officers Retirement Plan,AZ,Arizona,Arizona,3,2003.0,2003-06-30,622938.5,0.0615,1.144
127,Arizona State Corrections Officers,Arizona State Corrections Officers Retirement Plan,AZ,Arizona,Arizona,3,2004.0,2004-06-30,719235.25,0.1477,1.048
127,Arizona State Corrections Officers,Arizona State Corrections Officers Retirement Plan,AZ,Arizona,Arizona,3,2005.0,2005-06-30,788873.8,0.0923,0.964
127,Arizona State Corrections Officers,Arizona State Corrections Officers Retirement Plan,AZ,Arizona,Arizona,3,2006.0,2006-06-30,861782.75,0.0817,0.937
127,Arizona State Corrections Officers,Arizona State Corrections Officers Retirement Plan,AZ,Arizona,Arizona,3,2007.0,2007-06-30,1.0129376e+06,0.1677,0.885
127,Arizona State Corrections Officers,Arizona State Corrections Officers Retirement Plan,AZ,Arizona,Arizona,3,2008.0,2008-06-30,1.1415879e+06,-0.0705,0.903
127,Arizona State Corrections Officers,Arizona State Corrections Officers Retirement Plan,AZ,Arizona,Arizona,3,2009.0,2009-06-30,961016.1,-0.1799,0.864
127,Arizona State Corrections Officers,Arizona State Corrections Officers Retirement Plan,AZ,Arizona,Arizona,3,2010.0,2010-06-30,1.1127892e+06,0.1347,0.838
127,Arizona State Corrections Officers,Arizona State Corrections Officers Retirement Plan,AZ,Arizona,Arizona,3,2011.0,2011-06-30,1.3037978e+06,0.1737,0.766
127,Arizona State Corrections Officers,Arizona State Corrections Officers Retirement Plan,AZ,Arizona,Arizona,3,2012.0,2012-06-30,1.286979e+06,-0.0079,0.707
127,Arizona State Corrections Officers,Arizona State Corrections Officers Retirement Plan,AZ,Arizona,Arizona,3,2013.0,2013-06-30,1.40958e+06,0.1064,0.669
127,Arizona State Corrections Officers,Arizona State Corrections Officers Retirement Plan,AZ,Arizona,Arizona,3,2014.0,2014-06-30,1.1797259e+06,0.1328,0.573
127,Arizona State Corrections Officers,Arizona State Corrections Officers Retirement Plan,AZ,Arizona,Arizona,3,2015.0,2015-06-30,1.205559e+06,0.0368,0.573
127,Arizona State Corrections Officers,Arizona State Corrections Officers Retirement Plan,AZ,Arizona,Arizona,3,2016.0,2016-06-30,1.210096e+06,0.0063,0.573
127,Arizona State Corrections Officers,Arizona State Corrections Officers Retirement Plan,AZ,Arizona,Arizona,3,2017.0,2017-06-30,1.35333e+06,0.1185,0.495
127,Arizona State Corrections Officers,Arizona State Corrections Officers Retirement Plan,AZ,Arizona,Arizona,3,2018.0,2018-06-30,1.439581e+06,0.0707,0.541
127,Arizona State Corrections Officers,Arizona State Corrections Officers Retirement Plan,AZ,Arizona,Arizona,3,2019.0,2019-06-30,1.539625e+06,0.0545,0.53125
127,Arizona State Corrections Officers,Arizona State Corrections Officers Retirement Plan,AZ,Arizona,Arizona,3,2020.0,2020-06-30,1.592511e+06,0.0091,0.5215
127,Arizona State Corrections Officers,Arizona State Corrections Officers Retirement Plan,AZ,Arizona,Arizona,3,2021.0,2021-06-30,2.599233e+06,0.2776,0.68156
128,Connecticut Municipal,Connecticut Municipal Employees Retirement System,CT,Connecticut,Connecticut,1,2001.0,2001-06-30,1.300349e+06,-0.0368,1.09288
128,Connecticut Municipal,Connecticut Municipal Employees Retirement System,CT,Connecticut,Connecticut,1,2002.0,2002-06-30,1.187322e+06,-0.0639,1.06342
128,Connecticut Municipal,Connecticut Municipal Employees Retirement System,CT,Connecticut,Connecticut,1,2003.0,2003-06-30,1.177321e+06,0.0249,1.02866
128,Connecticut Municipal,Connecticut Municipal Employees Retirement System,CT,Connecticut,Connecticut,1,2004.0,2004-06-30,1.306904e+06,0.1428,1.02935
128,Connecticut Municipal,Connecticut Municipal Employees Retirement System,CT,Connecticut,Connecticut,1,2005.0,2005-06-30,1.400001e+06,0.101,1.03235
128,Connecticut Municipal,Connecticut Municipal Employees Retirement System,CT,Connecticut,Connecticut,1,2006.0,2006-06-30,1.504952e+06,0.0987,1.02465
128,Connecticut Municipal,Connecticut Municipal Employees Retirement System,CT,Connecticut,Connecticut,1,2007.0,2007-06-30,1.729973e+06,0.1696,1.03701
128,Connecticut Municipal,Connecticut Municipal Employees Retirement System,CT,Connecticut,Connecticut,1,2008.0,2008-06-30,1.632347e+06,-0.0411,1.033
128,Connecticut Municipal,Connecticut Municipal Employees Retirement System,CT,Connecticut,Connecticut,1,2009.0,2009-06-30,1.349225e+06,-0.149,0.889
128,Connecticut Municipal,Connecticut Municipal Employees Retirement System,CT,Connecticut,Connecticut,1,2010.0,2010-06-30,1.477907e+06,0.1257,0.884
128,Connecticut Municipal,Connecticut Municipal Employees Retirement System,CT,Connecticut,Connecticut,1,2011.0,2011-06-30,1.707157e+06,0.1787,0.883
128,Connecticut Municipal,Connecticut Municipal Employees Retirement System,CT,Connecticut,Connecticut,1,2012.0,2012-06-30,1.686577e+06,0.0047,0.85
128,Connecticut Municipal,Connecticut Municipal Employees Retirement System,CT,Connecticut,Connecticut,1,2013.0,2013-06-30,1.86e+06,0.096,0.875
128,Connecticut Municipal,Connecticut Municipal Employees Retirement System,CT,Connecticut,Connecticut,1,2014.0,2014-06-30,2.175433e+06,0.1358,0.87817
128,Connecticut Municipal,Connecticut Municipal Employees Retirement System,CT,Connecticut,Connecticut,1,2015.0,2015-06-30,2.455178e+06,0.0257,0.878
128,Connecticut Municipal,Connecticut Municipal Employees Retirement System,CT,Connecticut,Connecticut,1,2016.0,2016-06-30,2.507656e+06,0.0115,0.861
128,Connecticut Municipal,Connecticut Municipal Employees Retirement System,CT,Connecticut,Connecticut,1,2017.0,2017-06-30,2.733784e+06,0.1305,0.861
128,Connecticut Municipal,Connecticut Municipal Employees Retirement System,CT,Connecticut,Connecticut,1,2018.0,2018-06-30,2.666025e+06,0.0614,0.76732
128,Connecticut Municipal,Connecticut Municipal Employees Retirement System,CT,Connecticut,Connecticut,1,2019.0,2019-06-30,2.748242e+06,0.0623,0.75852
128,Connecticut Municipal,Connecticut Municipal Employees Retirement System,CT,Connecticut,Connecticut,1,2020.0,2020-06-30,2.748553e+06,0.0203,0.76444
128,Connecticut Municipal,Connecticut Municipal Employees Retirement System,CT,Connecticut,Connecticut,1,2021.0,2021-06-30,3.367803e+06,0.2439,0.77347
129,Iowa Municipal Fire and Police,Municipal Fire and Police Retirement System of Iowa,IA,Iowa,Iowa,3,2001.0,2001-06-30,1.1550559e+06,-0.0526,0.99052
129,Iowa Municipal Fire and Police,Municipal Fire and Police Retirement System of Iowa,IA,Iowa,Iowa,3,2002.0,2002-06-30,1.1045024e+06,-0.0264,0.93744
129,Iowa Municipal Fire and Police,Municipal Fire and Police Retirement System of Iowa,IA,Iowa,Iowa,3,2003.0,2003-06-30,1.1371026e+06,0.044,0.8783
129,Iowa Municipal Fire and Police,Municipal Fire and Police Retirement System of Iowa,IA,Iowa,Iowa,3,2004.0,2004-06-30,1.3236915e+06,0.186,0.84208
129,Iowa Municipal Fire and Police,Municipal Fire and Police Retirement System of Iowa,IA,Iowa,Iowa,3,2005.0,2005-06-30,1.469754e+06,0.123,0.85417
129,Iowa Municipal Fire and Police,Municipal Fire and Police Retirement System of Iowa,IA,Iowa,Iowa,3,2006.0,2006-06-30,1.6584282e+06,0.137,0.88997
129,Iowa Municipal Fire and Police,Municipal Fire and Police Retirement System of Iowa,IA,Iowa,Iowa,3,2007.0,2007-06-30,1.9536134e+06,0.189,0.872
129,Iowa Municipal Fire and Police,Municipal Fire and Police Retirement System of Iowa,IA,Iowa,Iowa,3,2008.0,2008-06-30,1.885734e+06,-0.021,0.897
129,Iowa Municipal Fire and Police,Municipal Fire and Police Retirement System of Iowa,IA,Iowa,Iowa,3,2009.0,2009-06-30,1.4345838e+06,-0.218,0.856
129,Iowa Municipal Fire and Police,Municipal Fire and Police Retirement System of Iowa,IA,Iowa,Iowa,3,2010.0,2010-06-30,1.5344126e+06,0.107,0.811
129,Iowa Municipal Fire and Police,Municipal Fire and Police Retirement System of Iowa,IA,Iowa,Iowa,3,2011.0,2011-06-30,1.8294056e+06,0.231,0.782
129,Iowa Municipal Fire and Police,Municipal Fire and Police Retirement System of Iowa,IA,Iowa,Iowa,3,2012.0,2012-06-30,1.7852285e+06,0.0033,0.737
129,Iowa Municipal Fire and Police,Municipal Fire and Police Retirement System of Iowa,IA,Iowa,Iowa,3,2013.0,2013-06-30,1.9642666e+06,0.1284,0.739
129,Iowa Municipal Fire and Police,Municipal Fire and Police Retirement System of Iowa,IA,Iowa,Iowa,3,2014.0,2014-06-30,2.278457e+06,0.182,0.778
129,Iowa Municipal Fire and Police,Municipal Fire and Police Retirement System of Iowa,IA,Iowa,Iowa,3,2015.0,2015-06-30,2.3008168e+06,0.031,0.8085
129,Iowa Municipal Fire and Police,Municipal Fire and Police Retirement System of Iowa,IA,Iowa,Iowa,3,2016.0,2016-06-30,2.2425465e+06,0.0022,0.8138
129,Iowa Municipal Fire and Police,Municipal Fire and Police Retirement System of Iowa,IA,Iowa,Iowa,3,2017.0,2017-06-30,2.436896e+06,0.118,0.814
129,Iowa Municipal Fire and Police,Municipal Fire and Police Retirement System of Iowa,IA,Iowa,Iowa,3,2018.0,2018-06-30,2.549628e+06,0.076,0.82
129,Iowa Municipal Fire and Police,Municipal Fire and Police Retirement System of Iowa,IA,Iowa,Iowa,3,2019.0,2019-06-30,2.6131252e+06,0.0532,0.8104
129,Iowa Municipal Fire and Police,Municipal Fire and Police Retirement System of Iowa,IA,Iowa,Iowa,3,2020.0,2020-06-30,2.5927485e+06,0.0235,0.7993
129,Iowa Municipal Fire and Police,Municipal Fire and Police Retirement System of Iowa,IA,Iowa,Iowa,3,2021.0,2021-06-30,3.2936102e+06,0.307,0.8295
130,Louisiana Municipal Police,Louisiana Municipal Police Employees Retirement System,LA,Louisiana,Louisiana,3,2011.0,2011-06-30,1.4545034e+06,0.2481,0.58054
130,Louisiana Municipal Police,Louisiana Municipal Police Employees Retirement System,LA,Louisiana,Louisiana,3,2014.0,2014-06-30,1.8870195e+06,0.184,0.6811
130,Louisiana Municipal Police,Louisiana Municipal Police Employees Retirement System,LA,Louisiana,Louisiana,3,2015.0,2015-06-30,1.8930772e+06,0.013,0.6991
130,Louisiana Municipal Police,Louisiana Municipal Police Employees Retirement System,LA,Louisiana,Louisiana,3,2016.0,2016-06-30,1.8228584e+06,-0.028,0.7064
130,Louisiana Municipal Police,Louisiana Municipal Police Employees Retirement System,LA,Louisiana,Louisiana,3,2017.0,2017-06-30,2.0450222e+06,0.135,0.7139
130,Louisiana Municipal Police,Louisiana Municipal Police Employees Retirement System,LA,Louisiana,Louisiana,3,2018.0,2018-06-30,2.1617752e+06,0.069,0.7323
130,Louisiana Municipal Police,Louisiana Municipal Police Employees Retirement System,LA,Louisiana,Louisiana,3,2019.0,2019-06-30,2.224282e+06,0.037,0.7289
130,Louisiana Municipal Police,Louisiana Municipal Police Employees Retirement System,LA,Louisiana,Louisiana,3,2020.0,2020-06-30,2.256741e+06,0.027,0.755
130,Louisiana Municipal Police,Louisiana Municipal Police Employees Retirement System,LA,Louisiana,Louisiana,3,2021.0,2021-06-30,2.8169738e+06,0.253,0.7778
131,Louisiana Schools,Louisiana School Employees' Retirement System,LA,Louisiana,Louisiana,1,2004.0,2004-06-30,1.4347858e+06,0.12065,0.758
131,Louisiana Schools,Louisiana School Employees' Retirement System,LA,Louisiana,Louisiana,1,2006.0,2006-06-30,1.5043956e+06,0.0974,0.791
131,Louisiana Schools,Louisiana School Employees' Retirement System,LA,Louisiana,Louisiana,1,2007.0,2007-06-30,1.6566294e+06,0.1552,0.8
131,Louisiana Schools,Louisiana School Employees' Retirement System,LA,Louisiana,Louisiana,1,2008.0,2008-06-30,1.5122419e+06,-0.0483,0.766
131,Louisiana Schools,Louisiana School Employees' Retirement System,LA,Louisiana,Louisiana,1,2009.0,2009-06-30,1.2036878e+06,-0.1654,0.655
131,Louisiana Schools,Louisiana School Employees' Retirement System,LA,Louisiana,Louisiana,1,2010.0,2010-06-30,1.2858522e+06,0.1329,0.61
131,Louisiana Schools,Louisiana School Employees' Retirement System,LA,Louisiana,Louisiana,1,2011.0,2011-06-30,1.5166346e+06,0.2395,0.599
131,Louisiana Schools,Louisiana School Employees' Retirement System,LA,Louisiana,Louisiana,1,2012.0,2012-06-30,1.4971091e+06,0.0246,0.616
131,Louisiana Schools,Louisiana School Employees' Retirement System,LA,Louisiana,Louisiana,1,2013.0,2013-06-30,1.6411649e+06,0.1411,0.621
131,Louisiana Schools,Louisiana School Employees' Retirement System,LA,Louisiana,Louisiana,1,2014.0,2014-06-30,1.857367e+06,0.1716,0.669
131,Louisiana Schools,Louisiana School Employees' Retirement System,LA,Louisiana,Louisiana,1,2015.0,2015-06-30,1.8514561e+06,0.0313,0.7071
131,Louisiana Schools,Louisiana School Employees' Retirement System,LA,Louisiana,Louisiana,1,2016.0,2016-06-30,1.7678102e+06,-0.0019,0.7254
131,Louisiana Schools,Louisiana School Employees' Retirement System,LA,Louisiana,Louisiana,1,2017.0,2017-06-30,1.922706e+06,0.1437,0.7416
131,Louisiana Schools,Louisiana School Employees' Retirement System,LA,Louisiana,Louisiana,1,2018.0,2018-06-30,1.946113e+06,0.0662,0.7459
131,Louisiana Schools,Louisiana School Employees' Retirement System,LA,Louisiana,Louisiana,1,2019.0,2019-06-30,1.9403896e+06,0.0517,0.7439
131,Louisiana Schools,Louisiana School Employees' Retirement System,LA,Louisiana,Louisiana,1,2020.0,2020-06-30,1.8456189e+06,0.0027,0.7414
131,Louisiana Schools,Louisiana School Employees' Retirement System,LA,Louisiana,Louisiana,1,2021.0,2021-06-30,2.2430572e+06,0.2838,0.757
132,Louisiana Parochial Employees,Louisiana State Parochial Employees Retirement System,LA,Louisiana,Louisiana,1,2014.0,2014-12-31,3.4291518e+06,0.04194,0.96851
132,Louisiana Parochial Employees,Louisiana State Parochial Employees Retirement System,LA,Louisiana,Louisiana,1,2015.0,2015-12-31,3.3796965e+06,-0.00576,0.97207
132,Louisiana Parochial Employees,Louisiana State Parochial Employees Retirement System,LA,Louisiana,Louisiana,1,2016.0,2016-12-31,3.589673e+06,0.0765,0.99288
132,Louisiana Parochial Employees,Louisiana State Parochial Employees Retirement System,LA,Louisiana,Louisiana,1,2017.0,2017-12-31,4.1546472e+06,0.173,0.99615
132,Louisiana Parochial Employees,Louisiana State Parochial Employees Retirement System,LA,Louisiana,Louisiana,1,2018.0,2018-12-31,3.8487612e+06,-0.0567,0.96266
132,Louisiana Parochial Employees,Louisiana State Parochial Employees Retirement System,LA,Louisiana,Louisiana,1,2019.0,2019-12-31,4.4526815e+06,0.177,0.97568
132,Louisiana Parochial Employees,Louisiana State Parochial Employees Retirement System,LA,Louisiana,Louisiana,1,2020.0,2020-12-31,4.9666585e+06,0.134,0.98134
132,Louisiana Parochial Employees,Louisiana State Parochial Employees Retirement System,LA,Louisiana,Louisiana,1,2021.0,2021-12-31,5.4254295e+06,0.1112,1.0348
133,Minnesota Police and Fire,Minnesota Public Employees Police & Fire Plan,MN,Minnesota,Minnesota,3,2001.0,2001-06-30,4.185783e+06,-0.071,1.2046
133,Minnesota Police and Fire,Minnesota Public Employees Police & Fire Plan,MN,Minnesota,Minnesota,3,2002.0,2002-06-30,3.770007e+06,-0.08,1.2023
133,Minnesota Police and Fire,Minnesota Public Employees Police & Fire Plan,MN,Minnesota,Minnesota,3,2003.0,2003-06-30,3.70802e+06,0.024,1.0665
133,Minnesota Police and Fire,Minnesota Public Employees Police & Fire Plan,MN,Minnesota,Minnesota,3,2004.0,2004-06-30,4.138504e+06,0.165,1.0116
133,Minnesota Police and Fire,Minnesota Public Employees Police & Fire Plan,MN,Minnesota,Minnesota,3,2005.0,2005-06-30,4.416276e+06,0.107,0.9715
133,Minnesota Police and Fire,Minnesota Public Employees Police & Fire Plan,MN,Minnesota,Minnesota,3,2006.0,2006-06-30,4.802255e+06,0.123,0.9539
133,Minnesota Police and Fire,Minnesota Public Employees Police & Fire Plan,MN,Minnesota,Minnesota,3,2007.0,2007-06-30,5.529663e+06,0.183,0.917
133,Minnesota Police and Fire,Minnesota Public Employees Police & Fire Plan,MN,Minnesota,Minnesota,3,2008.0,2008-06-30,5.110824e+06,-0.05,0.8842
133,Minnesota Police and Fire,Minnesota Public Employees Police & Fire Plan,MN,Minnesota,Minnesota,3,2009.0,2009-06-30,4.001046e+06,-0.188,0.8322
133,Minnesota Police and Fire,Minnesota Public Employees Police & Fire Plan,MN,Minnesota,Minnesota,3,2010.0,2010-06-30,4.453737e+06,0.152,0.87
133,Minnesota Police and Fire,Minnesota Public Employees Police & Fire Plan,MN,Minnesota,Minnesota,3,2011.0,2011-06-30,5.317032e+06,0.233,0.8289
133,Minnesota Police and Fire,Minnesota Public Employees Police & Fire Plan,MN,Minnesota,Minnesota,3,2012.0,2012-06-30,5.772047e+06,0.024,0.7831
133,Minnesota Police and Fire,Minnesota Public Employees Police & Fire Plan,MN,Minnesota,Minnesota,3,2013.0,2013-06-30,6.346741e+06,0.142,0.8123
133,Minnesota Police and Fire,Minnesota Public Employees Police & Fire Plan,MN,Minnesota,Minnesota,3,2014.0,2014-06-30,7.2731e+06,0.186,0.8005
133,Minnesota Police and Fire,Minnesota Public Employees Police & Fire Plan,MN,Minnesota,Minnesota,3,2015.0,2015-06-30,7.348704e+06,0.044,0.8364
133,Minnesota Police and Fire,Minnesota Public Employees Police & Fire Plan,MN,Minnesota,Minnesota,3,2016.0,2016-06-30,7.09809e+06,-0.001,0.8774
133,Minnesota Police and Fire,Minnesota Public Employees Police & Fire Plan,MN,Minnesota,Minnesota,3,2017.0,2017-06-30,7.918879e+06,0.151,0.8523
133,Minnesota Police and Fire,Minnesota Public Employees Police & Fire Plan,MN,Minnesota,Minnesota,3,2018.0,2018-06-30,8.486907e+06,0.103,0.871
133,Minnesota Police and Fire,Minnesota Public Employees Police & Fire Plan,MN,Minnesota,Minnesota,3,2019.0,2019-06-30,8.844552e+06,0.073,0.8741
133,Minnesota Police and Fire,Minnesota Public Employees Police & Fire Plan,MN,Minnesota,Minnesota,3,2020.0,2020-06-30,8.97346e+06,0.042,0.878
133,Minnesota Police and Fire,Minnesota Public Employees Police & Fire Plan,MN,Minnesota,Minnesota,3,2021.0,2021-06-30,1.1398101e+07,0.303,0.9201
134,Oklahoma Police,Oklahoma Police Pension and Retirement System,OK,Oklahoma,Oklahoma,3,2001.0,2001-06-30,1.210046e+06,-0.053,0.914
134,Oklahoma Police,Oklahoma Police Pension and Retirement System,OK,Oklahoma,Oklahoma,3,2002.0,2002-06-30,1.128292e+06,-0.051,0.881
134,Oklahoma Police,Oklahoma Police Pension and Retirement System,OK,Oklahoma,Oklahoma,3,2003.0,2003-06-30,1.152955e+06,0.031,0.845
134,Oklahoma Police,Oklahoma Police Pension and Retirement System,OK,Oklahoma,Oklahoma,3,2004.0,2004-06-30,1.288525e+06,0.151,0.81
134,Oklahoma Police,Oklahoma Police Pension and Retirement System,OK,Oklahoma,Oklahoma,3,2005.0,2005-06-30,1.386113e+06,0.088,0.786
134,Oklahoma Police,Oklahoma Police Pension and Retirement System,OK,Oklahoma,Oklahoma,3,2006.0,2006-06-30,1.525043e+06,0.109,0.78
134,Oklahoma Police,Oklahoma Police Pension and Retirement System,OK,Oklahoma,Oklahoma,3,2007.0,2007-06-30,1.776388e+06,0.175,0.799
134,Oklahoma Police,Oklahoma Police Pension and Retirement System,OK,Oklahoma,Oklahoma,3,2008.0,2008-06-30,1.71782e+06,-0.0277,0.822
134,Oklahoma Police,Oklahoma Police Pension and Retirement System,OK,Oklahoma,Oklahoma,3,2009.0,2009-06-30,1.420477e+06,-0.1652,0.762
134,Oklahoma Police,Oklahoma Police Pension and Retirement System,OK,Oklahoma,Oklahoma,3,2010.0,2010-06-30,1.548827e+06,0.114,0.749
134,Oklahoma Police,Oklahoma Police Pension and Retirement System,OK,Oklahoma,Oklahoma,3,2011.0,2011-06-30,1.800742e+06,0.1852,0.93
134,Oklahoma Police,Oklahoma Police Pension and Retirement System,OK,Oklahoma,Oklahoma,3,2012.0,2012-06-30,1.77798e+06,0.0048,0.902
134,Oklahoma Police,Oklahoma Police Pension and Retirement System,OK,Oklahoma,Oklahoma,3,2013.0,2013-06-30,1.969169e+06,0.1234,0.893
134,Oklahoma Police,Oklahoma Police Pension and Retirement System,OK,Oklahoma,Oklahoma,3,2014.0,2014-06-30,2.238466e+06,0.1499,0.946
134,Oklahoma Police,Oklahoma Police Pension and Retirement System,OK,Oklahoma,Oklahoma,3,2015.0,2015-06-30,2.264996e+06,0.0338,0.982
134,Oklahoma Police,Oklahoma Police Pension and Retirement System,OK,Oklahoma,Oklahoma,3,2016.0,2016-06-30,2.201671e+06,-0.0061,0.987
134,Oklahoma Police,Oklahoma Police Pension and Retirement System,OK,Oklahoma,Oklahoma,3,2017.0,2017-06-30,2.395381e+06,0.1114,1.018
134,Oklahoma Police,Oklahoma Police Pension and Retirement System,OK,Oklahoma,Oklahoma,3,2018.0,2018-06-30,2.563446e+06,0.0834,1.028
134,Oklahoma Police,Oklahoma Police Pension and Retirement System,OK,Oklahoma,Oklahoma,3,2019.0,2019-06-30,2.618857e+06,0.0424,1.025
134,Oklahoma Police,Oklahoma Police Pension and Retirement System,OK,Oklahoma,Oklahoma,3,2020.0,2020-06-30,2.621311e+06,0.0193,1.008
134,Oklahoma Police,Oklahoma Police Pension and Retirement System,OK,Oklahoma,Oklahoma,3,2021.0,2021-06-30,3.289959e+06,0.28,1.046
135,Utah Public Safety,Utah Public Safety and Firefighter Retirement Plan,UT,Utah,Utah,3,2001.0,2001-12-31,1.229903e+06,-0.05,1.008
135,Utah Public Safety,Utah Public Safety and Firefighter Retirement Plan,UT,Utah,Utah,3,2002.0,2002-12-31,1.124549e+06,-0.075,0.925
135,Utah Public Safety,Utah Public Safety and Firefighter Retirement Plan,UT,Utah,Utah,3,2003.0,2003-12-31,1.404167e+06,0.26,0.931
135,Utah Public Safety,Utah Public Safety and Firefighter Retirement Plan,UT,Utah,Utah,3,2004.0,2004-12-31,1.594043e+06,0.132,0.883
135,Utah Public Safety,Utah Public Safety and Firefighter Retirement Plan,UT,Utah,Utah,3,2005.0,2005-12-31,1.736451e+06,0.0896,0.89
135,Utah Public Safety,Utah Public Safety and Firefighter Retirement Plan,UT,Utah,Utah,3,2006.0,2006-12-31,1.981492e+06,0.1477,0.919
135,Utah Public Safety,Utah Public Safety and Firefighter Retirement Plan,UT,Utah,Utah,3,2007.0,2007-12-31,2.106302e+06,0.0715,0.907
135,Utah Public Safety,Utah Public Safety and Firefighter Retirement Plan,UT,Utah,Utah,3,2008.0,2008-12-31,1.614057e+06,-0.223,0.816
135,Utah Public Safety,Utah Public Safety and Firefighter Retirement Plan,UT,Utah,Utah,3,2009.0,2009-12-31,1.824758e+06,0.1288,0.806
135,Utah Public Safety,Utah Public Safety and Firefighter Retirement Plan,UT,Utah,Utah,3,2010.0,2010-12-31,2.058019e+06,0.1373,0.771
135,Utah Public Safety,Utah Public Safety and Firefighter Retirement Plan,UT,Utah,Utah,3,2011.0,2011-12-31,2.103751e+06,0.0289,0.754
135,Utah Public Safety,Utah Public Safety and Firefighter Retirement Plan,UT,Utah,Utah,3,2012.0,2012-12-31,2.366057e+06,0.131,0.73
135,Utah Public Safety,Utah Public Safety and Firefighter Retirement Plan,UT,Utah,Utah,3,2013.0,2013-12-31,2.712184e+06,0.1489,0.79334
135,Utah Public Safety,Utah Public Safety and Firefighter Retirement Plan,UT,Utah,Utah,3,2014.0,2014-12-31,2.899386e+06,0.0752,0.83248
135,Utah Public Safety,Utah Public Safety and Firefighter Retirement Plan,UT,Utah,Utah,3,2015.0,2015-12-31,2.938839e+06,0.0192,0.8258
135,Utah Public Safety,Utah Public Safety and Firefighter Retirement Plan,UT,Utah,Utah,3,2016.0,2016-12-31,3.176545e+06,0.0879,0.82413
135,Utah Public Safety,Utah Public Safety and Firefighter Retirement Plan,UT,Utah,Utah,3,2017.0,2017-12-31,3.576517e+06,0.1357,0.84868
135,Utah Public Safety,Utah Public Safety and Firefighter Retirement Plan,UT,Utah,Utah,3,2018.0,2018-12-31,3.528069e+06,-0.0022,0.84847
135,Utah Public Safety,Utah Public Safety and Firefighter Retirement Plan,UT,Utah,Utah,3,2019.0,2019-12-31,3.984186e+06,0.1445,0.85082
135,Utah Public Safety,Utah Public Safety and Firefighter Retirement Plan,UT,Utah,Utah,3,2020.0,2020-12-31,4.422517e+06,0.1296,0.8477
135,Utah Public Safety,Utah Public Safety and Firefighter Retirement Plan,UT,Utah,Utah,3,2021.0,2021-12-31,5.105393e+06,0.1746,0.92193
136,Pennsylvania Municipal,Pennsylvania Municipal Retirement System,PA,Pennsylvania,Pennsylvania,1,2002.0,2002-12-31,916673.7,-0.089,1.136
136,Pennsylvania Municipal,Pennsylvania Municipal Retirement System,PA,Pennsylvania,Pennsylvania,1,2003.0,2003-12-31,1.1125406e+06,0.237,1.09141
136,Pennsylvania Municipal,Pennsylvania Municipal Retirement System,PA,Pennsylvania,Pennsylvania,1,2004.0,2004-12-31,1.2375615e+06,0.131,1.056
136,Pennsylvania Municipal,Pennsylvania Municipal Retirement System,PA,Pennsylvania,Pennsylvania,1,2005.0,2005-12-31,1.322392e+06,0.086,1.04421
136,Pennsylvania Municipal,Pennsylvania Municipal Retirement System,PA,Pennsylvania,Pennsylvania,1,2006.0,2006-12-31,1.4558689e+06,0.126,1.042
136,Pennsylvania Municipal,Pennsylvania Municipal Retirement System,PA,Pennsylvania,Pennsylvania,1,2007.0,2007-12-31,1.5647738e+06,0.082,1.059
136,Pennsylvania Municipal,Pennsylvania Municipal Retirement System,PA,Pennsylvania,Pennsylvania,1,2008.0,2008-12-31,1.1706319e+06,-0.248,1.061
136,Pennsylvania Municipal,Pennsylvania Municipal Retirement System,PA,Pennsylvania,Pennsylvania,1,2009.0,2009-12-31,1.3665865e+06,0.188,1.038
136,Pennsylvania Municipal,Pennsylvania Municipal Retirement System,PA,Pennsylvania,Pennsylvania,1,2010.0,2010-12-31,1.5422881e+06,0.138,1.024
136,Pennsylvania Municipal,Pennsylvania Municipal Retirement System,PA,Pennsylvania,Pennsylvania,1,2011.0,2011-12-31,1.4901691e+06,-0.019,1.038
136,Pennsylvania Municipal,Pennsylvania Municipal Retirement System,PA,Pennsylvania,Pennsylvania,1,2012.0,2012-12-31,1.6619262e+06,0.132,0.991
136,Pennsylvania Municipal,Pennsylvania Municipal Retirement System,PA,Pennsylvania,Pennsylvania,1,2013.0,2013-12-31,1.9512474e+06,0.194,0.984
136,Pennsylvania Municipal,Pennsylvania Municipal Retirement System,PA,Pennsylvania,Pennsylvania,1,2014.0,2014-12-31,2.0496151e+06,0.057,1.007
136,Pennsylvania Municipal,Pennsylvania Municipal Retirement System,PA,Pennsylvania,Pennsylvania,1,2015.0,2015-12-31,1.9944912e+06,0.001,1.001
136,Pennsylvania Municipal,Pennsylvania Municipal Retirement System,PA,Pennsylvania,Pennsylvania,1,2016.0,2016-12-31,2.1513782e+06,0.087,0.978
136,Pennsylvania Municipal,Pennsylvania Municipal Retirement System,PA,Pennsylvania,Pennsylvania,1,2017.0,2017-12-31,2.4916198e+06,0.184,1.002
136,Pennsylvania Municipal,Pennsylvania Municipal Retirement System,PA,Pennsylvania,Pennsylvania,1,2018.0,2018-12-31,2.3493798e+06,-0.041,1.004
136,Pennsylvania Municipal,Pennsylvania Municipal Retirement System,PA,Pennsylvania,Pennsylvania,1,2019.0,2019-12-31,2.7920692e+06,0.211,1.012
136,Pennsylvania Municipal,Pennsylvania Municipal Retirement System,PA,Pennsylvania,Pennsylvania,1,2020.0,2020-12-31,3.1666998e+06,0.147,0.999
137,Alameda County ERS,Alameda County Employees' Retirement Association,CA,California,Alameda County,1,2001.0,2001-12-31,3.5170822e+06,-0.031,1.058
137,Alameda County ERS,Alameda County Employees' Retirement Association,CA,California,Alameda County,1,2002.0,2002-12-31,3.1829402e+06,-0.068,0.925
137,Alameda County ERS,Alameda County Employees' Retirement Association,CA,California,Alameda County,1,2003.0,2003-12-31,3.9200042e+06,0.267,0.869
137,Alameda County ERS,Alameda County Employees' Retirement Association,CA,California,Alameda County,1,2004.0,2004-12-31,4.3224415e+06,0.123,0.821
137,Alameda County ERS,Alameda County Employees' Retirement Association,CA,California,Alameda County,1,2005.0,2005-12-31,4.619171e+06,0.088,0.832
137,Alameda County ERS,Alameda County Employees' Retirement Association,CA,California,Alameda County,1,2006.0,2006-12-31,4.647519e+06,0.144,0.855
137,Alameda County ERS,Alameda County Employees' Retirement Association,CA,California,Alameda County,1,2007.0,2007-12-31,4.878819e+06,0.088,0.892
137,Alameda County ERS,Alameda County Employees' Retirement Association,CA,California,Alameda County,1,2008.0,2008-12-31,3.117481e+06,-0.303,0.839
137,Alameda County ERS,Alameda County Employees' Retirement Association,CA,California,Alameda County,1,2009.0,2009-12-31,4.006822e+06,0.266,0.812
137,Alameda County ERS,Alameda County Employees' Retirement Association,CA,California,Alameda County,1,2010.0,2010-12-31,4.589383e+06,0.146,0.775
137,Alameda County ERS,Alameda County Employees' Retirement Association,CA,California,Alameda County,1,2011.0,2011-12-31,4.460031e+06,-0.004,0.766
137,Alameda County ERS,Alameda County Employees' Retirement Association,CA,California,Alameda County,1,2012.0,2012-12-31,5.085161e+06,0.15,0.739
137,Alameda County ERS,Alameda County Employees' Retirement Association,CA,California,Alameda County,1,2013.0,2013-12-31,5.988805e+06,0.202,0.759
137,Alameda County ERS,Alameda County Employees' Retirement Association,CA,California,Alameda County,1,2014.0,2014-12-31,5.996727e+06,0.0466,0.748
137,Alameda County ERS,Alameda County Employees' Retirement Association,CA,California,Alameda County,1,2015.0,2015-12-31,5.812442e+06,0.0037,0.773
137,Alameda County ERS,Alameda County Employees' Retirement Association,CA,California,Alameda County,1,2016.0,2016-12-31,6.11953e+06,0.0744,0.781
137,Alameda County ERS,Alameda County Employees' Retirement Association,CA,California,Alameda County,1,2017.0,2017-12-31,7.248264e+06,0.195,0.76
137,Alameda County ERS,Alameda County Employees' Retirement Association,CA,California,Alameda County,1,2018.0,2018-12-31,6.702634e+06,-0.0405,0.772
137,Alameda County ERS,Alameda County Employees' Retirement Association,CA,California,Alameda County,1,2019.0,2019-12-31,7.894583e+06,0.1869,0.776
137,Alameda County ERS,Alameda County Employees' Retirement Association,CA,California,Alameda County,1,2020.0,2020-12-31,8.730638e+06,0.1248,0.762
137,Alameda County ERS,Alameda County Employees' Retirement Association,CA,California,Alameda County,1,2021.0,2021-12-31,1.0752506e+07,0.162,0.865
138,Kern County ERS,Kern County Employees' Retirement Association,CA,California,Kern County,1,2001.0,2001-06-30,1.4835146e+06,-0.0543,1.033
138,Kern County ERS,Kern County Employees' Retirement Association,CA,California,Kern County,1,2002.0,2002-06-30,1.436173e+06,-0.0597,0.9357
138,Kern County ERS,Kern County Employees' Retirement Association,CA,California,Kern County,1,2003.0,2003-06-30,1.7829466e+06,0.0658,0.8269
138,Kern County ERS,Kern County Employees' Retirement Association,CA,California,Kern County,1,2004.0,2004-06-30,2.0307194e+06,0.1673,0.936
138,Kern County ERS,Kern County Employees' Retirement Association,CA,California,Kern County,1,2005.0,2005-06-30,2.212271e+06,0.1109,0.8614
138,Kern County ERS,Kern County Employees' Retirement Association,CA,California,Kern County,1,2006.0,2006-06-30,2.458256e+06,0.1169,0.7563
138,Kern County ERS,Kern County Employees' Retirement Association,CA,California,Kern County,1,2007.0,2007-06-30,2.9122778e+06,0.184,0.7565
138,Kern County ERS,Kern County Employees' Retirement Association,CA,California,Kern County,1,2008.0,2008-06-30,2.7111085e+06,-0.065,0.723
138,Kern County ERS,Kern County Employees' Retirement Association,CA,California,Kern County,1,2009.0,2009-06-30,2.0252172e+06,-0.2187,0.661
138,Kern County ERS,Kern County Employees' Retirement Association,CA,California,Kern County,1,2010.0,2010-06-30,2.301434e+06,0.133,0.627
138,Kern County ERS,Kern County Employees' Retirement Association,CA,California,Kern County,1,2011.0,2011-06-30,2.795926e+06,0.192,0.608
138,Kern County ERS,Kern County Employees' Retirement Association,CA,California,Kern County,1,2012.0,2012-06-30,2.800024e+06,0.01,0.605
138,Kern County ERS,Kern County Employees' Retirement Association,CA,California,Kern County,1,2013.0,2013-06-30,3.10477e+06,0.104,0.611
138,Kern County ERS,Kern County Employees' Retirement Association,CA,California,Kern County,1,2014.0,2014-06-30,3.576112e+06,0.15,0.608
138,Kern County ERS,Kern County Employees' Retirement Association,CA,California,Kern County,1,2015.0,2015-06-30,3.625093e+06,0.023,0.6408
138,Kern County ERS,Kern County Employees' Retirement Association,CA,California,Kern County,1,2016.0,2016-06-30,3.571587e+06,-0.0076,0.634
138,Kern County ERS,Kern County Employees' Retirement Association,CA,California,Kern County,1,2017.0,2017-06-30,3.962895e+06,0.12,0.632
138,Kern County ERS,Kern County Employees' Retirement Association,CA,California,Kern County,1,2018.0,2018-06-30,4.198862e+06,0.068,0.651
138,Kern County ERS,Kern County Employees' Retirement Association,CA,California,Kern County,1,2019.0,2019-06-30,4.34578e+06,0.056,0.648
138,Kern County ERS,Kern County Employees' Retirement Association,CA,California,Kern County,1,2020.0,2020-06-30,4.438795e+06,0.03,0.644
138,Kern County ERS,Kern County Employees' Retirement Association,CA,California,Kern County,1,2021.0,2021-06-30,5.417513e+06,0.239,0.671
139,Los Angeles ERS,Los Angeles City Employees' Retirement System,CA,California,Los Angeles City,1,2001.0,2001-06-30,6.537135e+06,-0.042,1.0805
139,Los Angeles ERS,Los Angeles City Employees' Retirement System,CA,California,Los Angeles City,1,2002.0,2002-06-30,5.991405e+06,-0.048,0.9735
139,Los Angeles ERS,Los Angeles City Employees' Retirement System,CA,California,Los Angeles City,1,2003.0,2003-06-30,5.985142e+06,0.045,0.9138
139,Los Angeles ERS,Los Angeles City Employees' Retirement System,CA,California,Los Angeles City,1,2004.0,2004-06-30,6.895303e+06,0.186,0.8252
139,Los Angeles ERS,Los Angeles City Employees' Retirement System,CA,California,Los Angeles City,1,2005.0,2005-06-30,7.413469e+06,0.1,0.7717
139,Los Angeles ERS,Los Angeles City Employees' Retirement System,CA,California,Los Angeles City,1,2006.0,2006-06-30,8.226876e+06,0.124,0.7776
139,Los Angeles ERS,Los Angeles City Employees' Retirement System,CA,California,Los Angeles City,1,2007.0,2007-06-30,9.733117e+06,0.195,0.8169
139,Los Angeles ERS,Los Angeles City Employees' Retirement System,CA,California,Los Angeles City,1,2008.0,2008-06-30,9.083168e+06,-0.057,0.8437
139,Los Angeles ERS,Los Angeles City Employees' Retirement System,CA,California,Los Angeles City,1,2009.0,2009-06-30,7.144582e+06,-0.196,0.7954
139,Los Angeles ERS,Los Angeles City Employees' Retirement System,CA,California,Los Angeles City,1,2010.0,2010-06-30,7.836758e+06,0.129,0.7586
139,Los Angeles ERS,Los Angeles City Employees' Retirement System,CA,California,Los Angeles City,1,2011.0,2011-06-30,9.227219e+06,0.226,0.7237
139,Los Angeles ERS,Los Angeles City Employees' Retirement System,CA,California,Los Angeles City,1,2012.0,2012-06-30,9.098161e+06,0.011,0.6902
139,Los Angeles ERS,Los Angeles City Employees' Retirement System,CA,California,Los Angeles City,1,2013.0,2013-06-30,1.0199593e+07,0.143,0.687
139,Los Angeles ERS,Los Angeles City Employees' Retirement System,CA,California,Los Angeles City,1,2014.0,2014-06-30,1.1844437e+07,0.184,0.6736
139,Los Angeles ERS,Los Angeles City Employees' Retirement System,CA,California,Los Angeles City,1,2015.0,2015-06-30,1.1981054e+07,0.026,0.6935
139,Los Angeles ERS,Los Angeles City Employees' Retirement System,CA,California,Los Angeles City,1,2016.0,2016-06-30,1.1870182e+07,0.003,0.7139
139,Los Angeles ERS,Los Angeles City Employees' Retirement System,CA,California,Los Angeles City,1,2017.0,2017-06-30,1.3250708e+07,0.131,0.714
139,Los Angeles ERS,Los Angeles City Employees' Retirement System,CA,California,Los Angeles City,1,2018.0,2018-06-30,1.4313245e+07,0.092,0.7011
139,Los Angeles ERS,Los Angeles City Employees' Retirement System,CA,California,Los Angeles City,1,2019.0,2019-06-30,1.4895812e+07,0.0615,0.7127
139,Los Angeles ERS,Los Angeles City Employees' Retirement System,CA,California,Los Angeles City,1,2020.0,2020-06-30,1.501212e+07,0.0124,0.6938
139,Los Angeles ERS,Los Angeles City Employees' Retirement System,CA,California,Los Angeles City,1,2021.0,2021-06-30,1.9023688e+07,0.2929,0.7155
140,Los Angeles Fire and Police,Los Angeles City Fire and Police Pension System,CA,California,Los Angeles City,3,2001.0,2001-06-30,1.1382704e+07,-0.1,1.189
140,Los Angeles Fire and Police,Los Angeles City Fire and Police Pension System,CA,California,Los Angeles City,3,2002.0,2002-06-30,1.006573e+07,-0.0797,1.083
140,Los Angeles Fire and Police,Los Angeles City Fire and Police Pension System,CA,California,Los Angeles City,3,2003.0,2003-06-30,1.019882e+07,0.0547,1.043
140,Los Angeles Fire and Police,Los Angeles City Fire and Police Pension System,CA,California,Los Angeles City,3,2004.0,2004-06-30,1.1570229e+07,0.1692,1.03
140,Los Angeles Fire and Police,Los Angeles City Fire and Police Pension System,CA,California,Los Angeles City,3,2005.0,2005-06-30,1.1773028e+07,0.1007,0.941
140,Los Angeles Fire and Police,Los Angeles City Fire and Police Pension System,CA,California,Los Angeles City,3,2006.0,2006-06-30,1.2852366e+07,0.1248,0.946
140,Los Angeles Fire and Police,Los Angeles City Fire and Police Pension System,CA,California,Los Angeles City,3,2007.0,2007-06-30,1.4756581e+07,0.185,0.992
140,Los Angeles Fire and Police,Los Angeles City Fire and Police Pension System,CA,California,Los Angeles City,3,2008.0,2008-06-30,1.3619446e+07,-0.0458,0.991
140,Los Angeles Fire and Police,Los Angeles City Fire and Police Pension System,CA,California,Los Angeles City,3,2009.0,2009-06-30,1.0379794e+07,-0.1997,0.962
140,Los Angeles Fire and Police,Los Angeles City Fire and Police Pension System,CA,California,Los Angeles City,3,2010.0,2010-06-30,1.140395e+07,0.1391,0.916
140,Los Angeles Fire and Police,Los Angeles City Fire and Police Pension System,CA,California,Los Angeles City,3,2011.0,2011-06-30,1.3524188e+07,0.2209,0.863
140,Los Angeles Fire and Police,Los Angeles City Fire and Police Pension System,CA,California,Los Angeles City,3,2012.0,2012-06-30,1.3347074e+07,0.0189,0.837
140,Los Angeles Fire and Police,Los Angeles City Fire and Police Pension System,CA,California,Los Angeles City,3,2013.0,2013-06-30,1.4680373e+07,0.1301,0.831
140,Los Angeles Fire and Police,Los Angeles City Fire and Police Pension System,CA,California,Los Angeles City,3,2014.0,2014-06-30,1.7001658e+07,0.1784,0.866
140,Los Angeles Fire and Police,Los Angeles City Fire and Police Pension System,CA,California,Los Angeles City,3,2015.0,2015-06-30,1.7346554e+07,0.0401,0.915
140,Los Angeles Fire and Police,Los Angeles City Fire and Police Pension System,CA,California,Los Angeles City,3,2016.0,2016-06-30,1.7104276e+07,0.0091,0.939
140,Los Angeles Fire and Police,Los Angeles City Fire and Police Pension System,CA,California,Los Angeles City,3,2017.0,2017-06-30,1.8998404e+07,0.1313,0.915
140,Los Angeles Fire and Police,Los Angeles City Fire and Police Pension System,CA,California,Los Angeles City,3,2018.0,2018-06-30,2.048258e+07,0.0921,0.929
140,Los Angeles Fire and Police,Los Angeles City Fire and Police Pension System,CA,California,Los Angeles City,3,2019.0,2019-06-30,2.12622e+07,0.0621,0.936
140,Los Angeles Fire and Police,Los Angeles City Fire and Police Pension System,CA,California,Los Angeles City,3,2020.0,2020-06-30,2.1396932e+07,0.0304,0.932
140,Los Angeles Fire and Police,Los Angeles City Fire and Police Pension System,CA,California,Los Angeles City,3,2021.0,2021-06-30,2.7862308e+07,0.3256,0.968
141,Los Angeles Water and Power,Los Angeles Water and Power Employees' Retirement Plan,CA,California,Los Angeles City,1,2002.0,2002-06-30,5.671141e+06,-0.0416,1.0133
141,Los Angeles Water and Power,Los Angeles Water and Power Employees' Retirement Plan,CA,California,Los Angeles City,1,2003.0,2003-06-30,5.558766e+06,0.0193,1.0143
141,Los Angeles Water and Power,Los Angeles Water and Power Employees' Retirement Plan,CA,California,Los Angeles City,1,2004.0,2004-06-30,5.9614e+06,0.1122,0.9735
141,Los Angeles Water and Power,Los Angeles Water and Power Employees' Retirement Plan,CA,California,Los Angeles City,1,2005.0,2005-06-30,6.182215e+06,0.0716,0.9361
141,Los Angeles Water and Power,Los Angeles Water and Power Employees' Retirement Plan,CA,California,Los Angeles City,1,2006.0,2006-06-30,6.5132395e+06,0.0845,0.915
141,Los Angeles Water and Power,Los Angeles Water and Power Employees' Retirement Plan,CA,California,Los Angeles City,1,2007.0,2007-06-30,7.417828e+06,0.1658,0.9192
141,Los Angeles Water and Power,Los Angeles Water and Power Employees' Retirement Plan,CA,California,Los Angeles City,1,2008.0,2008-06-30,6.923931e+06,-0.0443,0.9513
141,Los Angeles Water and Power,Los Angeles Water and Power Employees' Retirement Plan,CA,California,Los Angeles City,1,2009.0,2009-06-30,5.698878e+06,-0.1553,0.8997
141,Los Angeles Water and Power,Los Angeles Water and Power Employees' Retirement Plan,CA,California,Los Angeles City,1,2010.0,2010-06-30,6.2662755e+06,0.1196,0.8146
141,Los Angeles Water and Power,Los Angeles Water and Power Employees' Retirement Plan,CA,California,Los Angeles City,1,2011.0,2011-06-30,7.410337e+06,0.1918,0.8029
141,Los Angeles Water and Power,Los Angeles Water and Power Employees' Retirement Plan,CA,California,Los Angeles City,1,2012.0,2012-06-30,7.384144e+06,0.0007,0.7814
141,Los Angeles Water and Power,Los Angeles Water and Power Employees' Retirement Plan,CA,California,Los Angeles City,1,2013.0,2013-06-30,8.3040115e+06,0.1248,0.7884
141,Los Angeles Water and Power,Los Angeles Water and Power Employees' Retirement Plan,CA,California,Los Angeles City,1,2014.0,2014-06-30,9.703317e+06,0.1693,0.8089
141,Los Angeles Water and Power,Los Angeles Water and Power Employees' Retirement Plan,CA,California,Los Angeles City,1,2015.0,2015-06-30,1.00743e+07,0.043,0.8691
141,Los Angeles Water and Power,Los Angeles Water and Power Employees' Retirement Plan,CA,California,Los Angeles City,1,2016.0,2016-06-30,1.0097843e+07,0.0082,0.8417
141,Los Angeles Water and Power,Los Angeles Water and Power Employees' Retirement Plan,CA,California,Los Angeles City,1,2017.0,2017-06-30,1.1313899e+07,0.1273,0.8796
141,Los Angeles Water and Power,Los Angeles Water and Power Employees' Retirement Plan,CA,California,Los Angeles City,1,2018.0,2018-06-30,1.2277085e+07,0.0884,0.9107
141,Los Angeles Water and Power,Los Angeles Water and Power Employees' Retirement Plan,CA,California,Los Angeles City,1,2019.0,2019-06-30,1.2987087e+07,0.0647,0.9223
141,Los Angeles Water and Power,Los Angeles Water and Power Employees' Retirement Plan,CA,California,Los Angeles City,1,2020.0,2020-06-30,1.3353708e+07,0.0355,0.9392
141,Los Angeles Water and Power,Los Angeles Water and Power Employees' Retirement Plan,CA,California,Los Angeles City,1,2021.0,2021-06-30,1.6667464e+07,0.263,0.992
142,Orange County ERS,Orange County Employees Retirement System,CA,California,Orange County,1,2001.0,2001-12-31,4.562541e+06,-0.0322,0.9469
142,Orange County ERS,Orange County Employees Retirement System,CA,California,Orange County,1,2002.0,2002-12-31,4.190249e+06,-0.0546,0.8276
142,Orange County ERS,Orange County Employees Retirement System,CA,California,Orange County,1,2003.0,2003-12-31,4.959626e+06,0.1984,0.7853
142,Orange County ERS,Orange County Employees Retirement System,CA,California,Orange County,1,2004.0,2004-12-31,5.556995e+06,0.114,0.7085
142,Orange County ERS,Orange County Employees Retirement System,CA,California,Orange County,1,2005.0,2005-12-31,6.0777685e+06,0.0883,0.7153
142,Orange County ERS,Orange County Employees Retirement System,CA,California,Orange County,1,2006.0,2006-12-31,6.987107e+06,0.1355,0.7377
142,Orange County ERS,Orange County Employees Retirement System,CA,California,Orange County,1,2007.0,2007-12-31,7.894038e+06,0.1075,0.7408
142,Orange County ERS,Orange County Employees Retirement System,CA,California,Orange County,1,2008.0,2008-12-31,6.360362e+06,-0.2071,0.7134
142,Orange County ERS,Orange County Employees Retirement System,CA,California,Orange County,1,2009.0,2009-12-31,7.502967e+06,0.1852,0.6877
142,Orange County ERS,Orange County Employees Retirement System,CA,California,Orange County,1,2010.0,2010-12-31,8.470124e+06,0.117,0.6979
142,Orange County ERS,Orange County Employees Retirement System,CA,California,Orange County,1,2011.0,2011-12-31,8.585408e+06,0.0074,0.6703
142,Orange County ERS,Orange County Employees Retirement System,CA,California,Orange County,1,2012.0,2012-12-31,9.632835e+06,0.1226,0.6252
142,Orange County ERS,Orange County Employees Retirement System,CA,California,Orange County,1,2013.0,2013-12-31,1.0821318e+07,0.1114,0.6599
142,Orange County ERS,Orange County Employees Retirement System,CA,California,Orange County,1,2014.0,2014-12-31,1.1536106e+07,0.0493,0.6976
142,Orange County ERS,Orange County Employees Retirement System,CA,California,Orange County,1,2015.0,2015-12-31,1.1657318e+07,0.0009,0.7172
142,Orange County ERS,Orange County Employees Retirement System,CA,California,Orange County,1,2016.0,2016-12-31,1.2809208e+07,0.0852,0.7306
142,Orange County ERS,Orange County Employees Retirement System,CA,California,Orange County,1,2017.0,2017-12-31,1.4801895e+07,0.1451,0.723
142,Orange County ERS,Orange County Employees Retirement System,CA,California,Orange County,1,2018.0,2018-12-31,1.448168e+07,-0.0167,0.7243
142,Orange County ERS,Orange County Employees Retirement System,CA,California,Orange County,1,2019.0,2019-12-31,1.6678581e+07,0.1441,0.7317
142,Orange County ERS,Orange County Employees Retirement System,CA,California,Orange County,1,2020.0,2020-12-31,1.8797204e+07,0.1138,0.7651
142,Orange County ERS,Orange County Employees Retirement System,CA,California,Orange County,1,2021.0,2021-12-31,2.1922182e+07,0.1656,0.8115
143,Sacramento County ERS,Sacramento County Employees' Retirement System,CA,California,Sacramento County,1,2001.0,2001-06-30,3.4328258e+06,-0.049,1.077
143,Sacramento County ERS,Sacramento County Employees' Retirement System,CA,California,Sacramento County,1,2002.0,2002-06-30,3.1992345e+06,-0.052,1.071
143,Sacramento County ERS,Sacramento County Employees' Retirement System,CA,California,Sacramento County,1,2003.0,2003-06-30,3.238826e+06,0.037,1.043
143,Sacramento County ERS,Sacramento County Employees' Retirement System,CA,California,Sacramento County,1,2004.0,2004-06-30,3.761665e+06,0.162,0.933
143,Sacramento County ERS,Sacramento County Employees' Retirement System,CA,California,Sacramento County,1,2005.0,2005-06-30,4.576444e+06,0.101,0.932
143,Sacramento County ERS,Sacramento County Employees' Retirement System,CA,California,Sacramento County,1,2006.0,2006-06-30,5.090929e+06,0.121,0.93
143,Sacramento County ERS,Sacramento County Employees' Retirement System,CA,California,Sacramento County,1,2007.0,2007-06-30,5.975862e+06,0.18,0.934
143,Sacramento County ERS,Sacramento County Employees' Retirement System,CA,California,Sacramento County,1,2008.0,2008-06-30,5.736329e+06,-0.045,0.932
143,Sacramento County ERS,Sacramento County Employees' Retirement System,CA,California,Sacramento County,1,2009.0,2009-06-30,4.407858e+06,-0.218,0.86
143,Sacramento County ERS,Sacramento County Employees' Retirement System,CA,California,Sacramento County,1,2010.0,2010-06-30,4.980962e+06,0.139,0.877
143,Sacramento County ERS,Sacramento County Employees' Retirement System,CA,California,Sacramento County,1,2011.0,2011-06-30,6.140644e+06,0.227,0.87
143,Sacramento County ERS,Sacramento County Employees' Retirement System,CA,California,Sacramento County,1,2012.0,2012-06-30,6.073926e+06,0.005,0.833
143,Sacramento County ERS,Sacramento County Employees' Retirement System,CA,California,Sacramento County,1,2013.0,2013-06-30,6.787995e+06,0.128,0.828
143,Sacramento County ERS,Sacramento County Employees' Retirement System,CA,California,Sacramento County,1,2014.0,2014-06-30,7.810001e+06,0.161,0.852
143,Sacramento County ERS,Sacramento County Employees' Retirement System,CA,California,Sacramento County,1,2015.0,2015-06-30,7.878814e+06,0.022,0.868
143,Sacramento County ERS,Sacramento County Employees' Retirement System,CA,California,Sacramento County,1,2016.0,2016-06-30,7.680865e+06,-0.009,0.873
143,Sacramento County ERS,Sacramento County Employees' Retirement System,CA,California,Sacramento County,1,2017.0,2017-06-30,8.584225e+06,0.134,0.811
143,Sacramento County ERS,Sacramento County Employees' Retirement System,CA,California,Sacramento County,1,2018.0,2018-06-30,9.251937e+06,0.099,0.814
143,Sacramento County ERS,Sacramento County Employees' Retirement System,CA,California,Sacramento County,1,2019.0,2019-06-30,9.821694e+06,0.069,0.816
143,Sacramento County ERS,Sacramento County Employees' Retirement System,CA,California,Sacramento County,1,2020.0,2020-06-30,9.979379e+06,0.027,0.806
143,Sacramento County ERS,Sacramento County Employees' Retirement System,CA,California,Sacramento County,1,2021.0,2021-06-30,1.2564149e+07,0.277,0.821
144,San Diego City ERS,San Diego City Employees' Retirement System,CA,California,San Diego,1,2001.0,2001-06-30,2.5992812e+06,-0.0045,0.899
144,San Diego City ERS,San Diego City Employees' Retirement System,CA,California,San Diego,1,2002.0,2002-06-30,2.5274598e+06,-0.0248,0.773
144,San Diego City ERS,San Diego City Employees' Retirement System,CA,California,San Diego,1,2003.0,2003-06-30,2.5202878e+06,0.0544,0.672
144,San Diego City ERS,San Diego City Employees' Retirement System,CA,California,San Diego,1,2004.0,2004-06-30,3.083663e+06,0.2021,0.658
144,San Diego City ERS,San Diego City Employees' Retirement System,CA,California,San Diego,1,2005.0,2005-06-30,3.451752e+06,0.108,0.682
144,San Diego City ERS,San Diego City Employees' Retirement System,CA,California,San Diego,1,2006.0,2006-06-30,4.0138248e+06,0.1273,0.799
144,San Diego City ERS,San Diego City Employees' Retirement System,CA,California,San Diego,1,2007.0,2007-06-30,4.6817205e+06,0.165,0.788
144,San Diego City ERS,San Diego City Employees' Retirement System,CA,California,San Diego,1,2008.0,2008-06-30,4.384847e+06,-0.0466,0.781
144,San Diego City ERS,San Diego City Employees' Retirement System,CA,California,San Diego,1,2009.0,2009-06-30,3.354316e+06,-0.192,0.665
144,San Diego City ERS,San Diego City Employees' Retirement System,CA,California,San Diego,1,2010.0,2010-06-30,3.78596e+06,0.134,0.671
144,San Diego City ERS,San Diego City Employees' Retirement System,CA,California,San Diego,1,2011.0,2011-06-30,4.7698e+06,0.242,0.685
144,San Diego City ERS,San Diego City Employees' Retirement System,CA,California,San Diego,1,2012.0,2012-06-30,4.710508e+06,0.009,0.686
144,San Diego City ERS,San Diego City Employees' Retirement System,CA,California,San Diego,1,2013.0,2013-06-30,5.322382e+06,0.136,0.704
144,San Diego City ERS,San Diego City Employees' Retirement System,CA,California,San Diego,1,2014.0,2014-06-30,6.772092e+06,0.168,0.742
144,San Diego City ERS,San Diego City Employees' Retirement System,CA,California,San Diego,1,2015.0,2015-06-30,6.885023e+06,0.033,0.75607
144,San Diego City ERS,San Diego City Employees' Retirement System,CA,California,San Diego,1,2016.0,2016-06-30,6.807902e+06,0.011,0.71622
144,San Diego City ERS,San Diego City Employees' Retirement System,CA,California,San Diego,1,2017.0,2017-06-30,7.568758e+06,0.135,0.71175
144,San Diego City ERS,San Diego City Employees' Retirement System,CA,California,San Diego,1,2018.0,2018-06-30,8.075204e+06,0.082,0.70785
144,San Diego City ERS,San Diego City Employees' Retirement System,CA,California,San Diego,1,2019.0,2019-06-30,8.436003e+06,0.07,0.71637
144,San Diego City ERS,San Diego City Employees' Retirement System,CA,California,San Diego,1,2020.0,2020-06-30,8.305598e+06,0.005,0.702
144,San Diego City ERS,San Diego City Employees' Retirement System,CA,California,San Diego,1,2021.0,2021-06-30,1.0281592e+07,0.249,0.743
145,Chicago Municipal,Chicago Municipal Employees' Annuity Benefit Fund,IL,Illinois,Chicago,1,2001.0,2001-12-31,5.8207655e+06,-0.023,0.9326
145,Chicago Municipal,Chicago Municipal Employees' Annuity Benefit Fund,IL,Illinois,Chicago,1,2002.0,2002-12-31,5.1282105e+06,-0.093,0.8452
145,Chicago Municipal,Chicago Municipal Employees' Annuity Benefit Fund,IL,Illinois,Chicago,1,2003.0,2003-12-31,5.92279e+06,0.199,0.7991
145,Chicago Municipal,Chicago Municipal Employees' Annuity Benefit Fund,IL,Illinois,Chicago,1,2004.0,2004-12-31,6.242742e+06,0.106,0.7201
145,Chicago Municipal,Chicago Municipal Employees' Annuity Benefit Fund,IL,Illinois,Chicago,1,2005.0,2005-12-31,6.3568885e+06,0.069,0.6846
145,Chicago Municipal,Chicago Municipal Employees' Annuity Benefit Fund,IL,Illinois,Chicago,1,2006.0,2006-12-31,6.841128e+06,0.127,0.6869
145,Chicago Municipal,Chicago Municipal Employees' Annuity Benefit Fund,IL,Illinois,Chicago,1,2007.0,2007-12-31,7.0100075e+06,0.073,0.6912
145,Chicago Municipal,Chicago Municipal Employees' Annuity Benefit Fund,IL,Illinois,Chicago,1,2008.0,2008-12-31,4.7400975e+06,-0.282,0.6423
145,Chicago Municipal,Chicago Municipal Employees' Annuity Benefit Fund,IL,Illinois,Chicago,1,2009.0,2009-12-31,5.1662245e+06,0.194,0.5813
145,Chicago Municipal,Chicago Municipal Employees' Annuity Benefit Fund,IL,Illinois,Chicago,1,2010.0,2010-12-31,5.4355935e+06,0.142,0.5075
145,Chicago Municipal,Chicago Municipal Employees' Annuity Benefit Fund,IL,Illinois,Chicago,1,2011.0,2011-12-31,5.053249e+06,0.0,0.4517
145,Chicago Municipal,Chicago Municipal Employees' Annuity Benefit Fund,IL,Illinois,Chicago,1,2012.0,2012-12-31,5.1826695e+06,0.129,0.3765
145,Chicago Municipal,Chicago Municipal Employees' Annuity Benefit Fund,IL,Illinois,Chicago,1,2013.0,2013-12-31,5.4216765e+06,0.161,0.3698
145,Chicago Municipal,Chicago Municipal Employees' Annuity Benefit Fund,IL,Illinois,Chicago,1,2014.0,2014-12-31,5.1794865e+06,0.051,0.4094
145,Chicago Municipal,Chicago Municipal Employees' Annuity Benefit Fund,IL,Illinois,Chicago,1,2015.0,2015-12-31,4.7414275e+06,0.018,0.3287
145,Chicago Municipal,Chicago Municipal Employees' Annuity Benefit Fund,IL,Illinois,Chicago,1,2016.0,2016-12-31,4.4362275e+06,0.063,0.3049
145,Chicago Municipal,Chicago Municipal Employees' Annuity Benefit Fund,IL,Illinois,Chicago,1,2017.0,2017-12-31,4.5540185e+06,0.151,0.2737
145,Chicago Municipal,Chicago Municipal Employees' Annuity Benefit Fund,IL,Illinois,Chicago,1,2018.0,2018-12-31,3.9141805e+06,-0.057,0.2496
145,Chicago Municipal,Chicago Municipal Employees' Annuity Benefit Fund,IL,Illinois,Chicago,1,2019.0,2019-12-31,4.0806425e+06,0.166,0.2325
145,Chicago Municipal,Chicago Municipal Employees' Annuity Benefit Fund,IL,Illinois,Chicago,1,2020.0,2020-12-31,4.090239e+06,0.1,0.2232
145,Chicago Municipal,Chicago Municipal Employees' Annuity Benefit Fund,IL,Illinois,Chicago,1,2021.0,2021-12-31,4.308269e+06,0.136,0.2197
146,Chicago Police,Chicago Policemen's Annuity Benefit Fund,IL,Illinois,Chicago,3,2004.0,2004-12-31,3.865809e+06,0.108,0.5591
146,Chicago Police,Chicago Policemen's Annuity Benefit Fund,IL,Illinois,Chicago,3,2005.0,2005-12-31,3.954837e+06,0.073,0.5069
146,Chicago Police,Chicago Policemen's Annuity Benefit Fund,IL,Illinois,Chicago,3,2006.0,2006-12-31,4.1920762e+06,0.121,0.5036
146,Chicago Police,Chicago Policemen's Annuity Benefit Fund,IL,Illinois,Chicago,3,2007.0,2007-12-31,4.333234e+06,0.088,0.5148
146,Chicago Police,Chicago Policemen's Annuity Benefit Fund,IL,Illinois,Chicago,3,2008.0,2008-12-31,3.0009985e+06,-0.278,0.4826
146,Chicago Police,Chicago Policemen's Annuity Benefit Fund,IL,Illinois,Chicago,3,2009.0,2009-12-31,3.3260508e+06,0.215,0.4447
146,Chicago Police,Chicago Policemen's Annuity Benefit Fund,IL,Illinois,Chicago,3,2010.0,2010-12-31,3.4396688e+06,0.127,0.4038
146,Chicago Police,Chicago Policemen's Annuity Benefit Fund,IL,Illinois,Chicago,3,2011.0,2011-12-31,3.1755088e+06,0.008,0.3617
146,Chicago Police,Chicago Policemen's Annuity Benefit Fund,IL,Illinois,Chicago,3,2012.0,2012-12-31,3.2134332e+06,0.124,0.3133
146,Chicago Police,Chicago Policemen's Annuity Benefit Fund,IL,Illinois,Chicago,3,2013.0,2013-12-31,3.2652005e+06,0.145,0.297
146,Chicago Police,Chicago Policemen's Annuity Benefit Fund,IL,Illinois,Chicago,3,2014.0,2014-12-31,3.0620142e+06,0.062,0.2606
146,Chicago Police,Chicago Policemen's Annuity Benefit Fund,IL,Illinois,Chicago,3,2015.0,2015-12-31,3.058949e+06,-0.004,0.2823
146,Chicago Police,Chicago Policemen's Annuity Benefit Fund,IL,Illinois,Chicago,3,2016.0,2016-12-31,2.8650188e+06,0.067,0.2374
146,Chicago Police,Chicago Policemen's Annuity Benefit Fund,IL,Illinois,Chicago,3,2017.0,2017-12-31,3.1220662e+06,0.1715,0.2371
146,Chicago Police,Chicago Policemen's Annuity Benefit Fund,IL,Illinois,Chicago,3,2018.0,2018-12-31,2.9050885e+06,-0.0524,0.238
146,Chicago Police,Chicago Policemen's Annuity Benefit Fund,IL,Illinois,Chicago,3,2019.0,2019-12-31,3.1624288e+06,0.045,0.2228
146,Chicago Police,Chicago Policemen's Annuity Benefit Fund,IL,Illinois,Chicago,3,2020.0,2020-12-31,3.441898e+06,0.0081,0.2312
146,Chicago Police,Chicago Policemen's Annuity Benefit Fund,IL,Illinois,Chicago,3,2021.0,2021-12-31,3.8466645e+06,0.2704,0.2398
147,Cook County ERS,Cook County Employees' Annuity Benefit Fund,IL,Illinois,Cook County,1,2008.0,2008-12-31,6.06928e+06,-0.245,0.726
147,Cook County ERS,Cook County Employees' Annuity Benefit Fund,IL,Illinois,Cook County,1,2009.0,2009-12-31,6.929486e+06,0.18,0.632
147,Cook County ERS,Cook County Employees' Annuity Benefit Fund,IL,Illinois,Cook County,1,2010.0,2010-12-31,7.5746535e+06,0.124,0.607
147,Cook County ERS,Cook County Employees' Annuity Benefit Fund,IL,Illinois,Cook County,1,2011.0,2011-12-31,7.441243e+06,0.012,0.575
147,Cook County ERS,Cook County Employees' Annuity Benefit Fund,IL,Illinois,Cook County,1,2012.0,2012-12-31,8.0599355e+06,0.125,0.5355
147,Cook County ERS,Cook County Employees' Annuity Benefit Fund,IL,Illinois,Cook County,1,2013.0,2013-12-31,8.927367e+06,0.151,0.5659
147,Cook County ERS,Cook County Employees' Annuity Benefit Fund,IL,Illinois,Cook County,1,2014.0,2014-12-31,9.068399e+06,0.059,0.5751
147,Cook County ERS,Cook County Employees' Annuity Benefit Fund,IL,Illinois,Cook County,1,2015.0,2015-12-31,8.643044e+06,-0.001,0.5539
147,Cook County ERS,Cook County Employees' Annuity Benefit Fund,IL,Illinois,Cook County,1,2016.0,2016-12-31,9.115658e+06,0.077,0.5673
147,Cook County ERS,Cook County Employees' Annuity Benefit Fund,IL,Illinois,Cook County,1,2017.0,2017-12-31,1.0407883e+07,0.1535,0.6009
147,Cook County ERS,Cook County Employees' Annuity Benefit Fund,IL,Illinois,Cook County,1,2018.0,2018-12-31,9.862024e+06,-0.0379,0.6075
147,Cook County ERS,Cook County Employees' Annuity Benefit Fund,IL,Illinois,Cook County,1,2019.0,2019-12-31,1.1490959e+07,0.1907,0.6119
147,Cook County ERS,Cook County Employees' Annuity Benefit Fund,IL,Illinois,Cook County,1,2020.0,2020-12-31,1.264961e+07,0.1274,0.6387
147,Cook County ERS,Cook County Employees' Annuity Benefit Fund,IL,Illinois,Cook County,1,2021.0,2021-12-31,1.4281528e+07,0.1715,0.6716
148,Boston RS,Boston Retirement System,MA,Massachusetts,Boston,1,2013.0,2013-12-31,5.491197e+06,0.15,0.5946
148,Boston RS,Boston Retirement System,MA,Massachusetts,Boston,1,2014.0,2014-12-31,5.674147e+06,0.0572,0.60028
148,Boston RS,Boston Retirement System,MA,Massachusetts,Boston,1,2015.0,2015-12-31,5.559293e+06,0.0015,0.6158
148,Boston RS,Boston Retirement System,MA,Massachusetts,Boston,1,2016.0,2016-12-31,5.851083e+06,0.0715,0.60222
148,Boston RS,Boston Retirement System,MA,Massachusetts,Boston,1,2017.0,2017-12-31,6.766491e+06,0.177,0.6288
148,Boston RS,Boston Retirement System,MA,Massachusetts,Boston,1,2018.0,2018-12-31,6.402954e+06,-0.043,0.6015
148,Boston RS,Boston Retirement System,MA,Massachusetts,Boston,1,2019.0,2019-12-31,7.407075e+06,0.1673,0.6324
148,Boston RS,Boston Retirement System,MA,Massachusetts,Boston,1,2020.0,2020-12-31,8.304875e+06,0.1243,0.64285
148,Boston RS,Boston Retirement System,MA,Massachusetts,Boston,1,2021.0,2021-12-31,9.48363e+06,0.1461,0.6891
149,New York City Fire,New York City Fire Dept Article 1B Pension Fund,NY,New York,New York City,3,2004.0,2004-06-30,5.351181e+06,0.1693,0.63942
149,New York City Fire,New York City Fire Dept Article 1B Pension Fund,NY,New York,New York City,3,2005.0,2005-06-30,5.661624e+06,0.1088,0.603
149,New York City Fire,New York City Fire Dept Article 1B Pension Fund,NY,New York,New York City,3,2006.0,2006-06-30,6.165334e+06,0.1035,0.558
149,New York City Fire,New York City Fire Dept Article 1B Pension Fund,NY,New York,New York City,3,2007.0,2007-06-30,7.202661e+06,0.1829,0.551
149,New York City Fire,New York City Fire Dept Article 1B Pension Fund,NY,New York,New York City,3,2009.0,2009-06-30,5.576792e+06,-0.1878,0.568
149,New York City Fire,New York City Fire Dept Article 1B Pension Fund,NY,New York,New York City,3,2010.0,2010-06-30,6.438764e+06,0.147,0.482
149,New York City Fire,New York City Fire Dept Article 1B Pension Fund,NY,New York,New York City,3,2011.0,2011-06-30,7.955668e+06,0.2315,0.503
149,New York City Fire,New York City Fire Dept Article 1B Pension Fund,NY,New York,New York City,3,2012.0,2012-06-30,8.124677e+06,0.011,0.523
149,New York City Fire,New York City Fire Dept Article 1B Pension Fund,NY,New York,New York City,3,2013.0,2013-06-30,9.127192e+06,0.119,0.543
149,New York City Fire,New York City Fire Dept Article 1B Pension Fund,NY,New York,New York City,3,2014.0,2014-06-30,1.0595838e+07,0.1739,0.554
149,New York City Fire,New York City Fire Dept Article 1B Pension Fund,NY,New York,New York City,3,2015.0,2015-06-30,1.081533e+07,0.0355,0.562
149,New York City Fire,New York City Fire Dept Article 1B Pension Fund,NY,New York,New York City,3,2016.0,2016-06-30,1.0899763e+07,0.0141,0.551
149,New York City Fire,New York City Fire Dept Article 1B Pension Fund,NY,New York,New York City,3,2017.0,2017-06-30,1.2089896e+07,0.1282,0.564
149,New York City Fire,New York City Fire Dept Article 1B Pension Fund,NY,New York,New York City,3,2018.0,2018-06-30,1.3267043e+07,0.093,0.591
149,New York City Fire,New York City Fire Dept Article 1B Pension Fund,NY,New York,New York City,3,2019.0,2019-06-30,1.4337618e+07,0.0711,0.628
149,New York City Fire,New York City Fire Dept Article 1B Pension Fund,NY,New York,New York City,3,2020.0,2020-06-30,1.5086575e+07,0.0481,0.642
149,New York City Fire,New York City Fire Dept Article 1B Pension Fund,NY,New York,New York City,3,2021.0,2021-06-30,1.890856e+07,0.2486,0.642
150,New York City Police,New York Police Pension Fund Article 2,NY,New York,New York City,3,2002.0,2002-06-30,1.4504868e+07,-0.0787,0.96664
150,New York City Police,New York Police Pension Fund Article 2,NY,New York,New York City,3,2003.0,2003-06-30,1.4271631e+07,0.03,0.91505
150,New York City Police,New York Police Pension Fund Article 2,NY,New York,New York City,3,2004.0,2004-06-30,1.6136719e+07,0.1704,0.80139
150,New York City Police,New York Police Pension Fund Article 2,NY,New York,New York City,3,2005.0,2005-06-30,1.7240134e+07,0.1028,0.75513
150,New York City Police,New York Police Pension Fund Article 2,NY,New York,New York City,3,2006.0,2006-06-30,1.8555484e+07,0.1065,0.695
150,New York City Police,New York Police Pension Fund Article 2,NY,New York,New York City,3,2007.0,2007-06-30,2.190549e+07,0.1888,0.689
150,New York City Police,New York Police Pension Fund Article 2,NY,New York,New York City,3,2008.0,2008-06-30,2.1061032e+07,-0.0483,0.708
150,New York City Police,New York Police Pension Fund Article 2,NY,New York,New York City,3,2009.0,2009-06-30,1.7424054e+07,-0.1863,0.713
150,New York City Police,New York Police Pension Fund Article 2,NY,New York,New York City,3,2010.0,2010-06-30,1.9985114e+07,0.1374,0.601
150,New York City Police,New York Police Pension Fund Article 2,NY,New York,New York City,3,2011.0,2011-06-30,2.474886e+07,0.2326,0.611
150,New York City Police,New York Police Pension Fund Article 2,NY,New York,New York City,3,2012.0,2012-06-30,2.5479874e+07,0.0087,0.637
150,New York City Police,New York Police Pension Fund Article 2,NY,New York,New York City,3,2013.0,2013-06-30,2.898694e+07,0.1228,0.668
150,New York City Police,New York Police Pension Fund Article 2,NY,New York,New York City,3,2014.0,2014-06-30,3.1750892e+07,0.1774,0.669
150,New York City Police,New York Police Pension Fund Article 2,NY,New York,New York City,3,2015.0,2015-06-30,3.2355972e+07,0.0409,0.686
150,New York City Police,New York Police Pension Fund Article 2,NY,New York,New York City,3,2016.0,2016-06-30,3.348261e+07,0.0144,0.701
150,New York City Police,New York Police Pension Fund Article 2,NY,New York,New York City,3,2017.0,2017-06-30,3.5423524e+07,0.1342,0.716
150,New York City Police,New York Police Pension Fund Article 2,NY,New York,New York City,3,2018.0,2018-06-30,3.7958868e+07,0.0962,0.752
150,New York City Police,New York Police Pension Fund Article 2,NY,New York,New York City,3,2019.0,2019-06-30,4.0119424e+07,0.0718,0.793
150,New York City Police,New York Police Pension Fund Article 2,NY,New York,New York City,3,2020.0,2020-06-30,4.1293016e+07,0.0489,0.8
150,New York City Police,New York Police Pension Fund Article 2,NY,New York,New York City,3,2021.0,2021-06-30,5.1293936e+07,0.2673,0.8
151,Milwaukee City ERS,Milwaukee City Employees' Retirement System,WI,Wisconsin,Milwaukee,1,2002.0,2002-12-31,3.356473e+06,-0.092,1.152
151,Milwaukee City ERS,Milwaukee City Employees' Retirement System,WI,Wisconsin,Milwaukee,1,2003.0,2003-12-31,4.082455e+06,0.277,1.16
151,Milwaukee City ERS,Milwaukee City Employees' Retirement System,WI,Wisconsin,Milwaukee,1,2004.0,2004-12-31,4.41794e+06,0.129,1.167
151,Milwaukee City ERS,Milwaukee City Employees' Retirement System,WI,Wisconsin,Milwaukee,1,2005.0,2005-12-31,4.606362e+06,0.087,1.229
151,Milwaukee City ERS,Milwaukee City Employees' Retirement System,WI,Wisconsin,Milwaukee,1,2006.0,2006-12-31,5.088475e+06,0.154,1.274
151,Milwaukee City ERS,Milwaukee City Employees' Retirement System,WI,Wisconsin,Milwaukee,1,2007.0,2007-12-31,5.233337e+06,0.075,1.312
151,Milwaukee City ERS,Milwaukee City Employees' Retirement System,WI,Wisconsin,Milwaukee,1,2008.0,2008-12-31,3.402683e+06,-0.307,0.991
151,Milwaukee City ERS,Milwaukee City Employees' Retirement System,WI,Wisconsin,Milwaukee,1,2009.0,2009-12-31,4.02198e+06,0.236,1.128
151,Milwaukee City ERS,Milwaukee City Employees' Retirement System,WI,Wisconsin,Milwaukee,1,2010.0,2010-12-31,4.323496e+06,0.142,1.044
151,Milwaukee City ERS,Milwaukee City Employees' Retirement System,WI,Wisconsin,Milwaukee,1,2011.0,2011-12-31,4.01054e+06,-0.011,0.96
151,Milwaukee City ERS,Milwaukee City Employees' Retirement System,WI,Wisconsin,Milwaukee,1,2012.0,2012-12-31,4.3773e+06,0.142,0.908
151,Milwaukee City ERS,Milwaukee City Employees' Retirement System,WI,Wisconsin,Milwaukee,1,2013.0,2013-12-31,4.951058e+06,0.196,0.948
151,Milwaukee City ERS,Milwaukee City Employees' Retirement System,WI,Wisconsin,Milwaukee,1,2014.0,2014-12-31,4.95315e+06,0.054,0.972
151,Milwaukee City ERS,Milwaukee City Employees' Retirement System,WI,Wisconsin,Milwaukee,1,2015.0,2015-12-31,4.752308e+06,0.005,0.967
151,Milwaukee City ERS,Milwaukee City Employees' Retirement System,WI,Wisconsin,Milwaukee,1,2016.0,2016-12-31,4.886669e+06,0.088,0.961
151,Milwaukee City ERS,Milwaukee City Employees' Retirement System,WI,Wisconsin,Milwaukee,1,2017.0,2017-12-31,5.396527e+06,0.164,0.899
151,Milwaukee City ERS,Milwaukee City Employees' Retirement System,WI,Wisconsin,Milwaukee,1,2018.0,2018-12-31,4.950881e+06,-0.029,0.8152
151,Milwaukee City ERS,Milwaukee City Employees' Retirement System,WI,Wisconsin,Milwaukee,1,2019.0,2019-12-31,5.557077e+06,0.184,0.801
151,Milwaukee City ERS,Milwaukee City Employees' Retirement System,WI,Wisconsin,Milwaukee,1,2020.0,2020-12-31,5.649734e+06,0.066,0.807
151,Milwaukee City ERS,Milwaukee City Employees' Retirement System,WI,Wisconsin,Milwaukee,1,2021.0,2021-12-31,6.431356e+06,0.189,0.834
152,Philadelphia Municipal,Philadelphia Municipal Retirement System,PA,Pennsylvania,Philadelphia,1,2001.0,2001-06-30,4.440113e+06,-0.06,0.775
152,Philadelphia Municipal,Philadelphia Municipal Retirement System,PA,Pennsylvania,Philadelphia,1,2002.0,2002-06-30,3.95851e+06,-0.058,0.727
152,Philadelphia Municipal,Philadelphia Municipal Retirement System,PA,Pennsylvania,Philadelphia,1,2003.0,2003-06-30,3.790801e+06,0.018,0.633
152,Philadelphia Municipal,Philadelphia Municipal Retirement System,PA,Pennsylvania,Philadelphia,1,2004.0,2004-06-30,3.9732068e+06,0.166,0.598
152,Philadelphia Municipal,Philadelphia Municipal Retirement System,PA,Pennsylvania,Philadelphia,1,2005.0,2005-06-30,4.101788e+06,0.099,0.53
152,Philadelphia Municipal,Philadelphia Municipal Retirement System,PA,Pennsylvania,Philadelphia,1,2006.0,2006-06-30,4.316586e+06,0.113,0.516
152,Philadelphia Municipal,Philadelphia Municipal Retirement System,PA,Pennsylvania,Philadelphia,1,2007.0,2007-06-30,4.899355e+06,0.17,0.539
152,Philadelphia Municipal,Philadelphia Municipal Retirement System,PA,Pennsylvania,Philadelphia,1,2008.0,2008-06-30,4.4240755e+06,-0.045,0.55
152,Philadelphia Municipal,Philadelphia Municipal Retirement System,PA,Pennsylvania,Philadelphia,1,2009.0,2009-06-30,3.375767e+06,-0.199,0.45
152,Philadelphia Municipal,Philadelphia Municipal Retirement System,PA,Pennsylvania,Philadelphia,1,2011.0,2011-06-30,4.030216e+06,0.194,0.473
152,Philadelphia Municipal,Philadelphia Municipal Retirement System,PA,Pennsylvania,Philadelphia,1,2012.0,2012-06-30,3.9228168e+06,0.002,0.458
152,Philadelphia Municipal,Philadelphia Municipal Retirement System,PA,Pennsylvania,Philadelphia,1,2013.0,2013-06-30,4.4452235e+06,0.109,0.4739
152,Philadelphia Municipal,Philadelphia Municipal Retirement System,PA,Pennsylvania,Philadelphia,1,2014.0,2014-06-30,4.916705e+06,0.157,0.4576
152,Philadelphia Municipal,Philadelphia Municipal Retirement System,PA,Pennsylvania,Philadelphia,1,2015.0,2015-06-30,4.674252e+06,0.0029,0.45
152,Philadelphia Municipal,Philadelphia Municipal Retirement System,PA,Pennsylvania,Philadelphia,1,2016.0,2016-06-30,4.357975e+06,-0.032,0.448
152,Philadelphia Municipal,Philadelphia Municipal Retirement System,PA,Pennsylvania,Philadelphia,1,2017.0,2017-06-30,4.874075e+06,0.1368,0.453
152,Philadelphia Municipal,Philadelphia Municipal Retirement System,PA,Pennsylvania,Philadelphia,1,2018.0,2018-06-30,5.341286e+06,0.0883,0.468
152,Philadelphia Municipal,Philadelphia Municipal Retirement System,PA,Pennsylvania,Philadelphia,1,2019.0,2019-06-30,5.688383e+06,0.0648,0.497
152,Philadelphia Municipal,Philadelphia Municipal Retirement System,PA,Pennsylvania,Philadelphia,1,2020.0,2020-06-30,5.782891e+06,0.0189,0.519
152,Philadelphia Municipal,Philadelphia Municipal Retirement System,PA,Pennsylvania,Philadelphia,1,2021.0,2021-06-30,7.424983e+06,0.2823,0.549
153,Dallas Police and Fire,Dallas Police and Fire Pension System,TX,Texas,Dallas,3,2001.0,2001-12-31,1.8883869e+06,-0.0674,0.845
153,Dallas Police and Fire,Dallas Police and Fire Pension System,TX,Texas,Dallas,3,2002.0,2002-12-31,1.6602445e+06,-0.1194,0.728
153,Dallas Police and Fire,Dallas Police and Fire Pension System,TX,Texas,Dallas,3,2003.0,2003-12-31,2.1830588e+06,0.314,0.791
153,Dallas Police and Fire,Dallas Police and Fire Pension System,TX,Texas,Dallas,3,2004.0,2004-12-31,2.493804e+06,0.1477,0.808
153,Dallas Police and Fire,Dallas Police and Fire Pension System,TX,Texas,Dallas,3,2005.0,2005-12-31,2.7357338e+06,0.103,0.823
153,Dallas Police and Fire,Dallas Police and Fire Pension System,TX,Texas,Dallas,3,2006.0,2006-12-31,3.1312652e+06,0.168,0.879
153,Dallas Police and Fire,Dallas Police and Fire Pension System,TX,Texas,Dallas,3,2007.0,2007-12-31,3.3533398e+06,0.103,0.894
153,Dallas Police and Fire,Dallas Police and Fire Pension System,TX,Texas,Dallas,3,2008.0,2008-12-31,2.529465e+06,-0.24,0.784
153,Dallas Police and Fire,Dallas Police and Fire Pension System,TX,Texas,Dallas,3,2009.0,2009-12-31,2.87294e+06,0.157,0.818
153,Dallas Police and Fire,Dallas Police and Fire Pension System,TX,Texas,Dallas,3,2010.0,2010-12-31,3.1126865e+06,0.114,0.795
153,Dallas Police and Fire,Dallas Police and Fire Pension System,TX,Texas,Dallas,3,2011.0,2011-12-31,3.0152515e+06,0.003,0.739
153,Dallas Police and Fire,Dallas Police and Fire Pension System,TX,Texas,Dallas,3,2012.0,2012-12-31,3.264931e+06,0.114,0.781
153,Dallas Police and Fire,Dallas Police and Fire Pension System,TX,Texas,Dallas,3,2013.0,2013-12-31,3.3352595e+06,0.044,0.756
153,Dallas Police and Fire,Dallas Police and Fire Pension System,TX,Texas,Dallas,3,2014.0,2014-12-31,3.0741955e+06,0.04,0.638
153,Dallas Police and Fire,Dallas Police and Fire Pension System,TX,Texas,Dallas,3,2015.0,2015-12-31,2.6801242e+06,-0.126,0.4507
153,Dallas Police and Fire,Dallas Police and Fire Pension System,TX,Texas,Dallas,3,2016.0,2016-12-31,2.1506618e+06,0.032,0.4941
153,Dallas Police and Fire,Dallas Police and Fire Pension System,TX,Texas,Dallas,3,2017.0,2017-12-31,2.1033455e+06,0.051,0.4774
153,Dallas Police and Fire,Dallas Police and Fire Pension System,TX,Texas,Dallas,3,2018.0,2018-12-31,2.0419141e+06,-0.015,0.481
153,Dallas Police and Fire,Dallas Police and Fire Pension System,TX,Texas,Dallas,3,2019.0,2019-12-31,2.0751648e+06,0.116,0.4573
153,Dallas Police and Fire,Dallas Police and Fire Pension System,TX,Texas,Dallas,3,2020.0,2020-12-31,1.9600748e+06,0.017,0.4159
153,Dallas Police and Fire,Dallas Police and Fire Pension System,TX,Texas,Dallas,3,2021.0,2021-12-31,2.1765012e+06,0.05,0.4106
154,Detroit Police and Fire,Detroit Police and Fire Retirement System,MI,Michigan,Detroit,3,2001.0,2001-06-30,3.4836252e+06,-0.11359,1.126
154,Detroit Police and Fire,Detroit Police and Fire Retirement System,MI,Michigan,Detroit,3,2002.0,2002-06-30,2.988907e+06,-0.08555,1.032
154,Detroit Police and Fire,Detroit Police and Fire Retirement System,MI,Michigan,Detroit,3,2003.0,2003-06-30,2.878265e+06,0.02715,0.861
154,Detroit Police and Fire,Detroit Police and Fire Retirement System,MI,Michigan,Detroit,3,2004.0,2004-06-30,3.12252e+06,0.14886,0.797
154,Detroit Police and Fire,Detroit Police and Fire Retirement System,MI,Michigan,Detroit,3,2005.0,2005-06-30,3.8289548e+06,0.082,0.994
154,Detroit Police and Fire,Detroit Police and Fire Retirement System,MI,Michigan,Detroit,3,2006.0,2006-06-30,4.0353842e+06,0.101,1.045
154,Detroit Police and Fire,Detroit Police and Fire Retirement System,MI,Michigan,Detroit,3,2007.0,2007-06-30,4.48135e+06,0.174,1.105
154,Detroit Police and Fire,Detroit Police and Fire Retirement System,MI,Michigan,Detroit,3,2008.0,2008-06-30,3.9746488e+06,-0.063,1.06
154,Detroit Police and Fire,Detroit Police and Fire Retirement System,MI,Michigan,Detroit,3,2009.0,2009-06-30,3.0521605e+06,-0.148,0.935
154,Detroit Police and Fire,Detroit Police and Fire Retirement System,MI,Michigan,Detroit,3,2010.0,2010-06-30,3.0179492e+06,0.169,1.023
154,Detroit Police and Fire,Detroit Police and Fire Retirement System,MI,Michigan,Detroit,3,2011.0,2011-06-30,3.3800915e+06,0.1392,0.999
154,Detroit Police and Fire,Detroit Police and Fire Retirement System,MI,Michigan,Detroit,3,2012.0,2012-06-30,2.9744618e+06,-0.0147,0.961
154,Detroit Police and Fire,Detroit Police and Fire Retirement System,MI,Michigan,Detroit,3,2013.0,2013-06-30,3.034573e+06,0.0974,0.893
154,Detroit Police and Fire,Detroit Police and Fire Retirement System,MI,Michigan,Detroit,3,2014.0,2014-06-30,3.2762032e+06,0.184,0.81755
154,Detroit Police and Fire,Detroit Police and Fire Retirement System,MI,Michigan,Detroit,3,2015.0,2015-06-30,3.216683e+06,0.034,0.78232
154,Detroit Police and Fire,Detroit Police and Fire Retirement System,MI,Michigan,Detroit,3,2016.0,2016-06-30,2.9938638e+06,0.025,0.73461
154,Detroit Police and Fire,Detroit Police and Fire Retirement System,MI,Michigan,Detroit,3,2017.0,2017-06-30,3.0198185e+06,0.12,0.74252
154,Detroit Police and Fire,Detroit Police and Fire Retirement System,MI,Michigan,Detroit,3,2018.0,2018-06-30,2.9989138e+06,0.082,0.74237
154,Detroit Police and Fire,Detroit Police and Fire Retirement System,MI,Michigan,Detroit,3,2019.0,2019-06-30,2.8345722e+06,0.051,0.7075
154,Detroit Police and Fire,Detroit Police and Fire Retirement System,MI,Michigan,Detroit,3,2020.0,2020-06-30,2.6060465e+06,0.016,0.66629
154,Detroit Police and Fire,Detroit Police and Fire Retirement System,MI,Michigan,Detroit,3,2021.0,2021-06-30,3.013485e+06,0.2512,0.83781
155,Baltimore Fire and Police,Baltimore Fire and Police Employees' Retirement System,MD,Maryland,Baltimore,3,2001.0,2001-06-30,2.040202e+06,-0.063,1.001
155,Baltimore Fire and Police,Baltimore Fire and Police Employees' Retirement System,MD,Maryland,Baltimore,3,2002.0,2002-06-30,1.810659e+06,-0.086,0.979
155,Baltimore Fire and Police,Baltimore Fire and Police Employees' Retirement System,MD,Maryland,Baltimore,3,2003.0,2003-06-30,1.769796e+06,0.008,0.964
155,Baltimore Fire and Police,Baltimore Fire and Police Employees' Retirement System,MD,Maryland,Baltimore,3,2004.0,2004-06-30,1.895707e+06,0.162,0.968
155,Baltimore Fire and Police,Baltimore Fire and Police Employees' Retirement System,MD,Maryland,Baltimore,3,2005.0,2005-06-30,2.01605e+06,0.121,0.962
155,Baltimore Fire and Police,Baltimore Fire and Police Employees' Retirement System,MD,Maryland,Baltimore,3,2006.0,2006-06-30,2.0938874e+06,0.12,0.925
155,Baltimore Fire and Police,Baltimore Fire and Police Employees' Retirement System,MD,Maryland,Baltimore,3,2007.0,2007-06-30,2.343142e+06,0.198,0.919
155,Baltimore Fire and Police,Baltimore Fire and Police Employees' Retirement System,MD,Maryland,Baltimore,3,2008.0,2008-06-30,2.1517028e+06,-0.07,0.894
155,Baltimore Fire and Police,Baltimore Fire and Police Employees' Retirement System,MD,Maryland,Baltimore,3,2009.0,2009-06-30,1.6943205e+06,-0.219,0.873
155,Baltimore Fire and Police,Baltimore Fire and Police Employees' Retirement System,MD,Maryland,Baltimore,3,2010.0,2010-06-30,1.8587415e+06,0.153,0.832
155,Baltimore Fire and Police,Baltimore Fire and Police Employees' Retirement System,MD,Maryland,Baltimore,3,2011.0,2011-06-30,2.144005e+06,0.256,0.82
155,Baltimore Fire and Police,Baltimore Fire and Police Employees' Retirement System,MD,Maryland,Baltimore,3,2012.0,2012-06-30,2.146028e+06,0.008,0.776
155,Baltimore Fire and Police,Baltimore Fire and Police Employees' Retirement System,MD,Maryland,Baltimore,3,2013.0,2013-06-30,2.261333e+06,0.132,0.766
155,Baltimore Fire and Police,Baltimore Fire and Police Employees' Retirement System,MD,Maryland,Baltimore,3,2014.0,2014-06-30,2.4925445e+06,0.165,0.742
155,Baltimore Fire and Police,Baltimore Fire and Police Employees' Retirement System,MD,Maryland,Baltimore,3,2015.0,2015-06-30,2.4665768e+06,0.023,0.728
155,Baltimore Fire and Police,Baltimore Fire and Police Employees' Retirement System,MD,Maryland,Baltimore,3,2016.0,2016-06-30,2.3779945e+06,0.006,0.715
155,Baltimore Fire and Police,Baltimore Fire and Police Employees' Retirement System,MD,Maryland,Baltimore,3,2017.0,2017-06-30,2.5625648e+06,0.121,0.711
155,Baltimore Fire and Police,Baltimore Fire and Police Employees' Retirement System,MD,Maryland,Baltimore,3,2018.0,2018-06-30,2.691302e+06,0.085,0.698
155,Baltimore Fire and Police,Baltimore Fire and Police Employees' Retirement System,MD,Maryland,Baltimore,3,2019.0,2019-06-30,2.7502575e+06,0.057,0.698
155,Baltimore Fire and Police,Baltimore Fire and Police Employees' Retirement System,MD,Maryland,Baltimore,3,2020.0,2020-06-30,2.6454582e+06,-0.002,0.691
155,Baltimore Fire and Police,Baltimore Fire and Police Employees' Retirement System,MD,Maryland,Baltimore,3,2021.0,2021-06-30,3.3288318e+06,0.293,0.716
156,Seattle ERS,Seattle Employees' Retirement System,WA,Washington,Seattle,1,2009.0,2009-12-31,1.6452974e+06,0.108,0.62
156,Seattle ERS,Seattle Employees' Retirement System,WA,Washington,Seattle,1,2011.0,2011-12-31,1.7535242e+06,0.0,0.683
156,Seattle ERS,Seattle Employees' Retirement System,WA,Washington,Seattle,1,2012.0,2012-12-31,1.9514352e+06,0.14,0.635
156,Seattle ERS,Seattle Employees' Retirement System,WA,Washington,Seattle,1,2013.0,2013-12-31,2.2169085e+06,0.155,0.642
156,Seattle ERS,Seattle Employees' Retirement System,WA,Washington,Seattle,1,2014.0,2014-12-31,2.3227038e+06,0.0567,0.66
156,Seattle ERS,Seattle Employees' Retirement System,WA,Washington,Seattle,1,2015.0,2015-12-31,2.3130212e+06,0.0026,0.665
156,Seattle ERS,Seattle Employees' Retirement System,WA,Washington,Seattle,1,2016.0,2016-12-31,2.4884982e+06,0.0862,0.681
156,Seattle ERS,Seattle Employees' Retirement System,WA,Washington,Seattle,1,2017.0,2017-12-31,2.8528725e+06,0.16,0.699
156,Seattle ERS,Seattle Employees' Retirement System,WA,Washington,Seattle,1,2018.0,2018-12-31,2.7174368e+06,-0.0379,0.682
156,Seattle ERS,Seattle Employees' Retirement System,WA,Washington,Seattle,1,2019.0,2019-12-31,3.1498638e+06,0.1729,0.689
156,Seattle ERS,Seattle Employees' Retirement System,WA,Washington,Seattle,1,2020.0,2020-12-31,3.6414545e+06,0.1253,0.716
156,Seattle ERS,Seattle Employees' Retirement System,WA,Washington,Seattle,1,2021.0,2021-12-31,4.134782e+06,0.1692,0.75
158,Nashville-Davidson ERS,Nashville Davidson Metropolitan Employee Benefit System,TN,Tennessee,Nashville-Davidson,1,2014.0,2014-06-30,2.697364e+06,0.1783,0.911
158,Nashville-Davidson ERS,Nashville Davidson Metropolitan Employee Benefit System,TN,Tennessee,Nashville-Davidson,1,2015.0,2015-06-30,2.763496e+06,0.0487,0.951
158,Nashville-Davidson ERS,Nashville Davidson Metropolitan Employee Benefit System,TN,Tennessee,Nashville-Davidson,1,2016.0,2016-06-30,2.6882268e+06,0.0127,0.96
158,Nashville-Davidson ERS,Nashville Davidson Metropolitan Employee Benefit System,TN,Tennessee,Nashville-Davidson,1,2017.0,2017-06-30,2.9682588e+06,0.1353,0.954
158,Nashville-Davidson ERS,Nashville Davidson Metropolitan Employee Benefit System,TN,Tennessee,Nashville-Davidson,1,2018.0,2018-06-30,3.1165718e+06,0.0944,0.949
158,Nashville-Davidson ERS,Nashville Davidson Metropolitan Employee Benefit System,TN,Tennessee,Nashville-Davidson,1,2019.0,2019-06-30,3.2549838e+06,0.0932,0.951
158,Nashville-Davidson ERS,Nashville Davidson Metropolitan Employee Benefit System,TN,Tennessee,Nashville-Davidson,1,2020.0,2020-06-30,3.27253e+06,0.0454,0.934
158,Nashville-Davidson ERS,Nashville Davidson Metropolitan Employee Benefit System,TN,Tennessee,Nashville-Davidson,1,2021.0,2021-06-30,4.204832e+06,0.3599,0.953
159,Jacksonville ERS,Jacksonville General Employees Retirement Plan,FL,Florida,Jacksonville,1,2010.0,2010-09-30,1.456079e+06,0.1154,0.7586
159,Jacksonville ERS,Jacksonville General Employees Retirement Plan,FL,Florida,Jacksonville,1,2011.0,2011-09-30,1.385267e+06,0.012,0.7135
159,Jacksonville ERS,Jacksonville General Employees Retirement Plan,FL,Florida,Jacksonville,1,2012.0,2012-09-30,1.558645e+06,0.1888,0.6238
159,Jacksonville ERS,Jacksonville General Employees Retirement Plan,FL,Florida,Jacksonville,1,2013.0,2013-09-30,1.733319e+06,0.1763,0.623
159,Jacksonville ERS,Jacksonville General Employees Retirement Plan,FL,Florida,Jacksonville,1,2014.0,2014-09-30,1.848189e+06,0.1206,0.6581
159,Jacksonville ERS,Jacksonville General Employees Retirement Plan,FL,Florida,Jacksonville,1,2015.0,2015-09-30,1.739891e+06,-0.0167,0.668
159,Jacksonville ERS,Jacksonville General Employees Retirement Plan,FL,Florida,Jacksonville,1,2016.0,2016-09-30,1.829242e+06,0.0993,0.6464
159,Jacksonville ERS,Jacksonville General Employees Retirement Plan,FL,Florida,Jacksonville,1,2017.0,2017-09-30,2.019668e+06,0.1521,0.6436
159,Jacksonville ERS,Jacksonville General Employees Retirement Plan,FL,Florida,Jacksonville,1,2018.0,2018-09-30,2.085056e+06,0.0787,0.6324
159,Jacksonville ERS,Jacksonville General Employees Retirement Plan,FL,Florida,Jacksonville,1,2019.0,2019-09-30,1.989646e+06,0.0136,0.6111
159,Jacksonville ERS,Jacksonville General Employees Retirement Plan,FL,Florida,Jacksonville,1,2020.0,2020-09-30,2.005178e+06,0.0642,0.6026
159,Jacksonville ERS,Jacksonville General Employees Retirement Plan,FL,Florida,Jacksonville,1,2021.0,2021-09-30,2.29967e+06,0.2176,0.6004
160,Cincinnati ERS,Cincinnati Employees' Retirement System,OH,Ohio,Cincinnati,1,2009.0,2009-06-30,1.370133e+06,0.205,0.7115
160,Cincinnati ERS,Cincinnati Employees' Retirement System,OH,Ohio,Cincinnati,1,2010.0,2010-06-30,1.445156e+06,0.141,0.7675
160,Cincinnati ERS,Cincinnati Employees' Retirement System,OH,Ohio,Cincinnati,1,2011.0,2011-06-30,1.353823e+06,0.011,0.7507
160,Cincinnati ERS,Cincinnati Employees' Retirement System,OH,Ohio,Cincinnati,1,2012.0,2012-06-30,1.409032e+06,0.122,0.6681
160,Cincinnati ERS,Cincinnati Employees' Retirement System,OH,Ohio,Cincinnati,1,2013.0,2013-06-30,1.426888e+06,0.125,0.6134
160,Cincinnati ERS,Cincinnati Employees' Retirement System,OH,Ohio,Cincinnati,1,2014.0,2014-06-30,1.578751e+06,0.185,0.632
160,Cincinnati ERS,Cincinnati Employees' Retirement System,OH,Ohio,Cincinnati,1,2015.0,2015-06-30,1.510182e+06,0.029,0.643
160,Cincinnati ERS,Cincinnati Employees' Retirement System,OH,Ohio,Cincinnati,1,2016.0,2016-06-30,1.651375e+06,-0.0053,0.771
160,Cincinnati ERS,Cincinnati Employees' Retirement System,OH,Ohio,Cincinnati,1,2017.0,2017-06-30,1.74039e+06,0.1211,0.769
160,Cincinnati ERS,Cincinnati Employees' Retirement System,OH,Ohio,Cincinnati,1,2018.0,2018-06-30,1.762196e+06,0.0783,0.755
160,Cincinnati ERS,Cincinnati Employees' Retirement System,OH,Ohio,Cincinnati,1,2019.0,2019-06-30,1.720206e+06,0.0415,0.726
160,Cincinnati ERS,Cincinnati Employees' Retirement System,OH,Ohio,Cincinnati,1,2020.0,2020-06-30,1.576205e+06,-0.0109,0.712
160,Cincinnati ERS,Cincinnati Employees' Retirement System,OH,Ohio,Cincinnati,1,2021.0,2021-06-30,1.922316e+06,0.2663,0.705
161,Atlanta ERS,Atlanta General Employees' Pension Fund,GA,Georgia,Atlanta,1,2011.0,2011-06-30,963515.0,0.0102,0.419
161,Atlanta ERS,Atlanta General Employees' Pension Fund,GA,Georgia,Atlanta,1,2012.0,2012-06-30,1.027769e+06,0.138,0.51
161,Atlanta ERS,Atlanta General Employees' Pension Fund,GA,Georgia,Atlanta,1,2013.0,2013-06-30,1.129938e+06,0.1632,0.426
161,Atlanta ERS,Atlanta General Employees' Pension Fund,GA,Georgia,Atlanta,1,2014.0,2014-06-30,1.274688e+06,0.0836,0.459
161,Atlanta ERS,Atlanta General Employees' Pension Fund,GA,Georgia,Atlanta,1,2015.0,2015-06-30,1.284848e+06,-0.0026,0.485
161,Atlanta ERS,Atlanta General Employees' Pension Fund,GA,Georgia,Atlanta,1,2016.0,2016-06-30,1.246662e+06,0.0833,0.511
161,Atlanta ERS,Atlanta General Employees' Pension Fund,GA,Georgia,Atlanta,1,2017.0,2017-06-30,1.368816e+06,0.1332,0.576
161,Atlanta ERS,Atlanta General Employees' Pension Fund,GA,Georgia,Atlanta,1,2018.0,2018-06-30,1.456099e+06,0.1027,0.594
161,Atlanta ERS,Atlanta General Employees' Pension Fund,GA,Georgia,Atlanta,1,2019.0,2019-06-30,1.502858e+06,0.0609,0.615
161,Atlanta ERS,Atlanta General Employees' Pension Fund,GA,Georgia,Atlanta,1,2020.0,2020-06-30,1.499603e+06,0.0356,0.612
161,Atlanta ERS,Atlanta General Employees' Pension Fund,GA,Georgia,Atlanta,1,2021.0,2021-06-30,1.909699e+06,0.138,0.662
162,Omaha School,Omaha School Employees' Retirement System,NE,Nebraska,Omaha,2,2001.0,2001-08-31,774880.0,-0.218,0.8921
162,Omaha School,Omaha School Employees' Retirement System,NE,Nebraska,Omaha,2,2002.0,2002-08-31,710435.0,-0.081,0.8309
162,Omaha School,Omaha School Employees' Retirement System,NE,Nebraska,Omaha,2,2003.0,2003-08-31,735818.0,0.236,0.811
162,Omaha School,Omaha School Employees' Retirement System,NE,Nebraska,Omaha,2,2004.0,2004-08-31,775358.0,0.092,0.791
162,Omaha School,Omaha School Employees' Retirement System,NE,Nebraska,Omaha,2,2007.0,2007-08-31,1.117628e+06,0.193,0.89
162,Omaha School,Omaha School Employees' Retirement System,NE,Nebraska,Omaha,2,2008.0,2008-08-31,1.050281e+06,-0.135,0.853
162,Omaha School,Omaha School Employees' Retirement System,NE,Nebraska,Omaha,2,2009.0,2009-08-31,884438.0,-0.004,0.753
162,Omaha School,Omaha School Employees' Retirement System,NE,Nebraska,Omaha,2,2010.0,2010-08-31,951214.0,0.122,0.735
162,Omaha School,Omaha School Employees' Retirement System,NE,Nebraska,Omaha,2,2011.0,2011-08-31,1.033128e+06,0.041,0.732
162,Omaha School,Omaha School Employees' Retirement System,NE,Nebraska,Omaha,2,2012.0,2012-08-31,1.095565e+06,0.143,0.726
162,Omaha School,Omaha School Employees' Retirement System,NE,Nebraska,Omaha,2,2013.0,2013-08-31,1.170347e+06,0.11,0.7259
162,Omaha School,Omaha School Employees' Retirement System,NE,Nebraska,Omaha,2,2014.0,2014-08-31,1.294722e+06,0.091,0.741
162,Omaha School,Omaha School Employees' Retirement System,NE,Nebraska,Omaha,2,2015.0,2015-08-31,1.211107e+06,-0.054,0.7299
162,Omaha School,Omaha School Employees' Retirement System,NE,Nebraska,Omaha,2,2016.0,2016-08-31,1.188496e+06,0.067,0.70273
162,Omaha School,Omaha School Employees' Retirement System,NE,Nebraska,Omaha,2,2017.0,2017-08-31,1.233183e+06,0.062,0.6525
162,Omaha School,Omaha School Employees' Retirement System,NE,Nebraska,Omaha,2,2018.0,2018-08-31,1.293685e+06,0.071,0.6389
162,Omaha School,Omaha School Employees' Retirement System,NE,Nebraska,Omaha,2,2019.0,2019-08-31,1.295462e+06,0.035,0.6288
162,Omaha School,Omaha School Employees' Retirement System,NE,Nebraska,Omaha,2,2020.0,2020-08-31,1.378387e+06,0.007,0.6259
162,Omaha School,Omaha School Employees' Retirement System,NE,Nebraska,Omaha,2,2021.0,2021-08-31,1.633741e+06,0.234,0.6164
163,Baton Rouge City-Parish ERS,Baton Rouge City Parish Employees' Retirement System,LA,Louisiana,Baton Rouge,1,2004.0,2004-12-31,878148.2,0.118,0.836
163,Baton Rouge City-Parish ERS,Baton Rouge City Parish Employees' Retirement System,LA,Louisiana,Baton Rouge,1,2005.0,2005-12-31,926986.0,0.092,0.832
163,Baton Rouge City-Parish ERS,Baton Rouge City Parish Employees' Retirement System,LA,Louisiana,Baton Rouge,1,2006.0,2006-12-31,1.0325198e+06,0.152,0.842
163,Baton Rouge City-Parish ERS,Baton Rouge City Parish Employees' Retirement System,LA,Louisiana,Baton Rouge,1,2007.0,2007-12-31,1.0378251e+06,0.043,0.846
163,Baton Rouge City-Parish ERS,Baton Rouge City Parish Employees' Retirement System,LA,Louisiana,Baton Rouge,1,2008.0,2008-12-31,714150.7,-0.285,0.786
163,Baton Rouge City-Parish ERS,Baton Rouge City Parish Employees' Retirement System,LA,Louisiana,Baton Rouge,1,2009.0,2009-12-31,850518.5,0.254,0.742
163,Baton Rouge City-Parish ERS,Baton Rouge City Parish Employees' Retirement System,LA,Louisiana,Baton Rouge,1,2010.0,2010-12-31,943435.75,0.158,0.739
163,Baton Rouge City-Parish ERS,Baton Rouge City Parish Employees' Retirement System,LA,Louisiana,Baton Rouge,1,2011.0,2011-12-31,888227.25,-0.018,0.722
163,Baton Rouge City-Parish ERS,Baton Rouge City Parish Employees' Retirement System,LA,Louisiana,Baton Rouge,1,2012.0,2012-12-31,961258.44,0.139,0.72
163,Baton Rouge City-Parish ERS,Baton Rouge City Parish Employees' Retirement System,LA,Louisiana,Baton Rouge,1,2013.0,2013-12-31,1.0614146e+06,0.157,0.73
163,Baton Rouge City-Parish ERS,Baton Rouge City Parish Employees' Retirement System,LA,Louisiana,Baton Rouge,1,2014.0,2014-12-31,1.0738788e+06,0.053,0.71
163,Baton Rouge City-Parish ERS,Baton Rouge City Parish Employees' Retirement System,LA,Louisiana,Baton Rouge,1,2015.0,2015-12-31,1.0231869e+06,-0.005,0.693
163,Baton Rouge City-Parish ERS,Baton Rouge City Parish Employees' Retirement System,LA,Louisiana,Baton Rouge,1,2016.0,2016-12-31,1.0603658e+06,0.086,0.679
163,Baton Rouge City-Parish ERS,Baton Rouge City Parish Employees' Retirement System,LA,Louisiana,Baton Rouge,1,2017.0,2017-12-31,1.1809121e+06,0.167,0.679
163,Baton Rouge City-Parish ERS,Baton Rouge City Parish Employees' Retirement System,LA,Louisiana,Baton Rouge,1,2018.0,2018-12-31,1.071085e+06,-0.054,0.668
163,Baton Rouge City-Parish ERS,Baton Rouge City Parish Employees' Retirement System,LA,Louisiana,Baton Rouge,1,2019.0,2019-12-31,1.1931909e+06,0.174,0.653
163,Baton Rouge City-Parish ERS,Baton Rouge City Parish Employees' Retirement System,LA,Louisiana,Baton Rouge,1,2020.0,2020-12-31,1.2876664e+06,0.133,0.656
163,Baton Rouge City-Parish ERS,Baton Rouge City Parish Employees' Retirement System,LA,Louisiana,Baton Rouge,1,2021.0,2021-12-31,1.415468e+06,0.147,0.67
164,Fairfax County (VA) ERS,Fairfax County Employees' Retirement System,VA,Virginia,Fairfax,1,2002.0,2002-06-30,1.7169356e+06,-0.039,0.9037
164,Fairfax County (VA) ERS,Fairfax County Employees' Retirement System,VA,Virginia,Fairfax,1,2003.0,2003-06-30,1.7801138e+06,0.0588,0.8458
164,Fairfax County (VA) ERS,Fairfax County Employees' Retirement System,VA,Virginia,Fairfax,1,2004.0,2004-06-30,2.0675154e+06,0.184,0.8422
164,Fairfax County (VA) ERS,Fairfax County Employees' Retirement System,VA,Virginia,Fairfax,1,2005.0,2005-06-30,2.3073215e+06,0.136,0.8229
164,Fairfax County (VA) ERS,Fairfax County Employees' Retirement System,VA,Virginia,Fairfax,1,2006.0,2006-06-30,2.4609515e+06,0.094,0.8203
164,Fairfax County (VA) ERS,Fairfax County Employees' Retirement System,VA,Virginia,Fairfax,1,2007.0,2007-06-30,2.783301e+06,0.152,0.8272
164,Fairfax County (VA) ERS,Fairfax County Employees' Retirement System,VA,Virginia,Fairfax,1,2009.0,2009-06-30,2.0390514e+06,-0.233,0.7362
164,Fairfax County (VA) ERS,Fairfax County Employees' Retirement System,VA,Virginia,Fairfax,1,2010.0,2010-06-30,2.46908e+06,0.257,0.699
164,Fairfax County (VA) ERS,Fairfax County Employees' Retirement System,VA,Virginia,Fairfax,1,2011.0,2011-06-30,2.9848638e+06,0.241,0.707
164,Fairfax County (VA) ERS,Fairfax County Employees' Retirement System,VA,Virginia,Fairfax,1,2012.0,2012-06-30,3.1726525e+06,0.089,0.7161
164,Fairfax County (VA) ERS,Fairfax County Employees' Retirement System,VA,Virginia,Fairfax,1,2013.0,2013-06-30,3.353932e+06,0.081,0.7291
164,Fairfax County (VA) ERS,Fairfax County Employees' Retirement System,VA,Virginia,Fairfax,1,2014.0,2014-06-30,3.7660598e+06,0.152,0.753
164,Fairfax County (VA) ERS,Fairfax County Employees' Retirement System,VA,Virginia,Fairfax,1,2015.0,2015-06-30,3.6933575e+06,0.008,0.742
164,Fairfax County (VA) ERS,Fairfax County Employees' Retirement System,VA,Virginia,Fairfax,1,2016.0,2016-06-30,3.5900822e+06,0.0,0.702
164,Fairfax County (VA) ERS,Fairfax County Employees' Retirement System,VA,Virginia,Fairfax,1,2017.0,2017-06-30,3.7493845e+06,0.075,0.699
164,Fairfax County (VA) ERS,Fairfax County Employees' Retirement System,VA,Virginia,Fairfax,1,2018.0,2018-06-30,3.9409268e+06,0.073,0.705
164,Fairfax County (VA) ERS,Fairfax County Employees' Retirement System,VA,Virginia,Fairfax,1,2019.0,2019-06-30,4.1016372e+06,0.063,0.708
164,Fairfax County (VA) ERS,Fairfax County Employees' Retirement System,VA,Virginia,Fairfax,1,2020.0,2020-06-30,4.1420632e+06,0.029,0.73
164,Fairfax County (VA) ERS,Fairfax County Employees' Retirement System,VA,Virginia,Fairfax,1,2021.0,2021-06-30,5.1462325e+06,0.269,0.79
165,Detroit General RS,Detroit General Retirement System,MI,Michigan,Detroit,1,2001.0,2001-06-30,2.691006e+06,-0.04442,0.916
165,Detroit General RS,Detroit General Retirement System,MI,Michigan,Detroit,1,2002.0,2002-06-30,2.3899965e+06,-0.05942,0.849
165,Detroit General RS,Detroit General Retirement System,MI,Michigan,Detroit,1,2003.0,2003-06-30,2.3238242e+06,0.03529,0.776
165,Detroit General RS,Detroit General Retirement System,MI,Michigan,Detroit,1,2004.0,2004-06-30,2.521497e+06,0.1493,0.73
165,Detroit General RS,Detroit General Retirement System,MI,Michigan,Detroit,1,2005.0,2005-06-30,3.3188862e+06,0.083,0.963
165,Detroit General RS,Detroit General Retirement System,MI,Michigan,Detroit,1,2006.0,2006-06-30,3.4550792e+06,0.113,0.982
165,Detroit General RS,Detroit General Retirement System,MI,Michigan,Detroit,1,2007.0,2007-06-30,3.846012e+06,0.189,0.988
165,Detroit General RS,Detroit General Retirement System,MI,Michigan,Detroit,1,2008.0,2008-06-30,3.4167678e+06,-0.043,1.009
165,Detroit General RS,Detroit General Retirement System,MI,Michigan,Detroit,1,2009.0,2009-06-30,2.3871365e+06,-0.188,0.925
165,Detroit General RS,Detroit General Retirement System,MI,Michigan,Detroit,1,2010.0,2010-06-30,2.2465128e+06,0.08,0.871
165,Detroit General RS,Detroit General Retirement System,MI,Michigan,Detroit,1,2011.0,2011-06-30,2.421567e+06,0.187,0.828
165,Detroit General RS,Detroit General Retirement System,MI,Michigan,Detroit,1,2012.0,2012-06-30,2.1588378e+06,-0.004,0.77
165,Detroit General RS,Detroit General Retirement System,MI,Michigan,Detroit,1,2013.0,2013-06-30,2.099022e+06,0.117,0.7
165,Detroit General RS,Detroit General Retirement System,MI,Michigan,Detroit,1,2014.0,2014-06-30,2.0152079e+06,0.145,0.62538
165,Detroit General RS,Detroit General Retirement System,MI,Michigan,Detroit,1,2015.0,2015-06-30,2.1529718e+06,0.026,0.67112
165,Detroit General RS,Detroit General Retirement System,MI,Michigan,Detroit,1,2016.0,2016-06-30,1.9724014e+06,0.014,0.63342
165,Detroit General RS,Detroit General Retirement System,MI,Michigan,Detroit,1,2017.0,2017-06-30,2.041564e+06,0.141,0.65543
165,Detroit General RS,Detroit General Retirement System,MI,Michigan,Detroit,1,2018.0,2018-06-30,2.0488936e+06,0.065,0.66435
165,Detroit General RS,Detroit General Retirement System,MI,Michigan,Detroit,1,2019.0,2019-06-30,1.941553e+06,0.034,0.63735
165,Detroit General RS,Detroit General Retirement System,MI,Michigan,Detroit,1,2020.0,2020-06-30,1.7591841e+06,0.0096,0.60204
165,Detroit General RS,Detroit General Retirement System,MI,Michigan,Detroit,1,2021.0,2021-06-30,2.0768531e+06,0.283,0.6195
166,Montgomery County (MD) ERS,Montgomery County (MD) Employees' Retirement System,MD,Maryland,Montgomery County,1,2006.0,2006-06-30,2.3076795e+06,0.0918,0.762
166,Montgomery County (MD) ERS,Montgomery County (MD) Employees' Retirement System,MD,Maryland,Montgomery County,1,2007.0,2007-06-30,2.7142678e+06,0.1879,0.797
166,Montgomery County (MD) ERS,Montgomery County (MD) Employees' Retirement System,MD,Maryland,Montgomery County,1,2008.0,2008-06-30,2.6188015e+06,-0.0226,0.808
166,Montgomery County (MD) ERS,Montgomery County (MD) Employees' Retirement System,MD,Maryland,Montgomery County,1,2009.0,2009-06-30,2.1459992e+06,-0.1581,0.784
166,Montgomery County (MD) ERS,Montgomery County (MD) Employees' Retirement System,MD,Maryland,Montgomery County,1,2010.0,2010-06-30,2.4426922e+06,0.1445,0.766
166,Montgomery County (MD) ERS,Montgomery County (MD) Employees' Retirement System,MD,Maryland,Montgomery County,1,2011.0,2011-06-30,2.8972078e+06,0.2177,0.766
166,Montgomery County (MD) ERS,Montgomery County (MD) Employees' Retirement System,MD,Maryland,Montgomery County,1,2012.0,2012-06-30,2.9367738e+06,0.053,0.767
166,Montgomery County (MD) ERS,Montgomery County (MD) Employees' Retirement System,MD,Maryland,Montgomery County,1,2013.0,2013-06-30,3.1842452e+06,0.1085,0.79
166,Montgomery County (MD) ERS,Montgomery County (MD) Employees' Retirement System,MD,Maryland,Montgomery County,1,2014.0,2014-06-30,3.652867e+06,0.1766,0.84
166,Montgomery County (MD) ERS,Montgomery County (MD) Employees' Retirement System,MD,Maryland,Montgomery County,1,2015.0,2015-06-30,3.6616612e+06,0.0282,0.896
166,Montgomery County (MD) ERS,Montgomery County (MD) Employees' Retirement System,MD,Maryland,Montgomery County,1,2016.0,2016-06-30,3.6416025e+06,0.019,0.917
166,Montgomery County (MD) ERS,Montgomery County (MD) Employees' Retirement System,MD,Maryland,Montgomery County,1,2017.0,2017-06-30,3.9335055e+06,0.121,0.944
166,Montgomery County (MD) ERS,Montgomery County (MD) Employees' Retirement System,MD,Maryland,Montgomery County,1,2018.0,2018-06-30,4.1493075e+06,0.091,0.957
166,Montgomery County (MD) ERS,Montgomery County (MD) Employees' Retirement System,MD,Maryland,Montgomery County,1,2019.0,2019-06-30,4.3166365e+06,0.087,0.987
166,Montgomery County (MD) ERS,Montgomery County (MD) Employees' Retirement System,MD,Maryland,Montgomery County,1,2020.0,2020-06-30,4.3335015e+06,0.038,0.992
166,Montgomery County (MD) ERS,Montgomery County (MD) Employees' Retirement System,MD,Maryland,Montgomery County,1,2021.0,2021-06-30,5.2959725e+06,0.27,1.032
167,Milwaukee County ERS,Milwaukee County Employees' Retirement System,WI,Wisconsin,Milwaukee County,1,2001.0,2001-12-31,1.4817831e+06,-0.02082,1.086
167,Milwaukee County ERS,Milwaukee County Employees' Retirement System,WI,Wisconsin,Milwaukee County,1,2002.0,2002-12-31,1.2828808e+06,-0.054,0.938
167,Milwaukee County ERS,Milwaukee County Employees' Retirement System,WI,Wisconsin,Milwaukee County,1,2003.0,2003-12-31,1.4934504e+06,0.25,0.847
167,Milwaukee County ERS,Milwaukee County Employees' Retirement System,WI,Wisconsin,Milwaukee County,1,2004.0,2004-12-31,1.5501124e+06,0.129,0.799
167,Milwaukee County ERS,Milwaukee County Employees' Retirement System,WI,Wisconsin,Milwaukee County,1,2005.0,2005-12-31,1.5597775e+06,0.083,0.7617
167,Milwaukee County ERS,Milwaukee County Employees' Retirement System,WI,Wisconsin,Milwaukee County,1,2006.0,2006-12-31,1.6581958e+06,0.135,0.7899
167,Milwaukee County ERS,Milwaukee County Employees' Retirement System,WI,Wisconsin,Milwaukee County,1,2007.0,2007-12-31,1.6665111e+06,0.063,0.8036
167,Milwaukee County ERS,Milwaukee County Employees' Retirement System,WI,Wisconsin,Milwaukee County,1,2008.0,2008-12-31,1.197814e+06,-0.221,0.9568
167,Milwaukee County ERS,Milwaukee County Employees' Retirement System,WI,Wisconsin,Milwaukee County,1,2009.0,2009-12-31,1.8225399e+06,0.204,0.9328
167,Milwaukee County ERS,Milwaukee County Employees' Retirement System,WI,Wisconsin,Milwaukee County,1,2010.0,2010-12-31,1.8951669e+06,0.121,0.9223
167,Milwaukee County ERS,Milwaukee County Employees' Retirement System,WI,Wisconsin,Milwaukee County,1,2011.0,2011-12-31,1.7421069e+06,0.002,0.8917
167,Milwaukee County ERS,Milwaukee County Employees' Retirement System,WI,Wisconsin,Milwaukee County,1,2012.0,2012-12-31,1.7684346e+06,0.11,0.8732
167,Milwaukee County ERS,Milwaukee County Employees' Retirement System,WI,Wisconsin,Milwaukee County,1,2013.0,2013-12-31,1.87923e+06,0.152,0.8566
167,Milwaukee County ERS,Milwaukee County Employees' Retirement System,WI,Wisconsin,Milwaukee County,1,2014.0,2014-12-31,1.8225798e+06,0.055,0.798
167,Milwaukee County ERS,Milwaukee County Employees' Retirement System,WI,Wisconsin,Milwaukee County,1,2015.0,2015-12-31,1.7161518e+06,0.024,0.781
167,Milwaukee County ERS,Milwaukee County Employees' Retirement System,WI,Wisconsin,Milwaukee County,1,2016.0,2016-12-31,1.6716824e+06,0.069,0.771
167,Milwaukee County ERS,Milwaukee County Employees' Retirement System,WI,Wisconsin,Milwaukee County,1,2017.0,2017-12-31,1.7864086e+06,0.158,0.754
167,Milwaukee County ERS,Milwaukee County Employees' Retirement System,WI,Wisconsin,Milwaukee County,1,2018.0,2018-12-31,1.6182194e+06,-0.024,0.7552
167,Milwaukee County ERS,Milwaukee County Employees' Retirement System,WI,Wisconsin,Milwaukee County,1,2019.0,2019-12-31,1.7386282e+06,0.16,0.745
167,Milwaukee County ERS,Milwaukee County Employees' Retirement System,WI,Wisconsin,Milwaukee County,1,2020.0,2020-12-31,1.7929169e+06,0.107,0.7531
167,Milwaukee County ERS,Milwaukee County Employees' Retirement System,WI,Wisconsin,Milwaukee County,1,2021.0,2021-12-31,1.9703675e+06,0.165,0.7663
168,Miami Fire and Police,Miami Firefighters' and Police Officers' Retirement Trust,FL,Florida,Miami,3,2001.0,2001-09-30,1.0240543e+06,-0.10483,0.94
168,Miami Fire and Police,Miami Firefighters' and Police Officers' Retirement Trust,FL,Florida,Miami,3,2002.0,2002-09-30,927301.1,-0.05656,0.78
168,Miami Fire and Police,Miami Firefighters' and Police Officers' Retirement Trust,FL,Florida,Miami,3,2003.0,2003-09-30,1.039621e+06,0.15614,0.84
168,Miami Fire and Police,Miami Firefighters' and Police Officers' Retirement Trust,FL,Florida,Miami,3,2004.0,2004-09-30,1.168244e+06,0.12622,0.85
168,Miami Fire and Police,Miami Firefighters' and Police Officers' Retirement Trust,FL,Florida,Miami,3,2005.0,2005-09-30,1.3363994e+06,0.15263,0.91
168,Miami Fire and Police,Miami Firefighters' and Police Officers' Retirement Trust,FL,Florida,Miami,3,2006.0,2006-09-30,1.4295565e+06,0.08836,0.91
168,Miami Fire and Police,Miami Firefighters' and Police Officers' Retirement Trust,FL,Florida,Miami,3,2007.0,2007-09-30,1.6008104e+06,0.14287,0.96
168,Miami Fire and Police,Miami Firefighters' and Police Officers' Retirement Trust,FL,Florida,Miami,3,2008.0,2008-09-30,1.3247502e+06,-0.14439,0.7
168,Miami Fire and Police,Miami Firefighters' and Police Officers' Retirement Trust,FL,Florida,Miami,3,2009.0,2009-09-30,1.2671288e+06,-0.00153,0.63
168,Miami Fire and Police,Miami Firefighters' and Police Officers' Retirement Trust,FL,Florida,Miami,3,2010.0,2010-09-30,1.3395105e+06,0.099,0.66
168,Miami Fire and Police,Miami Firefighters' and Police Officers' Retirement Trust,FL,Florida,Miami,3,2011.0,2011-09-30,1.2971692e+06,0.058,0.72
168,Miami Fire and Police,Miami Firefighters' and Police Officers' Retirement Trust,FL,Florida,Miami,3,2012.0,2012-09-30,1.4253219e+06,0.179,0.73
168,Miami Fire and Police,Miami Firefighters' and Police Officers' Retirement Trust,FL,Florida,Miami,3,2013.0,2013-09-30,1.499777e+06,0.125,0.72486
168,Miami Fire and Police,Miami Firefighters' and Police Officers' Retirement Trust,FL,Florida,Miami,3,2014.0,2014-09-30,1.748696e+06,0.088,0.72
168,Miami Fire and Police,Miami Firefighters' and Police Officers' Retirement Trust,FL,Florida,Miami,3,2015.0,2015-09-30,1.6746716e+06,0.024,0.71
168,Miami Fire and Police,Miami Firefighters' and Police Officers' Retirement Trust,FL,Florida,Miami,3,2016.0,2016-09-30,1.7000985e+06,0.093,0.696
168,Miami Fire and Police,Miami Firefighters' and Police Officers' Retirement Trust,FL,Florida,Miami,3,2017.0,2017-09-30,1.7325318e+06,0.096,0.681
168,Miami Fire and Police,Miami Firefighters' and Police Officers' Retirement Trust,FL,Florida,Miami,3,2018.0,2018-09-30,1.5666824e+06,0.074,0.653
168,Miami Fire and Police,Miami Firefighters' and Police Officers' Retirement Trust,FL,Florida,Miami,3,2019.0,2019-09-30,1.5612085e+06,0.053,0.653
168,Miami Fire and Police,Miami Firefighters' and Police Officers' Retirement Trust,FL,Florida,Miami,3,2020.0,2020-09-30,1.5661306e+06,0.0617,0.606
168,Miami Fire and Police,Miami Firefighters' and Police Officers' Retirement Trust,FL,Florida,Miami,3,2021.0,2021-09-30,1.7837686e+06,0.1971,0.578
169,Providence ERS,Providence Employee Retirement System,RI,Rhode Island,Providence,1,2006.0,2006-06-30,363317.0,0.12,0.374
169,Providence ERS,Providence Employee Retirement System,RI,Rhode Island,Providence,1,2007.0,2007-06-30,410812.0,0.189,0.3949
169,Providence ERS,Providence Employee Retirement System,RI,Rhode Island,Providence,1,2008.0,2008-06-30,358789.0,-0.105,0.3857
169,Providence ERS,Providence Employee Retirement System,RI,Rhode Island,Providence,1,2009.0,2009-06-30,303007.0,-0.154,0.3349
169,Providence ERS,Providence Employee Retirement System,RI,Rhode Island,Providence,1,2010.0,2010-06-30,316128.0,0.136,0.3406
169,Providence ERS,Providence Employee Retirement System,RI,Rhode Island,Providence,1,2011.0,2011-06-30,362604.0,0.264,0.3194
169,Providence ERS,Providence Employee Retirement System,RI,Rhode Island,Providence,1,2012.0,2012-06-30,326539.0,0.002,0.336
169,Providence ERS,Providence Employee Retirement System,RI,Rhode Island,Providence,1,2013.0,2013-06-30,335785.0,0.134,0.3139
169,Providence ERS,Providence Employee Retirement System,RI,Rhode Island,Providence,1,2014.0,2014-06-30,357712.0,0.175,0.29
169,Providence ERS,Providence Employee Retirement System,RI,Rhode Island,Providence,1,2015.0,2015-06-30,351067.0,0.0556,0.27083
169,Providence ERS,Providence Employee Retirement System,RI,Rhode Island,Providence,1,2016.0,2016-06-30,333287.0,0.026,0.26242
169,Providence ERS,Providence Employee Retirement System,RI,Rhode Island,Providence,1,2017.0,2017-06-30,348644.0,0.122,0.26253
169,Providence ERS,Providence Employee Retirement System,RI,Rhode Island,Providence,1,2018.0,2018-06-30,358998.0,0.073,0.26673
169,Providence ERS,Providence Employee Retirement System,RI,Rhode Island,Providence,1,2019.0,2019-06-30,367254.0,0.045,0.23874
169,Providence ERS,Providence Employee Retirement System,RI,Rhode Island,Providence,1,2020.0,2020-06-30,360598.0,-0.02,0.23942
169,Providence ERS,Providence Employee Retirement System,RI,Rhode Island,Providence,1,2021.0,2021-06-30,439388.0,0.27,0.2466
170,Hartford MERF,Hartford Municipal Employees' Retirement Fund,CT,Connecticut,Hartford,1,2013.0,2013-06-30,971238.0,0.083,0.747
170,Hartford MERF,Hartford Municipal Employees' Retirement Fund,CT,Connecticut,Hartford,1,2014.0,2014-06-30,1.062551e+06,0.136,0.76883
170,Hartford MERF,Hartford Municipal Employees' Retirement Fund,CT,Connecticut,Hartford,1,2015.0,2015-06-30,1.038246e+06,0.02,0.776
170,Hartford MERF,Hartford Municipal Employees' Retirement Fund,CT,Connecticut,Hartford,1,2016.0,2016-06-30,999664.0,0.0086,0.748
170,Hartford MERF,Hartford Municipal Employees' Retirement Fund,CT,Connecticut,Hartford,1,2017.0,2017-06-30,1.040757e+06,0.1044,0.744
170,Hartford MERF,Hartford Municipal Employees' Retirement Fund,CT,Connecticut,Hartford,1,2018.0,2018-06-30,1.043875e+06,0.076,0.731
170,Hartford MERF,Hartford Municipal Employees' Retirement Fund,CT,Connecticut,Hartford,1,2019.0,2019-06-30,1.049258e+06,0.075,0.711
170,Hartford MERF,Hartford Municipal Employees' Retirement Fund,CT,Connecticut,Hartford,1,2020.0,2020-06-30,1.010727e+06,0.023,0.665
170,Hartford MERF,Hartford Municipal Employees' Retirement Fund,CT,Connecticut,Hartford,1,2021.0,2021-06-30,1.199856e+06,0.254,0.681
171,Birmingham RRS,Birmingham Retirement & Relief System,AL,Alabama,Birmingham,1,2015.0,2015-06-30,1.045084e+06,0.0468,0.7533
171,Birmingham RRS,Birmingham Retirement & Relief System,AL,Alabama,Birmingham,1,2016.0,2016-06-30,996677.0,0.0138,0.7551
171,Birmingham RRS,Birmingham Retirement & Relief System,AL,Alabama,Birmingham,1,2017.0,2017-06-30,1.05377e+06,0.1179,0.7342
171,Birmingham RRS,Birmingham Retirement & Relief System,AL,Alabama,Birmingham,1,2018.0,2018-06-30,1.071413e+06,0.0812,0.7251
171,Birmingham RRS,Birmingham Retirement & Relief System,AL,Alabama,Birmingham,1,2019.0,2019-06-30,1.063071e+06,0.05121,0.7086
171,Birmingham RRS,Birmingham Retirement & Relief System,AL,Alabama,Birmingham,1,2020.0,2020-06-30,1.009071e+06,0.00347,0.687
171,Birmingham RRS,Birmingham Retirement & Relief System,AL,Alabama,Birmingham,1,2021.0,2021-06-30,1.240787e+06,0.30202,0.687
172,Omaha Police and Fire,Omaha Police & Fire Retirement System,NE,Nebraska,Omaha,3,2006.0,2006-12-31,507608.78,0.12223,0.634
172,Omaha Police and Fire,Omaha Police & Fire Retirement System,NE,Nebraska,Omaha,3,2009.0,2009-12-31,405390.03,0.15377,0.395
172,Omaha Police and Fire,Omaha Police & Fire Retirement System,NE,Nebraska,Omaha,3,2010.0,2010-12-31,452640.3,0.16232,0.414
172,Omaha Police and Fire,Omaha Police & Fire Retirement System,NE,Nebraska,Omaha,3,2011.0,2011-12-31,440429.4,-0.00191,0.434
172,Omaha Police and Fire,Omaha Police & Fire Retirement System,NE,Nebraska,Omaha,3,2012.0,2012-12-31,489800.12,0.162,0.45
172,Omaha Police and Fire,Omaha Police & Fire Retirement System,NE,Nebraska,Omaha,3,2013.0,2013-12-31,579494.6,0.1788,0.468
172,Omaha Police and Fire,Omaha Police & Fire Retirement System,NE,Nebraska,Omaha,3,2014.0,2014-12-31,599927.2,0.04939,0.496
172,Omaha Police and Fire,Omaha Police & Fire Retirement System,NE,Nebraska,Omaha,3,2015.0,2015-12-31,594178.5,0.00676,0.508
172,Omaha Police and Fire,Omaha Police & Fire Retirement System,NE,Nebraska,Omaha,3,2016.0,2016-12-31,636381.5,0.09064,0.518
172,Omaha Police and Fire,Omaha Police & Fire Retirement System,NE,Nebraska,Omaha,3,2017.0,2017-12-31,723507.06,0.14959,0.521
172,Omaha Police and Fire,Omaha Police & Fire Retirement System,NE,Nebraska,Omaha,3,2018.0,2018-12-31,694210.44,-0.02308,0.524
172,Omaha Police and Fire,Omaha Police & Fire Retirement System,NE,Nebraska,Omaha,3,2019.0,2019-12-31,800871.25,0.17236,0.543
173,Atlanta Police,Atlanta Police Officers' Pension Fund,GA,Georgia,Atlanta,3,2006.0,2006-06-30,534532.0,0.114,0.58103
173,Atlanta Police,Atlanta Police Officers' Pension Fund,GA,Georgia,Atlanta,3,2007.0,2007-06-30,629221.0,0.0667,0.602
173,Atlanta Police,Atlanta Police Officers' Pension Fund,GA,Georgia,Atlanta,3,2008.0,2008-06-30,617053.0,-0.2079,0.6559
173,Atlanta Police,Atlanta Police Officers' Pension Fund,GA,Georgia,Atlanta,3,2009.0,2009-06-30,543525.0,0.1675,0.5797
173,Atlanta Police,Atlanta Police Officers' Pension Fund,GA,Georgia,Atlanta,3,2010.0,2010-06-30,611645.0,0.1476,0.5976
173,Atlanta Police,Atlanta Police Officers' Pension Fund,GA,Georgia,Atlanta,3,2011.0,2011-06-30,735470.0,0.0142,0.71
173,Atlanta Police,Atlanta Police Officers' Pension Fund,GA,Georgia,Atlanta,3,2012.0,2012-06-30,733546.0,0.1264,0.692
173,Atlanta Police,Atlanta Police Officers' Pension Fund,GA,Georgia,Atlanta,3,2013.0,2013-06-30,828815.0,0.2247,0.708
173,Atlanta Police,Atlanta Police Officers' Pension Fund,GA,Georgia,Atlanta,3,2014.0,2014-06-30,987507.0,0.0527,0.8068
173,Atlanta Police,Atlanta Police Officers' Pension Fund,GA,Georgia,Atlanta,3,2015.0,2015-06-30,983385.0,-0.0142,0.78831
173,Atlanta Police,Atlanta Police Officers' Pension Fund,GA,Georgia,Atlanta,3,2016.0,2016-06-30,950415.0,0.0919,0.73099
173,Atlanta Police,Atlanta Police Officers' Pension Fund,GA,Georgia,Atlanta,3,2017.0,2017-06-30,1.051671e+06,0.1548,0.77024
173,Atlanta Police,Atlanta Police Officers' Pension Fund,GA,Georgia,Atlanta,3,2018.0,2018-06-30,1.130389e+06,0.1,0.87123
173,Atlanta Police,Atlanta Police Officers' Pension Fund,GA,Georgia,Atlanta,3,2019.0,2019-06-30,1.163143e+06,0.0574,0.77621
173,Atlanta Police,Atlanta Police Officers' Pension Fund,GA,Georgia,Atlanta,3,2020.0,2020-06-30,1.150481e+06,0.0247,0.77264
173,Atlanta Police,Atlanta Police Officers' Pension Fund,GA,Georgia,Atlanta,3,2021.0,2021-06-30,1.501624e+06,0.3334,0.76955
175,Kansas City (MO) ERS,Kansas City Missouri Employees' Retirement System,MO,Missouri,Kansas City,1,2001.0,2001-04-30,643558.7,-0.01759,1.0871
175,Kansas City (MO) ERS,Kansas City Missouri Employees' Retirement System,MO,Missouri,Kansas City,1,2002.0,2002-04-30,632026.56,-0.006,1.0053
175,Kansas City (MO) ERS,Kansas City Missouri Employees' Retirement System,MO,Missouri,Kansas City,1,2003.0,2003-04-30,585919.3,-0.052,0.8832
175,Kansas City (MO) ERS,Kansas City Missouri Employees' Retirement System,MO,Missouri,Kansas City,1,2004.0,2004-04-30,674111.6,0.186,0.8472
175,Kansas City (MO) ERS,Kansas City Missouri Employees' Retirement System,MO,Missouri,Kansas City,1,2005.0,2005-04-30,717344.0,0.095,0.8257
175,Kansas City (MO) ERS,Kansas City Missouri Employees' Retirement System,MO,Missouri,Kansas City,1,2006.0,2006-04-30,828578.9,0.182,0.9312
175,Kansas City (MO) ERS,Kansas City Missouri Employees' Retirement System,MO,Missouri,Kansas City,1,2007.0,2007-04-30,914460.2,0.124,0.9712
175,Kansas City (MO) ERS,Kansas City Missouri Employees' Retirement System,MO,Missouri,Kansas City,1,2008.0,2008-04-30,883100.25,-0.027,0.9351
175,Kansas City (MO) ERS,Kansas City Missouri Employees' Retirement System,MO,Missouri,Kansas City,1,2009.0,2009-04-30,640063.1,-0.257,0.7283
175,Kansas City (MO) ERS,Kansas City Missouri Employees' Retirement System,MO,Missouri,Kansas City,1,2010.0,2010-04-30,795328.56,0.278,0.7535
175,Kansas City (MO) ERS,Kansas City Missouri Employees' Retirement System,MO,Missouri,Kansas City,1,2011.0,2011-04-30,886328.1,0.147,0.798
175,Kansas City (MO) ERS,Kansas City Missouri Employees' Retirement System,MO,Missouri,Kansas City,1,2012.0,2012-04-30,864606.3,0.007,0.7911
175,Kansas City (MO) ERS,Kansas City Missouri Employees' Retirement System,MO,Missouri,Kansas City,1,2013.0,2013-04-30,947069.6,0.124,0.8071
175,Kansas City (MO) ERS,Kansas City Missouri Employees' Retirement System,MO,Missouri,Kansas City,1,2014.0,2014-04-30,1.0276551e+06,0.115,0.8367
175,Kansas City (MO) ERS,Kansas City Missouri Employees' Retirement System,MO,Missouri,Kansas City,1,2015.0,2015-04-30,1.0851332e+06,0.0836,0.8653
175,Kansas City (MO) ERS,Kansas City Missouri Employees' Retirement System,MO,Missouri,Kansas City,1,2016.0,2016-04-30,1.0236102e+06,-0.025,0.8326
175,Kansas City (MO) ERS,Kansas City Missouri Employees' Retirement System,MO,Missouri,Kansas City,1,2017.0,2017-04-30,1.0922989e+06,0.1046,0.8352
175,Kansas City (MO) ERS,Kansas City Missouri Employees' Retirement System,MO,Missouri,Kansas City,1,2018.0,2018-04-30,1.151661e+06,0.0928,0.8441
175,Kansas City (MO) ERS,Kansas City Missouri Employees' Retirement System,MO,Missouri,Kansas City,1,2019.0,2019-04-30,1.1692716e+06,0.0532,0.8543
175,Kansas City (MO) ERS,Kansas City Missouri Employees' Retirement System,MO,Missouri,Kansas City,1,2020.0,2020-04-30,1.0978335e+06,-0.0216,0.8376
175,Kansas City (MO) ERS,Kansas City Missouri Employees' Retirement System,MO,Missouri,Kansas City,1,2021.0,2021-04-30,1.3406624e+06,0.2714,0.8586
176,Tucson Supplemental RS,Tucson Supplemental Retirement System,AZ,Arizona,Tucson,1,2002.0,2002-06-30,433094.0,-0.081,0.836
176,Tucson Supplemental RS,Tucson Supplemental Retirement System,AZ,Arizona,Tucson,1,2003.0,2003-06-30,445904.28,0.033,0.763
176,Tucson Supplemental RS,Tucson Supplemental Retirement System,AZ,Arizona,Tucson,1,2004.0,2004-06-30,515463.62,0.178,0.767
176,Tucson Supplemental RS,Tucson Supplemental Retirement System,AZ,Arizona,Tucson,1,2005.0,2005-06-30,559142.2,0.093,0.776
176,Tucson Supplemental RS,Tucson Supplemental Retirement System,AZ,Arizona,Tucson,1,2006.0,2006-06-30,615375.94,0.107,0.799
176,Tucson Supplemental RS,Tucson Supplemental Retirement System,AZ,Arizona,Tucson,1,2007.0,2007-06-30,695975.06,0.1719,0.831
176,Tucson Supplemental RS,Tucson Supplemental Retirement System,AZ,Arizona,Tucson,1,2008.0,2008-06-30,650227.2,-0.0463,0.791
176,Tucson Supplemental RS,Tucson Supplemental Retirement System,AZ,Arizona,Tucson,1,2009.0,2009-06-30,484639.3,-0.2096,0.774
176,Tucson Supplemental RS,Tucson Supplemental Retirement System,AZ,Arizona,Tucson,1,2010.0,2010-06-30,514121.53,0.116,0.71
176,Tucson Supplemental RS,Tucson Supplemental Retirement System,AZ,Arizona,Tucson,1,2011.0,2011-06-30,599711.8,0.2319,0.673
176,Tucson Supplemental RS,Tucson Supplemental Retirement System,AZ,Arizona,Tucson,1,2012.0,2012-06-30,580383.3,0.0239,0.635
176,Tucson Supplemental RS,Tucson Supplemental Retirement System,AZ,Arizona,Tucson,1,2013.0,2013-06-30,641046.2,0.1484,0.633
176,Tucson Supplemental RS,Tucson Supplemental Retirement System,AZ,Arizona,Tucson,1,2014.0,2014-06-30,735739.0,0.1964,0.648
176,Tucson Supplemental RS,Tucson Supplemental Retirement System,AZ,Arizona,Tucson,1,2015.0,2015-06-30,739793.56,0.046,0.692
176,Tucson Supplemental RS,Tucson Supplemental Retirement System,AZ,Arizona,Tucson,1,2016.0,2016-06-30,726782.9,0.0233,0.711
176,Tucson Supplemental RS,Tucson Supplemental Retirement System,AZ,Arizona,Tucson,1,2017.0,2017-06-30,789942.94,0.1477,0.741
176,Tucson Supplemental RS,Tucson Supplemental Retirement System,AZ,Arizona,Tucson,1,2018.0,2018-06-30,823633.5,0.099,0.762
176,Tucson Supplemental RS,Tucson Supplemental Retirement System,AZ,Arizona,Tucson,1,2019.0,2019-06-30,836610.0,0.062,0.728
176,Tucson Supplemental RS,Tucson Supplemental Retirement System,AZ,Arizona,Tucson,1,2020.0,2020-06-30,833171.56,0.042,0.733
176,Tucson Supplemental RS,Tucson Supplemental Retirement System,AZ,Arizona,Tucson,1,2021.0,2021-06-30,1.0133803e+06,0.2714,0.761
177,Lexington-Fayette County Police and Fire,Lexington-Fayette County Policemen's and Firefighters' Retirement Fund,KY,Kentucky,Lexington-Fayette County,3,2015.0,2015-06-30,634715.7,0.0308,0.784
177,Lexington-Fayette County Police and Fire,Lexington-Fayette County Policemen's and Firefighters' Retirement Fund,KY,Kentucky,Lexington-Fayette County,3,2016.0,2016-06-30,619901.1,-0.0023,0.778
177,Lexington-Fayette County Police and Fire,Lexington-Fayette County Policemen's and Firefighters' Retirement Fund,KY,Kentucky,Lexington-Fayette County,3,2017.0,2017-06-30,695183.2,0.062,0.724
177,Lexington-Fayette County Police and Fire,Lexington-Fayette County Policemen's and Firefighters' Retirement Fund,KY,Kentucky,Lexington-Fayette County,3,2018.0,2018-06-30,745171.0,0.1837,0.741
177,Lexington-Fayette County Police and Fire,Lexington-Fayette County Policemen's and Firefighters' Retirement Fund,KY,Kentucky,Lexington-Fayette County,3,2019.0,2019-06-30,766780.7,0.1109,0.742
177,Lexington-Fayette County Police and Fire,Lexington-Fayette County Policemen's and Firefighters' Retirement Fund,KY,Kentucky,Lexington-Fayette County,3,2020.0,2020-06-30,790402.2,0.0906,0.75
177,Lexington-Fayette County Police and Fire,Lexington-Fayette County Policemen's and Firefighters' Retirement Fund,KY,Kentucky,Lexington-Fayette County,3,2021.0,2021-06-30,995270.3,0.0639,0.795
178,Oklahoma City ERS,Oklahoma City Employee Retirement System,OK,Oklahoma,Oklahoma City,1,2002.0,2002-06-30,338631.38,-0.091,1.082
178,Oklahoma City ERS,Oklahoma City Employee Retirement System,OK,Oklahoma,Oklahoma City,1,2004.0,2004-06-30,407403.97,0.14361,0.957
178,Oklahoma City ERS,Oklahoma City Employee Retirement System,OK,Oklahoma,Oklahoma City,1,2005.0,2005-06-30,436848.47,0.086,0.919
178,Oklahoma City ERS,Oklahoma City Employee Retirement System,OK,Oklahoma,Oklahoma City,1,2006.0,2006-06-30,466060.97,0.079,0.971
178,Oklahoma City ERS,Oklahoma City Employee Retirement System,OK,Oklahoma,Oklahoma City,1,2007.0,2007-06-30,529872.94,0.154,1.042
178,Oklahoma City ERS,Oklahoma City Employee Retirement System,OK,Oklahoma,Oklahoma City,1,2008.0,2008-06-30,504840.72,-0.049,1.084
178,Oklahoma City ERS,Oklahoma City Employee Retirement System,OK,Oklahoma,Oklahoma City,1,2009.0,2009-06-30,411894.9,-0.159,1.018
178,Oklahoma City ERS,Oklahoma City Employee Retirement System,OK,Oklahoma,Oklahoma City,1,2010.0,2010-06-30,445162.12,0.119,0.951
178,Oklahoma City ERS,Oklahoma City Employee Retirement System,OK,Oklahoma,Oklahoma City,1,2011.0,2011-06-30,517998.62,0.194,0.926
178,Oklahoma City ERS,Oklahoma City Employee Retirement System,OK,Oklahoma,Oklahoma City,1,2012.0,2012-06-30,519094.2,0.024,0.866
178,Oklahoma City ERS,Oklahoma City Employee Retirement System,OK,Oklahoma,Oklahoma City,1,2013.0,2013-06-30,575221.56,0.127,0.989
178,Oklahoma City ERS,Oklahoma City Employee Retirement System,OK,Oklahoma,Oklahoma City,1,2014.0,2014-06-30,658458.8,0.17,1.013
178,Oklahoma City ERS,Oklahoma City Employee Retirement System,OK,Oklahoma,Oklahoma City,1,2015.0,2015-06-30,670164.0,0.043,1.035
178,Oklahoma City ERS,Oklahoma City Employee Retirement System,OK,Oklahoma,Oklahoma City,1,2016.0,2016-06-30,649123.25,0.003,1.049
178,Oklahoma City ERS,Oklahoma City Employee Retirement System,OK,Oklahoma,Oklahoma City,1,2017.0,2017-06-30,702133.2,0.081,1.047
178,Oklahoma City ERS,Oklahoma City Employee Retirement System,OK,Oklahoma,Oklahoma City,1,2018.0,2018-06-30,739589.9,0.084,1.035
178,Oklahoma City ERS,Oklahoma City Employee Retirement System,OK,Oklahoma,Oklahoma City,1,2019.0,2019-06-30,755496.3,0.055,0.996
178,Oklahoma City ERS,Oklahoma City Employee Retirement System,OK,Oklahoma,Oklahoma City,1,2020.0,2020-06-30,760428.75,0.039,0.961
178,Oklahoma City ERS,Oklahoma City Employee Retirement System,OK,Oklahoma,Oklahoma City,1,2021.0,2021-06-30,944116.75,0.273,0.983
179,Wichita ERS,Wichita Employees' Retirement System,KS,Kansas,Wichita,1,2001.0,2001-12-31,413882.53,-0.0442,1.212
179,Wichita ERS,Wichita Employees' Retirement System,KS,Kansas,Wichita,1,2002.0,2002-12-31,352529.84,-0.116,1.17
179,Wichita ERS,Wichita Employees' Retirement System,KS,Kansas,Wichita,1,2003.0,2003-12-31,415827.72,0.228,1.154
179,Wichita ERS,Wichita Employees' Retirement System,KS,Kansas,Wichita,1,2004.0,2004-12-31,440141.44,0.1,1.121
179,Wichita ERS,Wichita Employees' Retirement System,KS,Kansas,Wichita,1,2005.0,2005-12-31,459562.1,0.0896,1.106
179,Wichita ERS,Wichita Employees' Retirement System,KS,Kansas,Wichita,1,2006.0,2006-12-31,510438.28,0.1533,1.102
179,Wichita ERS,Wichita Employees' Retirement System,KS,Kansas,Wichita,1,2007.0,2007-12-31,545880.9,0.1106,1.105
179,Wichita ERS,Wichita Employees' Retirement System,KS,Kansas,Wichita,1,2008.0,2008-12-31,375864.16,-0.2805,1.001
179,Wichita ERS,Wichita Employees' Retirement System,KS,Kansas,Wichita,1,2009.0,2009-12-31,432285.03,0.2196,0.963
179,Wichita ERS,Wichita Employees' Retirement System,KS,Kansas,Wichita,1,2010.0,2010-12-31,465349.97,0.1364,0.955
179,Wichita ERS,Wichita Employees' Retirement System,KS,Kansas,Wichita,1,2011.0,2011-12-31,444594.4,0.0079,0.925
179,Wichita ERS,Wichita Employees' Retirement System,KS,Kansas,Wichita,1,2012.0,2012-12-31,479665.03,0.1378,0.91
179,Wichita ERS,Wichita Employees' Retirement System,KS,Kansas,Wichita,1,2013.0,2013-12-31,548179.56,0.2022,0.931
179,Wichita ERS,Wichita Employees' Retirement System,KS,Kansas,Wichita,1,2014.0,2014-12-31,552232.8,0.0559,0.949
179,Wichita ERS,Wichita Employees' Retirement System,KS,Kansas,Wichita,1,2015.0,2015-12-31,541247.5,0.0021,0.938
179,Wichita ERS,Wichita Employees' Retirement System,KS,Kansas,Wichita,1,2016.0,2016-12-31,549786.94,0.073,0.929
179,Wichita ERS,Wichita Employees' Retirement System,KS,Kansas,Wichita,1,2017.0,2017-12-31,614778.06,0.1776,0.943
179,Wichita ERS,Wichita Employees' Retirement System,KS,Kansas,Wichita,1,2018.0,2018-12-31,546691.7,-0.0604,0.909
179,Wichita ERS,Wichita Employees' Retirement System,KS,Kansas,Wichita,1,2019.0,2019-12-31,617892.44,0.1977,0.908
179,Wichita ERS,Wichita Employees' Retirement System,KS,Kansas,Wichita,1,2020.0,2020-12-31,667029.1,0.1422,0.928
179,Wichita ERS,Wichita Employees' Retirement System,KS,Kansas,Wichita,1,2021.0,2021-12-31,728717.94,0.1444,0.936
180,New Orleans ERS,New Orleans Employees' Retirement System,LA,Louisiana,New Orleans,1,2003.0,2003-12-31,366380.7,0.21301,1.0407
180,New Orleans ERS,New Orleans Employees' Retirement System,LA,Louisiana,New Orleans,1,2004.0,2004-12-31,391386.47,0.10181,0.9848
180,New Orleans ERS,New Orleans Employees' Retirement System,LA,Louisiana,New Orleans,1,2005.0,2005-12-31,392146.25,0.04318,1.0546
180,New Orleans ERS,New Orleans Employees' Retirement System,LA,Louisiana,New Orleans,1,2006.0,2006-12-31,404600.94,0.11039,1.0649
180,New Orleans ERS,New Orleans Employees' Retirement System,LA,Louisiana,New Orleans,1,2007.0,2007-12-31,412797.94,0.0862,0.9403
180,New Orleans ERS,New Orleans Employees' Retirement System,LA,Louisiana,New Orleans,1,2008.0,2008-12-31,267341.28,-0.3018,0.8462
180,New Orleans ERS,New Orleans Employees' Retirement System,LA,Louisiana,New Orleans,1,2009.0,2009-12-31,310155.44,0.2313,0.809
180,New Orleans ERS,New Orleans Employees' Retirement System,LA,Louisiana,New Orleans,1,2010.0,2010-12-31,334408.84,0.1411,0.7916
180,New Orleans ERS,New Orleans Employees' Retirement System,LA,Louisiana,New Orleans,1,2011.0,2011-12-31,317609.62,-0.013,0.7483
180,New Orleans ERS,New Orleans Employees' Retirement System,LA,Louisiana,New Orleans,1,2012.0,2012-12-31,338607.47,0.1156,0.6822
180,New Orleans ERS,New Orleans Employees' Retirement System,LA,Louisiana,New Orleans,1,2013.0,2013-12-31,372455.0,0.1517,0.6705
180,New Orleans ERS,New Orleans Employees' Retirement System,LA,Louisiana,New Orleans,1,2014.0,2014-12-31,370750.0,0.0417,0.6533
180,New Orleans ERS,New Orleans Employees' Retirement System,LA,Louisiana,New Orleans,1,2015.0,2015-12-31,339098.0,-0.0369,0.6527
180,New Orleans ERS,New Orleans Employees' Retirement System,LA,Louisiana,New Orleans,1,2016.0,2016-12-31,353610.0,0.0926,0.6202
180,New Orleans ERS,New Orleans Employees' Retirement System,LA,Louisiana,New Orleans,1,2017.0,2017-12-31,391828.0,0.1553,0.61647
180,New Orleans ERS,New Orleans Employees' Retirement System,LA,Louisiana,New Orleans,1,2018.0,2018-12-31,365738.0,-0.0432,0.61216
180,New Orleans ERS,New Orleans Employees' Retirement System,LA,Louisiana,New Orleans,1,2019.0,2019-12-31,418971.0,0.1886,0.58782
180,New Orleans ERS,New Orleans Employees' Retirement System,LA,Louisiana,New Orleans,1,2020.0,2020-12-31,460642.03,0.1424,0.5884
180,New Orleans ERS,New Orleans Employees' Retirement System,LA,Louisiana,New Orleans,1,2021.0,2021-12-31,510029.84,0.1637,0.59586
181,New Castle County Pension,New Castle County Pension Program,DE,Delaware,New Castle County,1,2003.0,2003-06-30,289157.44,0.01523,1.073
181,New Castle County Pension,New Castle County Pension Program,DE,Delaware,New Castle County,1,2004.0,2004-06-30,326543.72,0.15154,0.968
181,New Castle County Pension,New Castle County Pension Program,DE,Delaware,New Castle County,1,2005.0,2005-06-30,357081.97,0.10898,0.909
181,New Castle County Pension,New Castle County Pension Program,DE,Delaware,New Castle County,1,2006.0,2006-06-30,390344.0,0.10795,0.892
181,New Castle County Pension,New Castle County Pension Program,DE,Delaware,New Castle County,1,2007.0,2007-06-30,449828.56,0.17,0.911
181,New Castle County Pension,New Castle County Pension Program,DE,Delaware,New Castle County,1,2008.0,2008-06-30,410886.28,-0.0664,0.929
181,New Castle County Pension,New Castle County Pension Program,DE,Delaware,New Castle County,1,2009.0,2009-06-30,310326.2,-0.2205,0.774
181,New Castle County Pension,New Castle County Pension Program,DE,Delaware,New Castle County,1,2010.0,2010-06-30,340860.03,0.1439,0.878
181,New Castle County Pension,New Castle County Pension Program,DE,Delaware,New Castle County,1,2011.0,2011-06-30,396162.28,0.2121,0.87
181,New Castle County Pension,New Castle County Pension Program,DE,Delaware,New Castle County,1,2012.0,2012-06-30,372917.34,-0.0198,0.789
181,New Castle County Pension,New Castle County Pension Program,DE,Delaware,New Castle County,1,2013.0,2013-06-30,398676.62,0.117,0.722
181,New Castle County Pension,New Castle County Pension Program,DE,Delaware,New Castle County,1,2014.0,2014-06-30,428424.06,0.1238,0.745
181,New Castle County Pension,New Castle County Pension Program,DE,Delaware,New Castle County,1,2015.0,2015-06-30,427521.5,0.0364,0.753
181,New Castle County Pension,New Castle County Pension Program,DE,Delaware,New Castle County,1,2016.0,2016-06-30,400021.03,-0.0214,0.749
181,New Castle County Pension,New Castle County Pension Program,DE,Delaware,New Castle County,1,2017.0,2017-06-30,425727.25,0.1187,0.75
181,New Castle County Pension,New Castle County Pension Program,DE,Delaware,New Castle County,1,2018.0,2018-06-30,445967.47,0.0885,0.73
181,New Castle County Pension,New Castle County Pension Program,DE,Delaware,New Castle County,1,2019.0,2019-06-30,454154.62,0.0616,0.681
181,New Castle County Pension,New Castle County Pension Program,DE,Delaware,New Castle County,1,2020.0,2020-06-30,457082.94,0.0418,0.679
181,New Castle County Pension,New Castle County Pension Program,DE,Delaware,New Castle County,1,2021.0,2021-06-30,552356.44,0.2419,0.673
182,Charlotte (NC) Firefighters' RS,Charlotte Firefighters' Retirement System,NC,North Carolina,Charlotte,3,2001.0,2001-06-30,239905.0,-0.0534,0.968
182,Charlotte (NC) Firefighters' RS,Charlotte Firefighters' Retirement System,NC,North Carolina,Charlotte,3,2002.0,2002-06-30,224012.0,-0.0416,0.956
182,Charlotte (NC) Firefighters' RS,Charlotte Firefighters' Retirement System,NC,North Carolina,Charlotte,3,2003.0,2003-06-30,227137.0,0.0407,0.939
182,Charlotte (NC) Firefighters' RS,Charlotte Firefighters' Retirement System,NC,North Carolina,Charlotte,3,2004.0,2004-06-30,263340.0,0.1811,0.941
182,Charlotte (NC) Firefighters' RS,Charlotte Firefighters' Retirement System,NC,North Carolina,Charlotte,3,2005.0,2005-06-30,286021.0,0.1054,0.97
182,Charlotte (NC) Firefighters' RS,Charlotte Firefighters' Retirement System,NC,North Carolina,Charlotte,3,2006.0,2006-06-30,311544.0,0.1083,0.978
182,Charlotte (NC) Firefighters' RS,Charlotte Firefighters' Retirement System,NC,North Carolina,Charlotte,3,2007.0,2007-06-30,364151.0,0.1871,1.005
182,Charlotte (NC) Firefighters' RS,Charlotte Firefighters' Retirement System,NC,North Carolina,Charlotte,3,2008.0,2008-06-30,342896.0,-0.0449,0.992
182,Charlotte (NC) Firefighters' RS,Charlotte Firefighters' Retirement System,NC,North Carolina,Charlotte,3,2009.0,2009-06-30,272104.0,-0.1923,0.957
182,Charlotte (NC) Firefighters' RS,Charlotte Firefighters' Retirement System,NC,North Carolina,Charlotte,3,2010.0,2010-06-30,295685.0,0.109,0.905
182,Charlotte (NC) Firefighters' RS,Charlotte Firefighters' Retirement System,NC,North Carolina,Charlotte,3,2011.0,2011-06-30,366070.0,0.2622,0.895
182,Charlotte (NC) Firefighters' RS,Charlotte Firefighters' Retirement System,NC,North Carolina,Charlotte,3,2012.0,2012-06-30,362392.0,0.0114,0.85
182,Charlotte (NC) Firefighters' RS,Charlotte Firefighters' Retirement System,NC,North Carolina,Charlotte,3,2013.0,2013-06-30,407497.0,0.1482,0.844
182,Charlotte (NC) Firefighters' RS,Charlotte Firefighters' Retirement System,NC,North Carolina,Charlotte,3,2014.0,2014-06-30,473575.0,0.1873,0.889
182,Charlotte (NC) Firefighters' RS,Charlotte Firefighters' Retirement System,NC,North Carolina,Charlotte,3,2015.0,2015-06-30,484575.0,0.0487,0.927
182,Charlotte (NC) Firefighters' RS,Charlotte Firefighters' Retirement System,NC,North Carolina,Charlotte,3,2016.0,2016-06-30,475120.0,0.0105,0.869
182,Charlotte (NC) Firefighters' RS,Charlotte Firefighters' Retirement System,NC,North Carolina,Charlotte,3,2017.0,2017-06-30,519764.0,0.1288,0.862
182,Charlotte (NC) Firefighters' RS,Charlotte Firefighters' Retirement System,NC,North Carolina,Charlotte,3,2018.0,2018-06-30,551892.0,0.0973,0.876
182,Charlotte (NC) Firefighters' RS,Charlotte Firefighters' Retirement System,NC,North Carolina,Charlotte,3,2019.0,2019-06-30,558868.0,0.0461,0.827
182,Charlotte (NC) Firefighters' RS,Charlotte Firefighters' Retirement System,NC,North Carolina,Charlotte,3,2020.0,2020-06-30,558040.0,0.0332,0.765
182,Charlotte (NC) Firefighters' RS,Charlotte Firefighters' Retirement System,NC,North Carolina,Charlotte,3,2021.0,2021-06-30,676330.0,0.2535,0.769
183,Pittsburgh Police,Pittsburgh Policemen's Relief and Pension Fund,PA,Pennsylvania,Pittsburgh,3,2005.0,2005-12-31,113795.7,0.076,0.34784
183,Pittsburgh Police,Pittsburgh Policemen's Relief and Pension Fund,PA,Pennsylvania,Pittsburgh,3,2006.0,2006-12-31,114889.07,0.121,0.325
183,Pittsburgh Police,Pittsburgh Policemen's Relief and Pension Fund,PA,Pennsylvania,Pittsburgh,3,2007.0,2007-12-31,118795.04,0.116,0.33504
183,Pittsburgh Police,Pittsburgh Policemen's Relief and Pension Fund,PA,Pennsylvania,Pittsburgh,3,2008.0,2008-12-31,81203.836,-0.27,0.2722
183,Pittsburgh Police,Pittsburgh Policemen's Relief and Pension Fund,PA,Pennsylvania,Pittsburgh,3,2009.0,2009-12-31,84764.516,0.233,0.28406
183,Pittsburgh Police,Pittsburgh Policemen's Relief and Pension Fund,PA,Pennsylvania,Pittsburgh,3,2010.0,2010-12-31,216050.2,0.056,0.3257
183,Pittsburgh Police,Pittsburgh Policemen's Relief and Pension Fund,PA,Pennsylvania,Pittsburgh,3,2011.0,2011-12-31,215520.53,-0.025,0.30477
183,Pittsburgh Police,Pittsburgh Policemen's Relief and Pension Fund,PA,Pennsylvania,Pittsburgh,3,2012.0,2012-12-31,227007.77,0.141,0.566
183,Pittsburgh Police,Pittsburgh Policemen's Relief and Pension Fund,PA,Pennsylvania,Pittsburgh,3,2013.0,2013-12-31,240720.69,0.176,0.59401
183,Pittsburgh Police,Pittsburgh Policemen's Relief and Pension Fund,PA,Pennsylvania,Pittsburgh,3,2014.0,2014-12-31,247240.38,0.0648,0.555
183,Pittsburgh Police,Pittsburgh Policemen's Relief and Pension Fund,PA,Pennsylvania,Pittsburgh,3,2015.0,2015-12-31,245029.34,0.0,0.55091
183,Pittsburgh Police,Pittsburgh Policemen's Relief and Pension Fund,PA,Pennsylvania,Pittsburgh,3,2016.0,2016-12-31,256004.62,0.084,0.54
183,Pittsburgh Police,Pittsburgh Policemen's Relief and Pension Fund,PA,Pennsylvania,Pittsburgh,3,2017.0,2017-12-31,271746.12,0.148,0.56469
183,Pittsburgh Police,Pittsburgh Policemen's Relief and Pension Fund,PA,Pennsylvania,Pittsburgh,3,2018.0,2018-12-31,264759.9,-0.046,0.5517
184,Anchorage Police and Fire,Anchorage Police and Fire Retirement System,AK,Alaska,Anchorage,3,2014.0,2014-12-31,344567.3,0.0596,0.86007
184,Anchorage Police and Fire,Anchorage Police and Fire Retirement System,AK,Alaska,Anchorage,3,2015.0,2015-12-31,319620.25,0.0092,0.79503
185,Sioux Falls ERS,Sioux Falls City Employee's Retirement System (CERS),SD,South Dakota,Sioux Falls,1,2017.0,2017-12-31,469402.0,0.1668,1.023
185,Sioux Falls ERS,Sioux Falls City Employee's Retirement System (CERS),SD,South Dakota,Sioux Falls,1,2018.0,2018-12-31,441174.44,-0.043,1.014
185,Sioux Falls ERS,Sioux Falls City Employee's Retirement System (CERS),SD,South Dakota,Sioux Falls,1,2019.0,2019-12-31,517498.9,0.2011,0.99
185,Sioux Falls ERS,Sioux Falls City Employee's Retirement System (CERS),SD,South Dakota,Sioux Falls,1,2020.0,2020-12-31,569756.3,0.1276,1.013
185,Sioux Falls ERS,Sioux Falls City Employee's Retirement System (CERS),SD,South Dakota,Sioux Falls,1,2021.0,2021-12-31,635932.2,0.1421,1.156
187,Burlington (VT) ERS,Burlington Employees Retirement System,VT,Vermont,Burlington,1,2009.0,2009-06-30,95164.36,-0.195,0.7668
187,Burlington (VT) ERS,Burlington Employees Retirement System,VT,Vermont,Burlington,1,2010.0,2010-06-30,111790.02,0.187,0.7283
187,Burlington (VT) ERS,Burlington Employees Retirement System,VT,Vermont,Burlington,1,2011.0,2011-06-30,134081.08,0.207,0.7103
187,Burlington (VT) ERS,Burlington Employees Retirement System,VT,Vermont,Burlington,1,2012.0,2012-06-30,135534.66,0.019,0.702
187,Burlington (VT) ERS,Burlington Employees Retirement System,VT,Vermont,Burlington,1,2013.0,2013-06-30,145658.67,0.082,0.694
187,Burlington (VT) ERS,Burlington Employees Retirement System,VT,Vermont,Burlington,1,2014.0,2014-06-30,164174.23,0.1362,0.7105
187,Burlington (VT) ERS,Burlington Employees Retirement System,VT,Vermont,Burlington,1,2015.0,2015-06-30,161715.86,-0.0015,0.7334
187,Burlington (VT) ERS,Burlington Employees Retirement System,VT,Vermont,Burlington,1,2016.0,2016-06-30,156789.38,-0.0015,0.7145
187,Burlington (VT) ERS,Burlington Employees Retirement System,VT,Vermont,Burlington,1,2017.0,2017-06-30,175471.3,-0.013,0.728
187,Burlington (VT) ERS,Burlington Employees Retirement System,VT,Vermont,Burlington,1,2018.0,2018-06-30,189010.05,0.1025,0.732
187,Burlington (VT) ERS,Burlington Employees Retirement System,VT,Vermont,Burlington,1,2019.0,2019-06-30,194713.45,0.052,0.728
187,Burlington (VT) ERS,Burlington Employees Retirement System,VT,Vermont,Burlington,1,2020.0,2020-06-30,194588.16,0.0525,0.716
187,Burlington (VT) ERS,Burlington Employees Retirement System,VT,Vermont,Burlington,1,2021.0,2021-06-30,248934.92,0.311,0.706
190,Manchester ERS,Manchester Employees' Contributory Retirement System,NH,New Hampshire,Manchester,1,2001.0,2001-12-31,85786.16,-0.0582,0.984
190,Manchester ERS,Manchester Employees' Contributory Retirement System,NH,New Hampshire,Manchester,1,2002.0,2002-12-31,74796.55,-0.107,0.845
190,Manchester ERS,Manchester Employees' Contributory Retirement System,NH,New Hampshire,Manchester,1,2003.0,2003-12-31,95632.74,0.279,0.819
190,Manchester ERS,Manchester Employees' Contributory Retirement System,NH,New Hampshire,Manchester,1,2004.0,2004-12-31,106244.45,0.111,0.822
190,Manchester ERS,Manchester Employees' Contributory Retirement System,NH,New Hampshire,Manchester,1,2005.0,2005-12-31,115634.18,0.084,0.77
190,Manchester ERS,Manchester Employees' Contributory Retirement System,NH,New Hampshire,Manchester,1,2006.0,2006-12-31,132602.78,0.141,0.732
190,Manchester ERS,Manchester Employees' Contributory Retirement System,NH,New Hampshire,Manchester,1,2007.0,2007-12-31,147179.42,0.116,0.742
190,Manchester ERS,Manchester Employees' Contributory Retirement System,NH,New Hampshire,Manchester,1,2008.0,2008-12-31,104243.03,-0.29,0.625
190,Manchester ERS,Manchester Employees' Contributory Retirement System,NH,New Hampshire,Manchester,1,2009.0,2009-12-31,125437.98,0.201,0.605
190,Manchester ERS,Manchester Employees' Contributory Retirement System,NH,New Hampshire,Manchester,1,2010.0,2010-12-31,144224.62,0.144,0.624
190,Manchester ERS,Manchester Employees' Contributory Retirement System,NH,New Hampshire,Manchester,1,2011.0,2011-12-31,140551.16,-0.03,0.616
190,Manchester ERS,Manchester Employees' Contributory Retirement System,NH,New Hampshire,Manchester,1,2012.0,2012-12-31,159773.78,0.111,0.616
190,Manchester ERS,Manchester Employees' Contributory Retirement System,NH,New Hampshire,Manchester,1,2013.0,2013-12-31,185866.72,0.165,0.635
190,Manchester ERS,Manchester Employees' Contributory Retirement System,NH,New Hampshire,Manchester,1,2014.0,2014-12-31,191879.47,0.043,0.643
190,Manchester ERS,Manchester Employees' Contributory Retirement System,NH,New Hampshire,Manchester,1,2015.0,2015-12-31,186492.4,-0.02,0.633
190,Manchester ERS,Manchester Employees' Contributory Retirement System,NH,New Hampshire,Manchester,1,2016.0,2016-12-31,191930.27,0.071,0.637
190,Manchester ERS,Manchester Employees' Contributory Retirement System,NH,New Hampshire,Manchester,1,2017.0,2017-12-31,219236.53,0.162,0.63
190,Manchester ERS,Manchester Employees' Contributory Retirement System,NH,New Hampshire,Manchester,1,2018.0,2018-12-31,203855.06,-0.05,0.62
190,Manchester ERS,Manchester Employees' Contributory Retirement System,NH,New Hampshire,Manchester,1,2019.0,2019-12-31,232795.2,0.165,0.618
190,Manchester ERS,Manchester Employees' Contributory Retirement System,NH,New Hampshire,Manchester,1,2020.0,2020-12-31,259929.36,0.142,0.592
190,Manchester ERS,Manchester Employees' Contributory Retirement System,NH,New Hampshire,Manchester,1,2021.0,2021-12-31,287263.22,0.103,0.622
192,Bismarck Employees' Pension Plan,Bismarck City Employees' Pension Plan,ND,North Dakota,Bismarck,1,2001.0,2001-12-31,22650.248,-0.01582,0.906
192,Bismarck Employees' Pension Plan,Bismarck City Employees' Pension Plan,ND,North Dakota,Bismarck,1,2002.0,2002-12-31,20156.25,-0.08499,0.872
192,Bismarck Employees' Pension Plan,Bismarck City Employees' Pension Plan,ND,North Dakota,Bismarck,1,2003.0,2003-12-31,34646.79,0.71749,0.886
192,Bismarck Employees' Pension Plan,Bismarck City Employees' Pension Plan,ND,North Dakota,Bismarck,1,2004.0,2004-12-31,38949.695,0.1044,0.885
192,Bismarck Employees' Pension Plan,Bismarck City Employees' Pension Plan,ND,North Dakota,Bismarck,1,2005.0,2005-12-31,42836.387,0.09734,0.877
192,Bismarck Employees' Pension Plan,Bismarck City Employees' Pension Plan,ND,North Dakota,Bismarck,1,2006.0,2006-12-31,49153.64,0.12471,0.967
192,Bismarck Employees' Pension Plan,Bismarck City Employees' Pension Plan,ND,North Dakota,Bismarck,1,2007.0,2007-12-31,54224.41,0.08319,0.98
192,Bismarck Employees' Pension Plan,Bismarck City Employees' Pension Plan,ND,North Dakota,Bismarck,1,2008.0,2008-12-31,43690.844,-0.21498,0.737
192,Bismarck Employees' Pension Plan,Bismarck City Employees' Pension Plan,ND,North Dakota,Bismarck,1,2009.0,2009-12-31,50883.84,0.12814,0.794
192,Bismarck Employees' Pension Plan,Bismarck City Employees' Pension Plan,ND,North Dakota,Bismarck,1,2010.0,2010-12-31,57154.71,0.10921,0.832
192,Bismarck Employees' Pension Plan,Bismarck City Employees' Pension Plan,ND,North Dakota,Bismarck,1,2011.0,2011-12-31,59108.805,0.02119,0.878
192,Bismarck Employees' Pension Plan,Bismarck City Employees' Pension Plan,ND,North Dakota,Bismarck,1,2012.0,2012-12-31,67402.37,0.12816,0.928
192,Bismarck Employees' Pension Plan,Bismarck City Employees' Pension Plan,ND,North Dakota,Bismarck,1,2013.0,2013-12-31,76786.99,0.13475,1.013
192,Bismarck Employees' Pension Plan,Bismarck City Employees' Pension Plan,ND,North Dakota,Bismarck,1,2014.0,2014-12-31,81274.33,0.064,0.9882
192,Bismarck Employees' Pension Plan,Bismarck City Employees' Pension Plan,ND,North Dakota,Bismarck,1,2015.0,2015-12-31,81585.13,0.011,0.8987
192,Bismarck Employees' Pension Plan,Bismarck City Employees' Pension Plan,ND,North Dakota,Bismarck,1,2016.0,2016-12-31,86746.76,0.071,0.8985
192,Bismarck Employees' Pension Plan,Bismarck City Employees' Pension Plan,ND,North Dakota,Bismarck,1,2017.0,2017-12-31,98665.94,0.15,0.91779
192,Bismarck Employees' Pension Plan,Bismarck City Employees' Pension Plan,ND,North Dakota,Bismarck,1,2018.0,2018-12-31,95023.66,-0.03,0.83471
192,Bismarck Employees' Pension Plan,Bismarck City Employees' Pension Plan,ND,North Dakota,Bismarck,1,2019.0,2019-12-31,108950.16,0.165,0.91637
192,Bismarck Employees' Pension Plan,Bismarck City Employees' Pension Plan,ND,North Dakota,Bismarck,1,2020.0,2020-12-31,118296.16,0.109,0.94845
193,Des Moines Water Works,Des Moines Water Works Pension Plan,IA,Iowa,Des Moines City,1,2018.0,2018-12-31,49298.555,-0.0487,0.85
193,Des Moines Water Works,Des Moines Water Works Pension Plan,IA,Iowa,Des Moines City,1,2019.0,2019-12-31,56080.637,0.1798,0.86
193,Des Moines Water Works,Des Moines Water Works Pension Plan,IA,Iowa,Des Moines City,1,2021.0,2021-12-31,63863.6,0.0829,0.85
195,Delaware County and Municipal Employees,Delaware County and Municipal Other Employees,DE,Delaware,Delaware,1,2001.0,2001-06-30,2833.0,-0.051,1.123
195,Delaware County and Municipal Employees,Delaware County and Municipal Other Employees,DE,Delaware,Delaware,1,2002.0,2002-06-30,2735.0,-0.063,1.077
195,Delaware County and Municipal Employees,Delaware County and Municipal Other Employees,DE,Delaware,Delaware,1,2003.0,2003-06-30,3242.0,0.031,1.081
195,Delaware County and Municipal Employees,Delaware County and Municipal Other Employees,DE,Delaware,Delaware,1,2004.0,2004-06-30,4162.0,0.159,1.28
195,Delaware County and Municipal Employees,Delaware County and Municipal Other Employees,DE,Delaware,Delaware,1,2005.0,2005-06-30,6959.0,0.096,1.048
195,Delaware County and Municipal Employees,Delaware County and Municipal Other Employees,DE,Delaware,Delaware,1,2006.0,2006-06-30,8673.0,0.124,0.925
195,Delaware County and Municipal Employees,Delaware County and Municipal Other Employees,DE,Delaware,Delaware,1,2007.0,2007-06-30,11187.0,0.159,0.899
195,Delaware County and Municipal Employees,Delaware County and Municipal Other Employees,DE,Delaware,Delaware,1,2008.0,2008-06-30,12739.0,-0.013,0.907
195,Delaware County and Municipal Employees,Delaware County and Municipal Other Employees,DE,Delaware,Delaware,1,2009.0,2009-06-30,13266.0,-0.158,0.898
195,Delaware County and Municipal Employees,Delaware County and Municipal Other Employees,DE,Delaware,Delaware,1,2010.0,2010-06-30,16483.0,0.141,0.887
195,Delaware County and Municipal Employees,Delaware County and Municipal Other Employees,DE,Delaware,Delaware,1,2011.0,2011-06-30,21615.0,0.243,0.904
195,Delaware County and Municipal Employees,Delaware County and Municipal Other Employees,DE,Delaware,Delaware,1,2012.0,2012-06-30,23496.0,0.02,0.947
195,Delaware County and Municipal Employees,Delaware County and Municipal Other Employees,DE,Delaware,Delaware,1,2013.0,2013-06-30,27728.0,0.111,0.938
195,Delaware County and Municipal Employees,Delaware County and Municipal Other Employees,DE,Delaware,Delaware,1,2014.0,2014-06-30,34688.0,0.173,0.984
195,Delaware County and Municipal Employees,Delaware County and Municipal Other Employees,DE,Delaware,Delaware,1,2015.0,2015-06-30,37840.0,0.036,0.942
195,Delaware County and Municipal Employees,Delaware County and Municipal Other Employees,DE,Delaware,Delaware,1,2016.0,2016-06-30,39292.0,-0.015,0.909
195,Delaware County and Municipal Employees,Delaware County and Municipal Other Employees,DE,Delaware,Delaware,1,2017.0,2017-06-30,45874.0,0.11,0.921
195,Delaware County and Municipal Employees,Delaware County and Municipal Other Employees,DE,Delaware,Delaware,1,2018.0,2018-06-30,53122.0,0.104,0.925
195,Delaware County and Municipal Employees,Delaware County and Municipal Other Employees,DE,Delaware,Delaware,1,2019.0,2019-06-30,58536.0,0.048,0.94
195,Delaware County and Municipal Employees,Delaware County and Municipal Other Employees,DE,Delaware,Delaware,1,2020.0,2020-06-30,67470.0,0.058,0.925
195,Delaware County and Municipal Employees,Delaware County and Municipal Other Employees,DE,Delaware,Delaware,1,2021.0,2021-06-30,96932.0,0.381,1.014
196,Pittsburgh Municipal,Pittsburgh Municipal Employees,PA,Pennsylvania,Pittsburgh,1,2005.0,2005-12-30,110504.34,0.076,0.48608
196,Pittsburgh Municipal,Pittsburgh Municipal Employees,PA,Pennsylvania,Pittsburgh,1,2006.0,2006-12-30,117692.55,0.121,0.4959
196,Pittsburgh Municipal,Pittsburgh Municipal Employees,PA,Pennsylvania,Pittsburgh,1,2007.0,2007-12-30,125810.04,0.116,0.50394
196,Pittsburgh Municipal,Pittsburgh Municipal Employees,PA,Pennsylvania,Pittsburgh,1,2008.0,2008-12-30,88709.64,-0.27,0.4309
196,Pittsburgh Municipal,Pittsburgh Municipal Employees,PA,Pennsylvania,Pittsburgh,1,2009.0,2009-12-30,99494.77,0.233,0.43878
196,Pittsburgh Municipal,Pittsburgh Municipal Employees,PA,Pennsylvania,Pittsburgh,1,2010.0,2010-12-30,166610.55,0.056,0.4686
196,Pittsburgh Municipal,Pittsburgh Municipal Employees,PA,Pennsylvania,Pittsburgh,1,2011.0,2011-12-30,166785.81,-0.025,0.43413
196,Pittsburgh Municipal,Pittsburgh Municipal Employees,PA,Pennsylvania,Pittsburgh,1,2012.0,2012-12-30,179409.19,0.141,0.6238
196,Pittsburgh Municipal,Pittsburgh Municipal Employees,PA,Pennsylvania,Pittsburgh,1,2013.0,2013-12-30,194539.47,0.176,0.64112
196,Pittsburgh Municipal,Pittsburgh Municipal Employees,PA,Pennsylvania,Pittsburgh,1,2014.0,2014-12-30,202613.84,0.0648,0.608
196,Pittsburgh Municipal,Pittsburgh Municipal Employees,PA,Pennsylvania,Pittsburgh,1,2015.0,2015-12-30,199792.9,0.0,0.60374
196,Pittsburgh Municipal,Pittsburgh Municipal Employees,PA,Pennsylvania,Pittsburgh,1,2016.0,2016-12-30,210405.66,0.084,0.6033
196,Pittsburgh Municipal,Pittsburgh Municipal Employees,PA,Pennsylvania,Pittsburgh,1,2017.0,2017-12-30,230862.83,0.148,0.61557
196,Pittsburgh Municipal,Pittsburgh Municipal Employees,PA,Pennsylvania,Pittsburgh,1,2018.0,2018-12-30,223576.03,-0.046,0.6188
197,Louisiana Municipal Employees,Louisiana Municipal Employees,LA,Louisiana,Louisiana,1,2018.0,2018-06-30,895511.0,0.04666,0.70981
197,Louisiana Municipal Employees,Louisiana Municipal Employees,LA,Louisiana,Louisiana,1,2019.0,2019-06-30,935930.8,0.09375,0.69466
197,Louisiana Municipal Employees,Louisiana Municipal Employees,LA,Louisiana,Louisiana,1,2020.0,2020-06-30,964250.2,0.02485,0.69303
197,Louisiana Municipal Employees,Louisiana Municipal Employees,LA,Louisiana,Louisiana,1,2021.0,2021-06-30,1.1954681e+06,0.25735,0.72833
199,Vermont Municipal Employees,Vermont Municipal Employees,VT,Vermont,Vermont,1,2003.0,2003-06-30,197494.53,0.019,1.02
199,Vermont Municipal Employees,Vermont Municipal Employees,VT,Vermont,Vermont,1,2004.0,2004-06-30,232889.56,0.148,1.035
199,Vermont Municipal Employees,Vermont Municipal Employees,VT,Vermont,Vermont,1,2005.0,2005-06-30,258466.73,0.081,1.044
199,Vermont Municipal Employees,Vermont Municipal Employees,VT,Vermont,Vermont,1,2006.0,2006-06-30,293298.88,0.113,1.044
199,Vermont Municipal Employees,Vermont Municipal Employees,VT,Vermont,Vermont,1,2007.0,2007-06-30,347840.47,0.166,1.051
199,Vermont Municipal Employees,Vermont Municipal Employees,VT,Vermont,Vermont,1,2008.0,2008-06-30,327060.1,-0.061,1.015
199,Vermont Municipal Employees,Vermont Municipal Employees,VT,Vermont,Vermont,1,2009.0,2009-06-30,276172.44,-0.182,0.903
199,Vermont Municipal Employees,Vermont Municipal Employees,VT,Vermont,Vermont,1,2010.0,2010-06-30,331888.44,0.183,0.92
199,Vermont Municipal Employees,Vermont Municipal Employees,VT,Vermont,Vermont,1,2011.0,2011-06-30,406901.56,0.21,0.923
199,Vermont Municipal Employees,Vermont Municipal Employees,VT,Vermont,Vermont,1,2012.0,2012-06-30,420540.06,0.024,0.854
199,Vermont Municipal Employees,Vermont Municipal Employees,VT,Vermont,Vermont,1,2013.0,2013-06-30,463186.44,0.088,0.844
199,Vermont Municipal Employees,Vermont Municipal Employees,VT,Vermont,Vermont,1,2014.0,2014-06-30,534525.5,0.067,0.862
199,Vermont Municipal Employees,Vermont Municipal Employees,VT,Vermont,Vermont,1,2015.0,2015-06-30,535903.75,0.023,0.778
199,Vermont Municipal Employees,Vermont Municipal Employees,VT,Vermont,Vermont,1,2016.0,2016-06-30,547015.1,0.011,0.781
199,Vermont Municipal Employees,Vermont Municipal Employees,VT,Vermont,Vermont,1,2017.0,2017-06-30,619510.3,0.108,0.8408
199,Vermont Municipal Employees,Vermont Municipal Employees,VT,Vermont,Vermont,1,2018.0,2018-06-30,667848.9,0.067,0.8216
199,Vermont Municipal Employees,Vermont Municipal Employees,VT,Vermont,Vermont,1,2019.0,2019-06-30,709465.8,0.058,0.8014
199,Vermont Municipal Employees,Vermont Municipal Employees,VT,Vermont,Vermont,1,2020.0,2020-06-30,740052.9,0.039,0.758
199,Vermont Municipal Employees,Vermont Municipal Employees,VT,Vermont,Vermont,1,2021.0,2021-06-30,926034.3,0.2432,0.7793
200,St. Louis Employees,St. Louis Employees,MO,Missouri,St. Louis,1,2007.0,2007-09-30,688132.0,0.1465,0.8826
200,St. Louis Employees,St. Louis Employees,MO,Missouri,St. Louis,1,2008.0,2008-09-30,590882.0,-0.1276,0.8801
200,St. Louis Employees,St. Louis Employees,MO,Missouri,St. Louis,1,2009.0,2009-09-30,556390.0,-0.0309,0.8402
200,St. Louis Employees,St. Louis Employees,MO,Missouri,St. Louis,1,2010.0,2010-09-30,593107.0,0.1011,0.8184
200,St. Louis Employees,St. Louis Employees,MO,Missouri,St. Louis,1,2011.0,2011-09-30,585587.0,0.0179,0.7864
200,St. Louis Employees,St. Louis Employees,MO,Missouri,St. Louis,1,2012.0,2012-09-30,664137.0,0.1695,0.7533
200,St. Louis Employees,St. Louis Employees,MO,Missouri,St. Louis,1,2013.0,2013-09-30,730490.0,0.1304,0.7706
200,St. Louis Employees,St. Louis Employees,MO,Missouri,St. Louis,1,2014.0,2014-09-30,780495.0,0.0971,0.8092
200,St. Louis Employees,St. Louis Employees,MO,Missouri,St. Louis,1,2015.0,2015-09-30,727997.0,-0.0379,0.8062
200,St. Louis Employees,St. Louis Employees,MO,Missouri,St. Louis,1,2016.0,2016-09-30,764901.06,0.0945,0.8188
200,St. Louis Employees,St. Louis Employees,MO,Missouri,St. Louis,1,2017.0,2017-09-30,816915.6,0.119,0.8266
200,St. Louis Employees,St. Louis Employees,MO,Missouri,St. Louis,1,2018.0,2018-09-30,827355.1,0.0648,0.8339
200,St. Louis Employees,St. Louis Employees,MO,Missouri,St. Louis,1,2019.0,2019-09-30,797777.75,0.01512,0.818
200,St. Louis Employees,St. Louis Employees,MO,Missouri,St. Louis,1,2020.0,2020-09-30,800291.7,0.05803,0.7762
200,St. Louis Employees,St. Louis Employees,MO,Missouri,St. Louis,1,2021.0,2021-09-30,920789.8,0.21099,0.7925
201,Dallas ERS,Dallas Employees Retirement System,TX,Texas,Dallas,1,2001.0,2001-12-31,1.76991e+06,-0.0528,0.886
201,Dallas ERS,Dallas Employees Retirement System,TX,Texas,Dallas,1,2002.0,2002-12-31,1.554794e+06,-0.0972,0.7767
201,Dallas ERS,Dallas Employees Retirement System,TX,Texas,Dallas,1,2003.0,2003-12-31,1.909749e+06,0.2666,0.7405
201,Dallas ERS,Dallas Employees Retirement System,TX,Texas,Dallas,1,2004.0,2004-12-31,2.134357e+06,0.1561,0.9975
201,Dallas ERS,Dallas Employees Retirement System,TX,Texas,Dallas,1,2005.0,2005-12-31,2.798535e+06,0.0827,1.0511
201,Dallas ERS,Dallas Employees Retirement System,TX,Texas,Dallas,1,2006.0,2006-12-31,3.171534e+06,0.1733,1.0857
201,Dallas ERS,Dallas Employees Retirement System,TX,Texas,Dallas,1,2007.0,2007-12-31,3.18541e+06,0.0373,1.092
201,Dallas ERS,Dallas Employees Retirement System,TX,Texas,Dallas,1,2008.0,2008-12-31,2.103265e+06,-0.3085,0.9617
201,Dallas ERS,Dallas Employees Retirement System,TX,Texas,Dallas,1,2009.0,2009-12-31,2.6002e+06,0.3062,0.9497
201,Dallas ERS,Dallas Employees Retirement System,TX,Texas,Dallas,1,2010.0,2010-12-31,2.868196e+06,0.1577,0.9224
201,Dallas ERS,Dallas Employees Retirement System,TX,Texas,Dallas,1,2011.0,2011-12-31,2.748461e+06,0.0088,0.86
201,Dallas ERS,Dallas Employees Retirement System,TX,Texas,Dallas,1,2012.0,2012-12-31,2.983671e+06,0.1429,0.8089
201,Dallas ERS,Dallas Employees Retirement System,TX,Texas,Dallas,1,2013.0,2013-12-31,3.33236e+06,0.169,0.8514
201,Dallas ERS,Dallas Employees Retirement System,TX,Texas,Dallas,1,2014.0,2014-12-31,3.398485e+06,0.0647,0.8094
201,Dallas ERS,Dallas Employees Retirement System,TX,Texas,Dallas,1,2015.0,2015-12-31,3.202208e+06,-0.0177,0.8041
201,Dallas ERS,Dallas Employees Retirement System,TX,Texas,Dallas,1,2016.0,2016-12-31,3.352043e+06,0.0917,0.8042
201,Dallas ERS,Dallas Employees Retirement System,TX,Texas,Dallas,1,2017.0,2017-12-31,3.61226e+06,0.1329,0.8227
201,Dallas ERS,Dallas Employees Retirement System,TX,Texas,Dallas,1,2018.0,2018-12-31,3.282313e+06,-0.0443,0.7997
201,Dallas ERS,Dallas Employees Retirement System,TX,Texas,Dallas,1,2019.0,2019-12-31,3.658088e+06,0.1758,0.7573
201,Dallas ERS,Dallas Employees Retirement System,TX,Texas,Dallas,1,2020.0,2020-12-31,3.706753e+06,0.0576,0.7596
201,Dallas ERS,Dallas Employees Retirement System,TX,Texas,Dallas,1,2021.0,2021-12-31,4.093215e+06,0.1638,0.76017
202,Jersey City Municipal Employees,Jersey City Municipal Employees Pension Fund,NJ,New Jersey,Jersey City,1,2017.0,2017-12-31,118867.75,0.142,0.51494
202,Jersey City Municipal Employees,Jersey City Municipal Employees Pension Fund,NJ,New Jersey,Jersey City,1,2018.0,2018-12-31,111425.16,-0.055,0.562
202,Jersey City Municipal Employees,Jersey City Municipal Employees Pension Fund,NJ,New Jersey,Jersey City,1,2019.0,2019-12-31,129802.43,0.174,0.53276
202,Jersey City Municipal Employees,Jersey City Municipal Employees Pension Fund,NJ,New Jersey,Jersey City,1,2020.0,2020-12-31,147189.5,0.138,0.512
203,Omaha ERS,Omaha City Employees Retirement System,NE,Nebraska,Omaha,1,2010.0,2010-12-31,232346.58,0.16991,0.587
203,Omaha ERS,Omaha City Employees Retirement System,NE,Nebraska,Omaha,1,2011.0,2011-12-31,215434.78,-0.00815,0.563
203,Omaha ERS,Omaha City Employees Retirement System,NE,Nebraska,Omaha,1,2012.0,2012-12-31,223233.1,0.11151,0.54
203,Omaha ERS,Omaha City Employees Retirement System,NE,Nebraska,Omaha,1,2013.0,2013-12-31,240342.81,0.1594,0.537
203,Omaha ERS,Omaha City Employees Retirement System,NE,Nebraska,Omaha,1,2014.0,2014-12-31,238730.45,0.05256,0.562
203,Omaha ERS,Omaha City Employees Retirement System,NE,Nebraska,Omaha,1,2015.0,2015-12-31,232156.8,0.03403,0.557
203,Omaha ERS,Omaha City Employees Retirement System,NE,Nebraska,Omaha,1,2016.0,2016-12-31,239825.25,0.10247,0.555
203,Omaha ERS,Omaha City Employees Retirement System,NE,Nebraska,Omaha,1,2017.0,2017-12-31,254532.14,0.13132,0.53
203,Omaha ERS,Omaha City Employees Retirement System,NE,Nebraska,Omaha,1,2018.0,2018-12-31,236701.31,-0.00555,0.518
203,Omaha ERS,Omaha City Employees Retirement System,NE,Nebraska,Omaha,1,2019.0,2019-12-31,255460.06,0.1472,0.524
204,Houston Municipal,Houston Municipal Employees Retirement Fund,TX,Texas,Houston,1,2001.0,2001-06-30,1.4075161e+06,-0.0408,0.762
204,Houston Municipal,Houston Municipal Employees Retirement Fund,TX,Texas,Houston,1,2002.0,2002-06-30,1.2716909e+06,-0.0697,0.604
204,Houston Municipal,Houston Municipal Employees Retirement Fund,TX,Texas,Houston,1,2003.0,2003-06-30,1.2661902e+06,0.0355,0.461
204,Houston Municipal,Houston Municipal Employees Retirement Fund,TX,Texas,Houston,1,2004.0,2004-06-30,1.4187256e+06,0.1864,0.57
204,Houston Municipal,Houston Municipal Employees Retirement Fund,TX,Texas,Houston,1,2005.0,2005-06-30,1.8248515e+06,0.1385,0.652
204,Houston Municipal,Houston Municipal Employees Retirement Fund,TX,Texas,Houston,1,2006.0,2006-06-30,2.052296e+06,0.1811,0.645
204,Houston Municipal,Houston Municipal Employees Retirement Fund,TX,Texas,Houston,1,2007.0,2007-06-30,2.3445972e+06,0.1864,0.701
204,Houston Municipal,Houston Municipal Employees Retirement Fund,TX,Texas,Houston,1,2008.0,2008-06-30,2.2620332e+06,0.0047,0.701
204,Houston Municipal,Houston Municipal Employees Retirement Fund,TX,Texas,Houston,1,2009.0,2009-06-30,1.7301419e+06,-0.16,0.662
204,Houston Municipal,Houston Municipal Employees Retirement Fund,TX,Texas,Houston,1,2010.0,2010-06-30,1.8284921e+06,0.122,0.626
204,Houston Municipal,Houston Municipal Employees Retirement Fund,TX,Texas,Houston,1,2011.0,2011-06-30,2.1294412e+06,0.222,0.614
204,Houston Municipal,Houston Municipal Employees Retirement Fund,TX,Texas,Houston,1,2012.0,2012-06-30,2.0242348e+06,-0.001,0.599
204,Houston Municipal,Houston Municipal Employees Retirement Fund,TX,Texas,Houston,1,2013.0,2013-06-30,2.1966152e+06,0.136,0.577
204,Houston Municipal,Houston Municipal Employees Retirement Fund,TX,Texas,Houston,1,2014.0,2014-06-30,2.464439e+06,0.164,0.581
204,Houston Municipal,Houston Municipal Employees Retirement Fund,TX,Texas,Houston,1,2015.0,2015-06-30,2.4565435e+06,0.034,0.542
204,Houston Municipal,Houston Municipal Employees Retirement Fund,TX,Texas,Houston,1,2016.0,2016-06-30,2.4000232e+06,0.016,0.555
204,Houston Municipal,Houston Municipal Employees Retirement Fund,TX,Texas,Houston,1,2017.0,2017-06-30,2.6026648e+06,0.127,0.564
204,Houston Municipal,Houston Municipal Employees Retirement Fund,TX,Texas,Houston,1,2018.0,2018-06-30,2.9888642e+06,0.0933,0.577
204,Houston Municipal,Houston Municipal Employees Retirement Fund,TX,Texas,Houston,1,2019.0,2019-06-30,3.100999e+06,0.072,0.593
204,Houston Municipal,Houston Municipal Employees Retirement Fund,TX,Texas,Houston,1,2020.0,2020-06-30,2.8817875e+06,-0.009,0.592
204,Houston Municipal,Houston Municipal Employees Retirement Fund,TX,Texas,Houston,1,2021.0,2021-06-30,3.8670868e+06,0.387,0.628
205,Atlanta Fire,City of Atlanta Firefighters Pension Plan,GA,Georgia,Atlanta,3,2012.0,2012-06-30,505692.0,0.0168,0.695
205,Atlanta Fire,City of Atlanta Firefighters Pension Plan,GA,Georgia,Atlanta,3,2013.0,2013-06-30,561450.0,0.1534,0.715
205,Atlanta Fire,City of Atlanta Firefighters Pension Plan,GA,Georgia,Atlanta,3,2014.0,2014-06-30,658508.0,0.2101,0.80814
205,Atlanta Fire,City of Atlanta Firefighters Pension Plan,GA,Georgia,Atlanta,3,2015.0,2015-06-30,644649.0,0.0079,0.78337
205,Atlanta Fire,City of Atlanta Firefighters Pension Plan,GA,Georgia,Atlanta,3,2016.0,2016-06-30,612637.0,-0.0113,0.71877
205,Atlanta Fire,City of Atlanta Firefighters Pension Plan,GA,Georgia,Atlanta,3,2017.0,2017-06-30,669508.0,0.1315,0.74743
205,Atlanta Fire,City of Atlanta Firefighters Pension Plan,GA,Georgia,Atlanta,3,2018.0,2018-06-30,718113.0,0.0985,0.84202
205,Atlanta Fire,City of Atlanta Firefighters Pension Plan,GA,Georgia,Atlanta,3,2019.0,2019-06-30,727344.0,0.0574,0.74235
205,Atlanta Fire,City of Atlanta Firefighters Pension Plan,GA,Georgia,Atlanta,3,2020.0,2020-06-30,716418.0,0.0247,0.74441
205,Atlanta Fire,City of Atlanta Firefighters Pension Plan,GA,Georgia,Atlanta,3,2021.0,2021-06-30,928729.0,0.3328,0.74731
206,Chicago Fire,Firemen's Annuity and Benefit Fund of Chicago,IL,Illinois,Chicago,3,2002.0,2002-12-31,907801.94,-0.136,0.5792
206,Chicago Fire,Firemen's Annuity and Benefit Fund of Chicago,IL,Illinois,Chicago,3,2005.0,2005-12-31,1.2746575e+06,0.107,0.4175
206,Chicago Fire,Firemen's Annuity and Benefit Fund of Chicago,IL,Illinois,Chicago,3,2010.0,2010-12-31,1.106078e+06,0.177,0.3278
206,Chicago Fire,Firemen's Annuity and Benefit Fund of Chicago,IL,Illinois,Chicago,3,2011.0,2011-12-31,993774.0,-0.02,0.286
206,Chicago Fire,Firemen's Annuity and Benefit Fund of Chicago,IL,Illinois,Chicago,3,2012.0,2012-12-31,1.032423e+06,0.162,0.2471
206,Chicago Fire,Firemen's Annuity and Benefit Fund of Chicago,IL,Illinois,Chicago,3,2013.0,2013-12-31,1.116704e+06,0.22,0.2401
206,Chicago Fire,Firemen's Annuity and Benefit Fund of Chicago,IL,Illinois,Chicago,3,2014.0,2014-12-31,1.036008e+06,0.039,0.2278
206,Chicago Fire,Firemen's Annuity and Benefit Fund of Chicago,IL,Illinois,Chicago,3,2015.0,2015-12-31,1.045101e+06,0.004,0.23176
206,Chicago Fire,Firemen's Annuity and Benefit Fund of Chicago,IL,Illinois,Chicago,3,2016.0,2016-12-31,1.019014e+06,0.08,0.21302
206,Chicago Fire,Firemen's Annuity and Benefit Fund of Chicago,IL,Illinois,Chicago,3,2017.0,2017-12-31,1.1261534e+06,0.183,0.2012
206,Chicago Fire,Firemen's Annuity and Benefit Fund of Chicago,IL,Illinois,Chicago,3,2018.0,2018-12-31,1.0357903e+06,-0.062,0.1836
206,Chicago Fire,Firemen's Annuity and Benefit Fund of Chicago,IL,Illinois,Chicago,3,2019.0,2019-12-31,1.1498209e+06,0.21,0.1818
206,Chicago Fire,Firemen's Annuity and Benefit Fund of Chicago,IL,Illinois,Chicago,3,2020.0,2020-12-31,1.3088865e+06,0.124,0.1942
206,Chicago Fire,Firemen's Annuity and Benefit Fund of Chicago,IL,Illinois,Chicago,3,2021.0,2021-12-31,1.4663979e+06,0.149,0.2013
207,Kansas City (MO) Schools,Kansas City Public School Retirement System,MO,Missouri,Kansas City,2,2002.0,2002-12-31,579064.1,-0.094,1.024
207,Kansas City (MO) Schools,Kansas City Public School Retirement System,MO,Missouri,Kansas City,2,2003.0,2003-12-31,688818.6,0.236,1.031
207,Kansas City (MO) Schools,Kansas City Public School Retirement System,MO,Missouri,Kansas City,2,2004.0,2004-12-31,736538.8,0.109,1.021
207,Kansas City (MO) Schools,Kansas City Public School Retirement System,MO,Missouri,Kansas City,2,2005.0,2005-12-31,764105.8,0.079,1.01
207,Kansas City (MO) Schools,Kansas City Public School Retirement System,MO,Missouri,Kansas City,2,2006.0,2006-12-31,832799.06,0.135,1.008
207,Kansas City (MO) Schools,Kansas City Public School Retirement System,MO,Missouri,Kansas City,2,2007.0,2007-12-31,853722.75,0.066,1.093
207,Kansas City (MO) Schools,Kansas City Public School Retirement System,MO,Missouri,Kansas City,2,2008.0,2008-12-31,624647.06,-0.236,1.035
207,Kansas City (MO) Schools,Kansas City Public School Retirement System,MO,Missouri,Kansas City,2,2009.0,2009-12-31,693929.25,0.16,0.994
207,Kansas City (MO) Schools,Kansas City Public School Retirement System,MO,Missouri,Kansas City,2,2010.0,2010-12-31,730232.7,0.134,0.931
207,Kansas City (MO) Schools,Kansas City Public School Retirement System,MO,Missouri,Kansas City,2,2011.0,2011-12-31,681930.6,0.008,0.849
207,Kansas City (MO) Schools,Kansas City Public School Retirement System,MO,Missouri,Kansas City,2,2012.0,2012-12-31,702966.5,0.1303,0.802
207,Kansas City (MO) Schools,Kansas City Public School Retirement System,MO,Missouri,Kansas City,2,2013.0,2013-12-31,726553.3,0.1216,0.812
207,Kansas City (MO) Schools,Kansas City Public School Retirement System,MO,Missouri,Kansas City,2,2014.0,2014-12-31,698523.5,0.036,0.799
207,Kansas City (MO) Schools,Kansas City Public School Retirement System,MO,Missouri,Kansas City,2,2015.0,2015-12-31,636109.5,-0.0104,0.776
207,Kansas City (MO) Schools,Kansas City Public School Retirement System,MO,Missouri,Kansas City,2,2016.0,2016-12-31,631442.6,0.0792,0.697
207,Kansas City (MO) Schools,Kansas City Public School Retirement System,MO,Missouri,Kansas City,2,2017.0,2017-12-31,685802.0,0.169,0.697
207,Kansas City (MO) Schools,Kansas City Public School Retirement System,MO,Missouri,Kansas City,2,2018.0,2018-12-31,602762.5,-0.054,0.662
207,Kansas City (MO) Schools,Kansas City Public School Retirement System,MO,Missouri,Kansas City,2,2019.0,2019-12-31,662085.8,0.1822,0.633
207,Kansas City (MO) Schools,Kansas City Public School Retirement System,MO,Missouri,Kansas City,2,2020.0,2020-12-31,694237.75,0.125,0.665
207,Kansas City (MO) Schools,Kansas City Public School Retirement System,MO,Missouri,Kansas City,2,2021.0,2021-12-31,753497.4,0.129,0.694
208,Houston Police,Houston Police Officers' Pension System,TX,Texas,Houston,3,2001.0,2001-06-30,2.142779e+06,-0.04,0.97
208,Houston Police,Houston Police Officers' Pension System,TX,Texas,Houston,3,2002.0,2002-06-30,1.948248e+06,-0.088,0.9
208,Houston Police,Houston Police Officers' Pension System,TX,Texas,Houston,3,2003.0,2003-06-30,2.018299e+06,0.042,0.83292
208,Houston Police,Houston Police Officers' Pension System,TX,Texas,Houston,3,2004.0,2004-06-30,2.422768e+06,0.216,0.73852
208,Houston Police,Houston Police Officers' Pension System,TX,Texas,Houston,3,2005.0,2005-06-30,2.651208e+06,0.135,0.74
208,Houston Police,Houston Police Officers' Pension System,TX,Texas,Houston,3,2006.0,2006-06-30,2.895105e+06,0.112,0.74
208,Houston Police,Houston Police Officers' Pension System,TX,Texas,Houston,3,2007.0,2007-06-30,3.359666e+06,0.179,0.78
208,Houston Police,Houston Police Officers' Pension System,TX,Texas,Houston,3,2008.0,2008-06-30,3.328298e+06,0.003,0.82
208,Houston Police,Houston Police Officers' Pension System,TX,Texas,Houston,3,2009.0,2009-06-30,2.670721e+06,-0.182,0.79
208,Houston Police,Houston Police Officers' Pension System,TX,Texas,Houston,3,2010.0,2010-06-30,2.972027e+06,0.137,0.83
208,Houston Police,Houston Police Officers' Pension System,TX,Texas,Houston,3,2011.0,2011-06-30,3.530617e+06,0.211,0.83
208,Houston Police,Houston Police Officers' Pension System,TX,Texas,Houston,3,2012.0,2012-06-30,3.566968e+06,0.03,0.82
208,Houston Police,Houston Police Officers' Pension System,TX,Texas,Houston,3,2013.0,2013-06-30,3.774375e+06,0.079,0.81
208,Houston Police,Houston Police Officers' Pension System,TX,Texas,Houston,3,2014.0,2014-06-30,4.347877e+06,0.174,0.81
208,Houston Police,Houston Police Officers' Pension System,TX,Texas,Houston,3,2015.0,2015-06-30,4.304523e+06,0.008,0.797
208,Houston Police,Houston Police Officers' Pension System,TX,Texas,Houston,3,2016.0,2016-06-30,4.08046e+06,-0.032,0.775
208,Houston Police,Houston Police Officers' Pension System,TX,Texas,Houston,3,2017.0,2017-06-30,4.457178e+06,0.168,0.783
208,Houston Police,Houston Police Officers' Pension System,TX,Texas,Houston,3,2018.0,2018-06-30,5.486614e+06,0.098,0.793
208,Houston Police,Houston Police Officers' Pension System,TX,Texas,Houston,3,2019.0,2019-06-30,5.674647e+06,0.063,0.817
208,Houston Police,Houston Police Officers' Pension System,TX,Texas,Houston,3,2020.0,2020-06-30,5.572476e+06,0.011,0.824
208,Houston Police,Houston Police Officers' Pension System,TX,Texas,Houston,3,2021.0,2021-06-30,7.137251e+06,0.323,0.854
209,Wichita Police and Fire,Wichita Police and Fire Retirement System,KS,Kansas,Wichita,3,2001.0,2001-12-31,351100.16,-0.0442,1.114
209,Wichita Police and Fire,Wichita Police and Fire Retirement System,KS,Kansas,Wichita,3,2002.0,2002-12-31,300758.34,-0.116,1.062
209,Wichita Police and Fire,Wichita Police and Fire Retirement System,KS,Kansas,Wichita,3,2003.0,2003-12-31,356890.2,0.228,1.068
209,Wichita Police and Fire,Wichita Police and Fire Retirement System,KS,Kansas,Wichita,3,2004.0,2004-12-31,383074.06,0.1,0.998
209,Wichita Police and Fire,Wichita Police and Fire Retirement System,KS,Kansas,Wichita,3,2005.0,2005-12-31,406745.6,0.0896,0.997
209,Wichita Police and Fire,Wichita Police and Fire Retirement System,KS,Kansas,Wichita,3,2006.0,2006-12-31,460758.9,0.1533,1.012
209,Wichita Police and Fire,Wichita Police and Fire Retirement System,KS,Kansas,Wichita,3,2007.0,2007-12-31,503915.25,0.1106,1.027
209,Wichita Police and Fire,Wichita Police and Fire Retirement System,KS,Kansas,Wichita,3,2008.0,2008-12-31,356056.22,-0.2805,0.951
209,Wichita Police and Fire,Wichita Police and Fire Retirement System,KS,Kansas,Wichita,3,2009.0,2009-12-31,422379.22,0.2196,0.924
209,Wichita Police and Fire,Wichita Police and Fire Retirement System,KS,Kansas,Wichita,3,2010.0,2010-12-31,467487.72,0.1364,0.927
209,Wichita Police and Fire,Wichita Police and Fire Retirement System,KS,Kansas,Wichita,3,2011.0,2011-12-31,460840.75,0.0079,0.908
209,Wichita Police and Fire,Wichita Police and Fire Retirement System,KS,Kansas,Wichita,3,2012.0,2012-12-31,511492.44,0.1378,0.905
209,Wichita Police and Fire,Wichita Police and Fire Retirement System,KS,Kansas,Wichita,3,2013.0,2013-12-31,598458.25,0.2022,0.925
209,Wichita Police and Fire,Wichita Police and Fire Retirement System,KS,Kansas,Wichita,3,2014.0,2014-12-31,611091.06,0.0559,0.951
209,Wichita Police and Fire,Wichita Police and Fire Retirement System,KS,Kansas,Wichita,3,2015.0,2015-12-31,592883.25,0.0021,0.947
209,Wichita Police and Fire,Wichita Police and Fire Retirement System,KS,Kansas,Wichita,3,2016.0,2016-12-31,614047.25,0.073,0.94
209,Wichita Police and Fire,Wichita Police and Fire Retirement System,KS,Kansas,Wichita,3,2017.0,2017-12-31,698083.94,0.1776,0.954
209,Wichita Police and Fire,Wichita Police and Fire Retirement System,KS,Kansas,Wichita,3,2018.0,2018-12-31,634054.6,-0.0604,0.907
209,Wichita Police and Fire,Wichita Police and Fire Retirement System,KS,Kansas,Wichita,3,2019.0,2019-12-31,731075.06,0.1977,0.916
209,Wichita Police and Fire,Wichita Police and Fire Retirement System,KS,Kansas,Wichita,3,2020.0,2020-12-31,805749.25,0.1422,0.941
209,Wichita Police and Fire,Wichita Police and Fire Retirement System,KS,Kansas,Wichita,3,2021.0,2021-12-31,898696.25,0.1444,0.944
210,Oklahoma Fire,Oklahoma Firefighters Pension and Retirement System,OK,Oklahoma,Oklahoma,3,2014.0,2014-06-30,2.1971045e+06,0.1813,0.62062
210,Oklahoma Fire,Oklahoma Firefighters Pension and Retirement System,OK,Oklahoma,Oklahoma,3,2015.0,2015-06-30,2.2835665e+06,0.118,0.65045
210,Oklahoma Fire,Oklahoma Firefighters Pension and Retirement System,OK,Oklahoma,Oklahoma,3,2016.0,2016-06-30,2.2557585e+06,0.0105,0.6593
210,Oklahoma Fire,Oklahoma Firefighters Pension and Retirement System,OK,Oklahoma,Oklahoma,3,2017.0,2017-06-30,2.5094715e+06,0.1436,0.65423
210,Oklahoma Fire,Oklahoma Firefighters Pension and Retirement System,OK,Oklahoma,Oklahoma,3,2018.0,2018-06-30,2.719896e+06,0.118,0.68109
210,Oklahoma Fire,Oklahoma Firefighters Pension and Retirement System,OK,Oklahoma,Oklahoma,3,2019.0,2019-06-30,2.8353805e+06,0.0767,0.7082
210,Oklahoma Fire,Oklahoma Firefighters Pension and Retirement System,OK,Oklahoma,Oklahoma,3,2020.0,2020-06-30,2.871142e+06,0.0403,0.70398
211,New York City Educational,New York City Board of Education Retirement System,NY,New York,New York City,1,2001.0,2001-06-30,1.54641e+06,-0.0861,0.95646
211,New York City Educational,New York City Board of Education Retirement System,NY,New York,New York City,1,2002.0,2002-06-30,1.438374e+06,-0.0764,0.87976
211,New York City Educational,New York City Board of Education Retirement System,NY,New York,New York City,1,2003.0,2003-06-30,1.4106e+06,0.0439,0.85528
211,New York City Educational,New York City Board of Education Retirement System,NY,New York,New York City,1,2004.0,2004-06-30,1.594545e+06,0.1635,0.82983
211,New York City Educational,New York City Board of Education Retirement System,NY,New York,New York City,1,2005.0,2005-06-30,1.685527e+06,0.102,0.77966
211,New York City Educational,New York City Board of Education Retirement System,NY,New York,New York City,1,2006.0,2006-06-30,1.809411e+06,0.1045,0.73151
211,New York City Educational,New York City Board of Education Retirement System,NY,New York,New York City,1,2007.0,2007-06-30,2.179452e+06,0.1876,0.76538
211,New York City Educational,New York City Board of Education Retirement System,NY,New York,New York City,1,2008.0,2008-06-30,2.02185e+06,-0.053,0.76576
211,New York City Educational,New York City Board of Education Retirement System,NY,New York,New York City,1,2009.0,2009-06-30,1.536585e+06,-0.182,0.68707
211,New York City Educational,New York City Board of Education Retirement System,NY,New York,New York City,1,2010.0,2010-06-30,1.785939e+06,0.1504,0.57795
211,New York City Educational,New York City Board of Education Retirement System,NY,New York,New York City,1,2011.0,2011-06-30,2.323629e+06,0.2419,0.63112
211,New York City Educational,New York City Board of Education Retirement System,NY,New York,New York City,1,2012.0,2012-06-30,2.310599e+06,0.001,0.63023
211,New York City Educational,New York City Board of Education Retirement System,NY,New York,New York City,1,2013.0,2013-06-30,2.653651e+06,0.129,0.56723
211,New York City Educational,New York City Board of Education Retirement System,NY,New York,New York City,1,2014.0,2014-06-30,3.279265e+06,0.22415,0.5666
211,New York City Educational,New York City Board of Education Retirement System,NY,New York,New York City,1,2015.0,2015-06-30,3.454009e+06,0.0341,0.605
211,New York City Educational,New York City Board of Education Retirement System,NY,New York,New York City,1,2016.0,2016-06-30,3.416133e+06,0.0041,0.6
211,New York City Educational,New York City Board of Education Retirement System,NY,New York,New York City,1,2017.0,2017-06-30,4.099571e+06,0.156,0.693
211,New York City Educational,New York City Board of Education Retirement System,NY,New York,New York City,1,2018.0,2018-06-30,4.672903e+06,0.1037,0.766
211,New York City Educational,New York City Board of Education Retirement System,NY,New York,New York City,1,2019.0,2019-06-30,4.991832e+06,0.0699,0.941
211,New York City Educational,New York City Board of Education Retirement System,NY,New York,New York City,1,2020.0,2020-06-30,5.18289e+06,0.0572,0.922
211,New York City Educational,New York City Board of Education Retirement System,NY,New York,New York City,1,2021.0,2021-06-30,7.04424e+06,0.2797,0.922
212,Jacksonville Police and Fire,Jacksonville Police and Fire Pension Fund,FL,Florida,Jacksonville,3,2004.0,2004-09-30,739373.2,0.095,0.596
212,Jacksonville Police and Fire,Jacksonville Police and Fire Pension Fund,FL,Florida,Jacksonville,3,2005.0,2005-09-30,795373.2,0.113,0.582
212,Jacksonville Police and Fire,Jacksonville Police and Fire Pension Fund,FL,Florida,Jacksonville,3,2006.0,2006-09-30,839515.4,0.085,0.601
212,Jacksonville Police and Fire,Jacksonville Police and Fire Pension Fund,FL,Florida,Jacksonville,3,2007.0,2007-09-30,950349.8,0.153,0.635
212,Jacksonville Police and Fire,Jacksonville Police and Fire Pension Fund,FL,Florida,Jacksonville,3,2008.0,2008-09-30,780619.94,-0.125,0.529
212,Jacksonville Police and Fire,Jacksonville Police and Fire Pension Fund,FL,Florida,Jacksonville,3,2009.0,2009-09-30,728490.56,0.0108,0.488
212,Jacksonville Police and Fire,Jacksonville Police and Fire Pension Fund,FL,Florida,Jacksonville,3,2010.0,2010-09-30,783356.06,0.0933,0.524
212,Jacksonville Police and Fire,Jacksonville Police and Fire Pension Fund,FL,Florida,Jacksonville,3,2011.0,2011-09-30,751447.8,0.0053,0.428
212,Jacksonville Police and Fire,Jacksonville Police and Fire Pension Fund,FL,Florida,Jacksonville,3,2012.0,2012-09-30,885238.0,0.1927,0.39
212,Jacksonville Police and Fire,Jacksonville Police and Fire Pension Fund,FL,Florida,Jacksonville,3,2013.0,2013-09-30,1.0455315e+06,0.149,0.427
212,Jacksonville Police and Fire,Jacksonville Police and Fire Pension Fund,FL,Florida,Jacksonville,3,2014.0,2014-09-30,1.473097e+06,0.1073,0.466
212,Jacksonville Police and Fire,Jacksonville Police and Fire Pension Fund,FL,Florida,Jacksonville,3,2015.0,2015-09-30,1.4377766e+06,-0.0395,0.431
212,Jacksonville Police and Fire,Jacksonville Police and Fire Pension Fund,FL,Florida,Jacksonville,3,2016.0,2016-09-30,1.6130439e+06,0.1,0.43
212,Jacksonville Police and Fire,Jacksonville Police and Fire Pension Fund,FL,Florida,Jacksonville,3,2017.0,2017-09-30,1.8927971e+06,0.1427,0.472
212,Jacksonville Police and Fire,Jacksonville Police and Fire Pension Fund,FL,Florida,Jacksonville,3,2018.0,2018-09-30,2.0078219e+06,0.0799,0.481
212,Jacksonville Police and Fire,Jacksonville Police and Fire Pension Fund,FL,Florida,Jacksonville,3,2019.0,2019-09-30,1.9580671e+06,0.0296,0.482
212,Jacksonville Police and Fire,Jacksonville Police and Fire Pension Fund,FL,Florida,Jacksonville,3,2020.0,2020-09-30,2.0547996e+06,0.0798,0.48
212,Jacksonville Police and Fire,Jacksonville Police and Fire Pension Fund,FL,Florida,Jacksonville,3,2021.0,2021-09-30,2.4869e+06,0.2315,0.481
213,Baltimore City Employees,Baltimore City Employees' Retirement System,MD,Maryland,Baltimore,1,2007.0,2007-06-30,1.488575e+06,0.1833,0.905
213,Baltimore City Employees,Baltimore City Employees' Retirement System,MD,Maryland,Baltimore,1,2008.0,2008-06-30,1.3560821e+06,-0.0483,0.887
213,Baltimore City Employees,Baltimore City Employees' Retirement System,MD,Maryland,Baltimore,1,2009.0,2009-06-30,1.0364133e+06,-0.179,0.826
213,Baltimore City Employees,Baltimore City Employees' Retirement System,MD,Maryland,Baltimore,1,2010.0,2010-06-30,1.0851914e+06,0.112,0.76
213,Baltimore City Employees,Baltimore City Employees' Retirement System,MD,Maryland,Baltimore,1,2011.0,2011-06-30,1.2419198e+06,0.201,0.727
213,Baltimore City Employees,Baltimore City Employees' Retirement System,MD,Maryland,Baltimore,1,2012.0,2012-06-30,1.2164985e+06,0.02,0.677
213,Baltimore City Employees,Baltimore City Employees' Retirement System,MD,Maryland,Baltimore,1,2013.0,2013-06-30,1.3247339e+06,0.132,0.681
213,Baltimore City Employees,Baltimore City Employees' Retirement System,MD,Maryland,Baltimore,1,2014.0,2014-06-30,1.4992364e+06,0.162,0.697
213,Baltimore City Employees,Baltimore City Employees' Retirement System,MD,Maryland,Baltimore,1,2015.0,2015-06-30,1.5319342e+06,0.046,0.717
213,Baltimore City Employees,Baltimore City Employees' Retirement System,MD,Maryland,Baltimore,1,2016.0,2016-06-30,1.5169324e+06,0.032,0.712
213,Baltimore City Employees,Baltimore City Employees' Retirement System,MD,Maryland,Baltimore,1,2017.0,2017-06-30,1.6270265e+06,0.118,0.727
213,Baltimore City Employees,Baltimore City Employees' Retirement System,MD,Maryland,Baltimore,1,2018.0,2018-06-30,1.7142528e+06,0.085,0.741
213,Baltimore City Employees,Baltimore City Employees' Retirement System,MD,Maryland,Baltimore,1,2019.0,2019-06-30,1.7555956e+06,0.061,0.73
213,Baltimore City Employees,Baltimore City Employees' Retirement System,MD,Maryland,Baltimore,1,2020.0,2020-06-30,1.7091548e+06,0.013,0.733
213,Baltimore City Employees,Baltimore City Employees' Retirement System,MD,Maryland,Baltimore,1,2021.0,2021-06-30,2.105525e+06,0.278,0.771
214,Fairfax County Police,Fairfax County Police Officer's Retirement System,VA,Virginia,Fairfax County,3,2001.0,2001-06-30,605386.9,-0.027,0.9903
214,Fairfax County Police,Fairfax County Police Officer's Retirement System,VA,Virginia,Fairfax County,3,2002.0,2002-06-30,573316.6,-0.048,0.957
214,Fairfax County Police,Fairfax County Police Officer's Retirement System,VA,Virginia,Fairfax County,3,2003.0,2003-06-30,591890.75,0.0463,0.9154
214,Fairfax County Police,Fairfax County Police Officer's Retirement System,VA,Virginia,Fairfax County,3,2004.0,2004-06-30,679147.56,0.161,0.9148
214,Fairfax County Police,Fairfax County Police Officer's Retirement System,VA,Virginia,Fairfax County,3,2005.0,2005-06-30,735092.06,0.096,0.884
214,Fairfax County Police,Fairfax County Police Officer's Retirement System,VA,Virginia,Fairfax County,3,2006.0,2006-06-30,800424.5,0.1,0.8789
214,Fairfax County Police,Fairfax County Police Officer's Retirement System,VA,Virginia,Fairfax County,3,2007.0,2007-06-30,931927.2,0.18,0.8991
214,Fairfax County Police,Fairfax County Police Officer's Retirement System,VA,Virginia,Fairfax County,3,2008.0,2008-06-30,868161.06,-0.057,0.8805
214,Fairfax County Police,Fairfax County Police Officer's Retirement System,VA,Virginia,Fairfax County,3,2009.0,2009-06-30,706622.3,-0.171,0.8174
214,Fairfax County Police,Fairfax County Police Officer's Retirement System,VA,Virginia,Fairfax County,3,2010.0,2010-06-30,836033.06,0.212,0.7925
214,Fairfax County Police,Fairfax County Police Officer's Retirement System,VA,Virginia,Fairfax County,3,2011.0,2011-06-30,1.0351459e+06,0.257,0.8035
214,Fairfax County Police,Fairfax County Police Officer's Retirement System,VA,Virginia,Fairfax County,3,2012.0,2012-06-30,1.0174513e+06,-0.003,0.8046
214,Fairfax County Police,Fairfax County Police Officer's Retirement System,VA,Virginia,Fairfax County,3,2013.0,2013-06-30,1.1025221e+06,0.097,0.8213
214,Fairfax County Police,Fairfax County Police Officer's Retirement System,VA,Virginia,Fairfax County,3,2014.0,2014-06-30,1.2607572e+06,0.164,0.85
214,Fairfax County Police,Fairfax County Police Officer's Retirement System,VA,Virginia,Fairfax County,3,2015.0,2015-06-30,1.2809151e+06,0.035,0.865
214,Fairfax County Police,Fairfax County Police Officer's Retirement System,VA,Virginia,Fairfax County,3,2016.0,2016-06-30,1.2703898e+06,0.011,0.854
214,Fairfax County Police,Fairfax County Police Officer's Retirement System,VA,Virginia,Fairfax County,3,2017.0,2017-06-30,1.3658442e+06,0.093,0.85
214,Fairfax County Police,Fairfax County Police Officer's Retirement System,VA,Virginia,Fairfax County,3,2018.0,2018-06-30,1.435923e+06,0.07,0.852
214,Fairfax County Police,Fairfax County Police Officer's Retirement System,VA,Virginia,Fairfax County,3,2019.0,2019-06-30,1.4836744e+06,0.051,0.854
214,Fairfax County Police,Fairfax County Police Officer's Retirement System,VA,Virginia,Fairfax County,3,2020.0,2020-06-30,1.4005649e+06,-0.039,0.831
214,Fairfax County Police,Fairfax County Police Officer's Retirement System,VA,Virginia,Fairfax County,3,2021.0,2021-06-30,1.8081895e+06,0.312,0.86
215,Chicago Laborers,Chicago Laborers Retirement Board Employees Annuity Benefit Fund,IL,Illinois,Chicago,1,2004.0,2004-12-31,1.63737e+06,0.115,0.9853
215,Chicago Laborers,Chicago Laborers Retirement Board Employees Annuity Benefit Fund,IL,Illinois,Chicago,1,2005.0,2005-12-31,1.659061e+06,0.078,0.9388
215,Chicago Laborers,Chicago Laborers Retirement Board Employees Annuity Benefit Fund,IL,Illinois,Chicago,1,2006.0,2006-12-31,1.739661e+06,0.112,0.9414
215,Chicago Laborers,Chicago Laborers Retirement Board Employees Annuity Benefit Fund,IL,Illinois,Chicago,1,2007.0,2007-12-31,1.782817e+06,0.08,0.972
215,Chicago Laborers,Chicago Laborers Retirement Board Employees Annuity Benefit Fund,IL,Illinois,Chicago,1,2008.0,2008-12-31,1.18858e+06,-0.292,0.8868
215,Chicago Laborers,Chicago Laborers Retirement Board Employees Annuity Benefit Fund,IL,Illinois,Chicago,1,2009.0,2009-12-31,1.332929e+06,0.215,0.8105
215,Chicago Laborers,Chicago Laborers Retirement Board Employees Annuity Benefit Fund,IL,Illinois,Chicago,1,2010.0,2010-12-31,1.427214e+06,0.155,0.7534
215,Chicago Laborers,Chicago Laborers Retirement Board Employees Annuity Benefit Fund,IL,Illinois,Chicago,1,2011.0,2011-12-31,1.313604e+06,-0.003,0.6607
215,Chicago Laborers,Chicago Laborers Retirement Board Employees Annuity Benefit Fund,IL,Illinois,Chicago,1,2012.0,2012-12-31,1.371076e+06,0.146,0.5633
215,Chicago Laborers,Chicago Laborers Retirement Board Employees Annuity Benefit Fund,IL,Illinois,Chicago,1,2013.0,2013-12-31,1.457671e+06,0.164,0.5682
215,Chicago Laborers,Chicago Laborers Retirement Board Employees Annuity Benefit Fund,IL,Illinois,Chicago,1,2014.0,2014-12-31,1.388095e+06,0.038,0.6442
215,Chicago Laborers,Chicago Laborers Retirement Board Employees Annuity Benefit Fund,IL,Illinois,Chicago,1,2015.0,2015-12-31,1.238657e+06,-0.015,0.5299
215,Chicago Laborers,Chicago Laborers Retirement Board Employees Annuity Benefit Fund,IL,Illinois,Chicago,1,2016.0,2016-12-31,1.167741e+06,0.053,0.5036
215,Chicago Laborers,Chicago Laborers Retirement Board Employees Annuity Benefit Fund,IL,Illinois,Chicago,1,2017.0,2017-12-31,1.2675545e+06,0.186,0.4828
215,Chicago Laborers,Chicago Laborers Retirement Board Employees Annuity Benefit Fund,IL,Illinois,Chicago,1,2018.0,2018-12-31,1.0946839e+06,-0.067,0.4468
215,Chicago Laborers,Chicago Laborers Retirement Board Employees Annuity Benefit Fund,IL,Illinois,Chicago,1,2019.0,2019-12-31,1.1875495e+06,0.18,0.4262
215,Chicago Laborers,Chicago Laborers Retirement Board Employees Annuity Benefit Fund,IL,Illinois,Chicago,1,2020.0,2020-12-31,1.2697424e+06,0.157,0.4297
215,Chicago Laborers,Chicago Laborers Retirement Board Employees Annuity Benefit Fund,IL,Illinois,Chicago,1,2021.0,2021-12-31,1.3341018e+06,0.116,0.445
216,Austin Fire,City of Austin Fire Fighters' Relief and Retirement Fund of Austin Texas,TX,Texas,Austin,3,2015.0,2015-12-31,785211.06,0.0081,0.899
216,Austin Fire,City of Austin Fire Fighters' Relief and Retirement Fund of Austin Texas,TX,Texas,Austin,3,2016.0,2016-12-31,829610.2,0.0713,0.883
216,Austin Fire,City of Austin Fire Fighters' Relief and Retirement Fund of Austin Texas,TX,Texas,Austin,3,2017.0,2017-12-31,953798.25,0.1729,0.883
216,Austin Fire,City of Austin Fire Fighters' Relief and Retirement Fund of Austin Texas,TX,Texas,Austin,3,2018.0,2018-12-31,909117.8,-0.0266,0.88
216,Austin Fire,City of Austin Fire Fighters' Relief and Retirement Fund of Austin Texas,TX,Texas,Austin,3,2019.0,2019-12-31,1.0298928e+06,0.1575,0.868
216,Austin Fire,City of Austin Fire Fighters' Relief and Retirement Fund of Austin Texas,TX,Texas,Austin,3,2020.0,2020-12-31,1.1620236e+06,0.129,0.875
216,Austin Fire,City of Austin Fire Fighters' Relief and Retirement Fund of Austin Texas,TX,Texas,Austin,3,2021.0,2021-12-31,1.3035445e+06,0.175,0.89619
217,Austin Police,City of Austin Police Officers' Retirement and Pension Fund,TX,Texas,Austin,3,2001.0,2001-12-31,264452.7,-0.04375,0.819
217,Austin Police,City of Austin Police Officers' Retirement and Pension Fund,TX,Texas,Austin,3,2002.0,2002-12-31,248984.64,-0.0757,0.776
217,Austin Police,City of Austin Police Officers' Retirement and Pension Fund,TX,Texas,Austin,3,2003.0,2003-12-31,301430.97,0.1868,0.774
217,Austin Police,City of Austin Police Officers' Retirement and Pension Fund,TX,Texas,Austin,3,2004.0,2004-12-31,349015.06,0.14,0.761
217,Austin Police,City of Austin Police Officers' Retirement and Pension Fund,TX,Texas,Austin,3,2005.0,2005-12-31,389689.12,0.103,0.751
217,Austin Police,City of Austin Police Officers' Retirement and Pension Fund,TX,Texas,Austin,3,2006.0,2006-12-31,461179.53,0.169,0.724
217,Austin Police,City of Austin Police Officers' Retirement and Pension Fund,TX,Texas,Austin,3,2007.0,2007-12-31,515011.7,0.0946,0.756
217,Austin Police,City of Austin Police Officers' Retirement and Pension Fund,TX,Texas,Austin,3,2008.0,2008-12-31,387120.4,-0.2579,0.67
217,Austin Police,City of Austin Police Officers' Retirement and Pension Fund,TX,Texas,Austin,3,2009.0,2009-12-31,432027.56,0.0924,0.706
217,Austin Police,City of Austin Police Officers' Retirement and Pension Fund,TX,Texas,Austin,3,2010.0,2010-12-31,492545.22,0.1099,0.705
217,Austin Police,City of Austin Police Officers' Retirement and Pension Fund,TX,Texas,Austin,3,2011.0,2011-12-31,484088.62,-0.0316,0.679
217,Austin Police,City of Austin Police Officers' Retirement and Pension Fund,TX,Texas,Austin,3,2012.0,2012-12-31,538897.6,0.0879,0.652
217,Austin Police,City of Austin Police Officers' Retirement and Pension Fund,TX,Texas,Austin,3,2013.0,2013-12-31,595110.4,0.09,0.664
217,Austin Police,City of Austin Police Officers' Retirement and Pension Fund,TX,Texas,Austin,3,2014.0,2014-12-31,638019.06,0.0575,0.67455
217,Austin Police,City of Austin Police Officers' Retirement and Pension Fund,TX,Texas,Austin,3,2015.0,2015-12-31,644174.1,-0.0105,0.666
217,Austin Police,City of Austin Police Officers' Retirement and Pension Fund,TX,Texas,Austin,3,2016.0,2016-12-31,686020.25,0.0767,0.662
217,Austin Police,City of Austin Police Officers' Retirement and Pension Fund,TX,Texas,Austin,3,2017.0,2017-12-31,769474.75,0.1189,0.658
217,Austin Police,City of Austin Police Officers' Retirement and Pension Fund,TX,Texas,Austin,3,2018.0,2018-12-31,718519.6,-0.0618,0.581
217,Austin Police,City of Austin Police Officers' Retirement and Pension Fund,TX,Texas,Austin,3,2019.0,2019-12-31,857839.25,0.2092,0.584
217,Austin Police,City of Austin Police Officers' Retirement and Pension Fund,TX,Texas,Austin,3,2020.0,2020-12-31,938226.3,0.1165,0.586
217,Austin Police,City of Austin Police Officers' Retirement and Pension Fund,TX,Texas,Austin,3,2021.0,2021-12-31,1.080734e+06,0.1768,0.602
218,Fairfax County Uniformed,Fairfax County Uniformed,VA,Virginia,Virginia,3,2002.0,2002-06-30,617625.4,-0.046,0.953
218,Fairfax County Uniformed,Fairfax County Uniformed,VA,Virginia,Virginia,3,2003.0,2003-06-30,657361.2,0.0292,0.9
218,Fairfax County Uniformed,Fairfax County Uniformed,VA,Virginia,Virginia,3,2004.0,2004-06-30,755288.7,0.15,0.871
218,Fairfax County Uniformed,Fairfax County Uniformed,VA,Virginia,Virginia,3,2005.0,2005-06-30,836684.9,0.11,0.8525
218,Fairfax County Uniformed,Fairfax County Uniformed,VA,Virginia,Virginia,3,2006.0,2006-06-30,942648.25,0.112,0.8356
218,Fairfax County Uniformed,Fairfax County Uniformed,VA,Virginia,Virginia,3,2007.0,2007-06-30,1.1080111e+06,0.184,0.8523
218,Fairfax County Uniformed,Fairfax County Uniformed,VA,Virginia,Virginia,3,2008.0,2008-06-30,1.08129e+06,-0.021,0.854
218,Fairfax County Uniformed,Fairfax County Uniformed,VA,Virginia,Virginia,3,2009.0,2009-06-30,867187.25,-0.196,0.795
218,Fairfax County Uniformed,Fairfax County Uniformed,VA,Virginia,Virginia,3,2010.0,2010-06-30,991072.56,0.16,0.7671
218,Fairfax County Uniformed,Fairfax County Uniformed,VA,Virginia,Virginia,3,2011.0,2011-06-30,1.220412e+06,0.247,0.7768
218,Fairfax County Uniformed,Fairfax County Uniformed,VA,Virginia,Virginia,3,2012.0,2012-06-30,1.2088646e+06,0.001,0.773
218,Fairfax County Uniformed,Fairfax County Uniformed,VA,Virginia,Virginia,3,2013.0,2013-06-30,1.318814e+06,0.105,0.791
218,Fairfax County Uniformed,Fairfax County Uniformed,VA,Virginia,Virginia,3,2014.0,2014-06-30,1.51672e+06,0.165,0.817
218,Fairfax County Uniformed,Fairfax County Uniformed,VA,Virginia,Virginia,3,2015.0,2015-06-30,1.5256175e+06,0.018,0.84
218,Fairfax County Uniformed,Fairfax County Uniformed,VA,Virginia,Virginia,3,2016.0,2016-06-30,1.4987029e+06,-0.006,0.825
218,Fairfax County Uniformed,Fairfax County Uniformed,VA,Virginia,Virginia,3,2017.0,2017-06-30,1.6452639e+06,0.115,0.828
218,Fairfax County Uniformed,Fairfax County Uniformed,VA,Virginia,Virginia,3,2018.0,2018-06-30,1.7599028e+06,0.081,0.836
218,Fairfax County Uniformed,Fairfax County Uniformed,VA,Virginia,Virginia,3,2019.0,2019-06-30,1.8137328e+06,0.045,0.842
218,Fairfax County Uniformed,Fairfax County Uniformed,VA,Virginia,Virginia,3,2020.0,2020-06-30,1.7621024e+06,-0.013,0.827
218,Fairfax County Uniformed,Fairfax County Uniformed,VA,Virginia,Virginia,3,2021.0,2021-06-30,2.1650255e+06,0.254,0.847
219,St. Louis Police,St Louis Police Retirement System,MO,Missouri,St. Louis,3,2021.0,2021-09-30,931651.2,0.2582,0.798
222,Kansas City (MO) Police,"Kansas City, Police Retirement System.",MO,Missouri,Kansas City,3,2017.0,2017-04-30,827347.06,0.101,0.76
222,Kansas City (MO) Police,"Kansas City, Police Retirement System.",MO,Missouri,Kansas City,3,2018.0,2018-04-30,879496.9,0.095,0.76
222,Kansas City (MO) Police,"Kansas City, Police Retirement System.",MO,Missouri,Kansas City,3,2019.0,2019-04-30,891225.75,0.046,0.75
222,Kansas City (MO) Police,"Kansas City, Police Retirement System.",MO,Missouri,Kansas City,3,2020.0,2020-04-30,874338.3,0.015,0.74
222,Kansas City (MO) Police,"Kansas City, Police Retirement System.",MO,Missouri,Kansas City,3,2021.0,2021-04-30,1.0336429e+06,0.233,0.75
223,Kansas City (MO) Fire,"Kansas City, Fire Retirement System.",MO,Missouri,Kansas City,3,2017.0,2017-04-30,510234.66,0.1289,0.7048
223,Kansas City (MO) Fire,"Kansas City, Fire Retirement System.",MO,Missouri,Kansas City,3,2018.0,2018-04-30,544056.1,0.0953,0.708
223,Kansas City (MO) Fire,"Kansas City, Fire Retirement System.",MO,Missouri,Kansas City,3,2019.0,2019-04-30,555869.6,0.0462,0.703
223,Kansas City (MO) Fire,"Kansas City, Fire Retirement System.",MO,Missouri,Kansas City,3,2020.0,2020-04-30,528150.2,-0.0235,0.689
223,Kansas City (MO) Fire,"Kansas City, Fire Retirement System.",MO,Missouri,Kansas City,3,2021.0,2021-04-30,674155.0,0.3032,0.7217
224,Pittsburgh Fire,Pittsburgh Firemen's Relief and Pension Plan,PA,Pennsylvania,Pittsburgh,3,2005.0,2005-12-31,145037.19,0.076,0.54012
224,Pittsburgh Fire,Pittsburgh Firemen's Relief and Pension Plan,PA,Pennsylvania,Pittsburgh,3,2006.0,2006-12-31,142787.1,0.121,0.463
224,Pittsburgh Fire,Pittsburgh Firemen's Relief and Pension Plan,PA,Pennsylvania,Pittsburgh,3,2007.0,2007-12-31,140613.95,0.116,0.4805
224,Pittsburgh Fire,Pittsburgh Firemen's Relief and Pension Plan,PA,Pennsylvania,Pittsburgh,3,2008.0,2008-12-31,90994.14,-0.27,0.3541
224,Pittsburgh Fire,Pittsburgh Firemen's Relief and Pension Plan,PA,Pennsylvania,Pittsburgh,3,2009.0,2009-12-31,99069.99,0.233,0.36791
224,Pittsburgh Fire,Pittsburgh Firemen's Relief and Pension Plan,PA,Pennsylvania,Pittsburgh,3,2010.0,2010-12-31,188721.69,0.056,0.3946
224,Pittsburgh Fire,Pittsburgh Firemen's Relief and Pension Plan,PA,Pennsylvania,Pittsburgh,3,2011.0,2011-12-31,188485.69,-0.025,0.36275
224,Pittsburgh Fire,Pittsburgh Firemen's Relief and Pension Plan,PA,Pennsylvania,Pittsburgh,3,2012.0,2012-12-31,199706.23,0.141,0.5668
224,Pittsburgh Fire,Pittsburgh Firemen's Relief and Pension Plan,PA,Pennsylvania,Pittsburgh,3,2013.0,2013-12-31,213740.22,0.176,0.58988
224,Pittsburgh Fire,Pittsburgh Firemen's Relief and Pension Plan,PA,Pennsylvania,Pittsburgh,3,2014.0,2014-12-31,220913.83,0.0648,0.555
224,Pittsburgh Fire,Pittsburgh Firemen's Relief and Pension Plan,PA,Pennsylvania,Pittsburgh,3,2015.0,2015-12-31,218836.81,0.0,0.54914
224,Pittsburgh Fire,Pittsburgh Firemen's Relief and Pension Plan,PA,Pennsylvania,Pittsburgh,3,2016.0,2016-12-31,229019.62,0.084,0.542
224,Pittsburgh Fire,Pittsburgh Firemen's Relief and Pension Plan,PA,Pennsylvania,Pittsburgh,3,2017.0,2017-12-31,247762.9,0.148,0.5605
224,Pittsburgh Fire,Pittsburgh Firemen's Relief and Pension Plan,PA,Pennsylvania,Pittsburgh,3,2018.0,2018-12-31,240878.4,-0.046,0.5619
224,Pittsburgh Fire,Pittsburgh Firemen's Relief and Pension Plan,PA,Pennsylvania,Pittsburgh,3,2019.0,2019-12-31,267951.84,0.195,0.53897
224,Pittsburgh Fire,Pittsburgh Firemen's Relief and Pension Plan,PA,Pennsylvania,Pittsburgh,3,2020.0,2020-12-31,311199.8,0.119,0.57874
226,Miami General and Sanitation Employees,City of Miami General Employees and Sanitation Employees Plan,FL,Florida,Miami,1,2001.0,2001-09-30,551197.25,-0.104,1.03
226,Miami General and Sanitation Employees,City of Miami General Employees and Sanitation Employees Plan,FL,Florida,Miami,1,2002.0,2002-09-30,467724.7,-0.104,0.91
226,Miami General and Sanitation Employees,City of Miami General Employees and Sanitation Employees Plan,FL,Florida,Miami,1,2003.0,2003-09-30,516813.94,0.177,0.81
226,Miami General and Sanitation Employees,City of Miami General Employees and Sanitation Employees Plan,FL,Florida,Miami,1,2004.0,2004-09-30,546463.75,0.11,0.8
226,Miami General and Sanitation Employees,City of Miami General Employees and Sanitation Employees Plan,FL,Florida,Miami,1,2005.0,2005-09-30,586689.06,0.116,0.79
226,Miami General and Sanitation Employees,City of Miami General Employees and Sanitation Employees Plan,FL,Florida,Miami,1,2006.0,2006-09-30,623992.4,0.104,0.84
226,Miami General and Sanitation Employees,City of Miami General Employees and Sanitation Employees Plan,FL,Florida,Miami,1,2007.0,2007-09-30,694302.3,0.15,0.86
226,Miami General and Sanitation Employees,City of Miami General Employees and Sanitation Employees Plan,FL,Florida,Miami,1,2008.0,2008-09-30,576492.25,-0.137,0.85
226,Miami General and Sanitation Employees,City of Miami General Employees and Sanitation Employees Plan,FL,Florida,Miami,1,2009.0,2009-09-30,538012.2,-0.014,0.83
226,Miami General and Sanitation Employees,City of Miami General Employees and Sanitation Employees Plan,FL,Florida,Miami,1,2010.0,2010-09-30,553797.5,0.09,0.78
226,Miami General and Sanitation Employees,City of Miami General Employees and Sanitation Employees Plan,FL,Florida,Miami,1,2011.0,2011-09-30,518093.34,0.015,0.7108
226,Miami General and Sanitation Employees,City of Miami General Employees and Sanitation Employees Plan,FL,Florida,Miami,1,2012.0,2012-09-30,566197.5,0.18,0.6536
226,Miami General and Sanitation Employees,City of Miami General Employees and Sanitation Employees Plan,FL,Florida,Miami,1,2013.0,2013-09-30,590384.2,0.124,0.6428
226,Miami General and Sanitation Employees,City of Miami General Employees and Sanitation Employees Plan,FL,Florida,Miami,1,2014.0,2014-09-30,619561.3,0.112,0.6662
226,Miami General and Sanitation Employees,City of Miami General Employees and Sanitation Employees Plan,FL,Florida,Miami,1,2015.0,2015-09-30,589051.0,0.002,0.6738
226,Miami General and Sanitation Employees,City of Miami General Employees and Sanitation Employees Plan,FL,Florida,Miami,1,2016.0,2016-09-30,617704.94,0.106,0.6496
226,Miami General and Sanitation Employees,City of Miami General Employees and Sanitation Employees Plan,FL,Florida,Miami,1,2017.0,2017-09-30,667854.5,0.132,0.658
226,Miami General and Sanitation Employees,City of Miami General Employees and Sanitation Employees Plan,FL,Florida,Miami,1,2018.0,2018-09-30,704529.9,0.093,0.6554
226,Miami General and Sanitation Employees,City of Miami General Employees and Sanitation Employees Plan,FL,Florida,Miami,1,2019.0,2019-09-30,733864.56,0.071,0.6613
226,Miami General and Sanitation Employees,City of Miami General Employees and Sanitation Employees Plan,FL,Florida,Miami,1,2020.0,2020-09-30,774433.94,0.073,0.6984
226,Miami General and Sanitation Employees,City of Miami General Employees and Sanitation Employees Plan,FL,Florida,Miami,1,2021.0,2021-09-30,933467.94,0.214,0.7451
228,Kansas City (MO) Civilian,Kansas City (MO) Civilian Workers in Police Dept.,MO,Missouri,Kansas City,3,2017.0,2017-04-30,132565.84,0.0947,0.8
228,Kansas City (MO) Civilian,Kansas City (MO) Civilian Workers in Police Dept.,MO,Missouri,Kansas City,3,2018.0,2018-04-30,142605.11,0.0893,0.81
228,Kansas City (MO) Civilian,Kansas City (MO) Civilian Workers in Police Dept.,MO,Missouri,Kansas City,3,2019.0,2019-04-30,146187.83,0.046,0.8
228,Kansas City (MO) Civilian,Kansas City (MO) Civilian Workers in Police Dept.,MO,Missouri,Kansas City,3,2020.0,2020-04-30,145364.75,0.015,0.78
228,Kansas City (MO) Civilian,Kansas City (MO) Civilian Workers in Police Dept.,MO,Missouri,Kansas City,3,2021.0,2021-04-30,174187.75,0.233,0.78
230,Bismarck Police Plan,City of Bismarck Police Employees’ Pension Plan,ND,North Dakota,Bismarck,3,2021.0,2021-12-31,53951.297,0.0483,0.97709
232,Sioux Falls Fire,Sioux Falls City Firefighters’ Pension Fund (CFPF),SD,South Dakota,Sioux Falls,3,2012.0,2012-12-31,103218.96,0.148,0.787
232,Sioux Falls Fire,Sioux Falls City Firefighters’ Pension Fund (CFPF),SD,South Dakota,Sioux Falls,3,2013.0,2013-12-31,122991.13,0.205,0.804
232,Sioux Falls Fire,Sioux Falls City Firefighters’ Pension Fund (CFPF),SD,South Dakota,Sioux Falls,3,2014.0,2014-12-31,130197.59,0.071,0.82
232,Sioux Falls Fire,Sioux Falls City Firefighters’ Pension Fund (CFPF),SD,South Dakota,Sioux Falls,3,2015.0,2015-12-31,128780.29,0.0015,0.824
232,Sioux Falls Fire,Sioux Falls City Firefighters’ Pension Fund (CFPF),SD,South Dakota,Sioux Falls,3,2016.0,2016-12-31,137822.58,0.0876,0.857
232,Sioux Falls Fire,Sioux Falls City Firefighters’ Pension Fund (CFPF),SD,South Dakota,Sioux Falls,3,2017.0,2017-12-31,164875.27,0.1703,0.995
232,Sioux Falls Fire,Sioux Falls City Firefighters’ Pension Fund (CFPF),SD,South Dakota,Sioux Falls,3,2018.0,2018-12-31,155944.83,-0.0383,0.985
232,Sioux Falls Fire,Sioux Falls City Firefighters’ Pension Fund (CFPF),SD,South Dakota,Sioux Falls,3,2019.0,2019-12-31,183602.08,0.2049,0.979
232,Sioux Falls Fire,Sioux Falls City Firefighters’ Pension Fund (CFPF),SD,South Dakota,Sioux Falls,3,2020.0,2020-12-31,203586.28,0.1317,0.986
232,Sioux Falls Fire,Sioux Falls City Firefighters’ Pension Fund (CFPF),SD,South Dakota,Sioux Falls,3,2021.0,2021-12-31,228607.98,0.1488,1.142
233,Arkansas Police and Fire,Arkansas Local Police and Fire Retirement System,AR,Arkansas,Arkansas,3,2006.0,2006-12-31,736511.2,0.106,0.78
233,Arkansas Police and Fire,Arkansas Local Police and Fire Retirement System,AR,Arkansas,Arkansas,3,2008.0,2008-12-31,657194.25,-0.2554,0.66
233,Arkansas Police and Fire,Arkansas Local Police and Fire Retirement System,AR,Arkansas,Arkansas,3,2009.0,2009-12-31,827769.5,0.1807,0.64
233,Arkansas Police and Fire,Arkansas Local Police and Fire Retirement System,AR,Arkansas,Arkansas,3,2010.0,2010-12-31,955781.9,0.1068,0.65
233,Arkansas Police and Fire,Arkansas Local Police and Fire Retirement System,AR,Arkansas,Arkansas,3,2011.0,2011-12-31,1.0016728e+06,-0.0042,0.65
233,Arkansas Police and Fire,Arkansas Local Police and Fire Retirement System,AR,Arkansas,Arkansas,3,2012.0,2012-12-31,1.1587738e+06,0.123,0.65
233,Arkansas Police and Fire,Arkansas Local Police and Fire Retirement System,AR,Arkansas,Arkansas,3,2013.0,2013-12-31,1.467976e+06,0.1776,0.67
233,Arkansas Police and Fire,Arkansas Local Police and Fire Retirement System,AR,Arkansas,Arkansas,3,2014.0,2014-12-31,1.6100918e+06,0.0816,0.7
233,Arkansas Police and Fire,Arkansas Local Police and Fire Retirement System,AR,Arkansas,Arkansas,3,2015.0,2015-12-31,1.6466782e+06,0.001,0.69
233,Arkansas Police and Fire,Arkansas Local Police and Fire Retirement System,AR,Arkansas,Arkansas,3,2016.0,2016-12-31,1.770839e+06,0.0625,0.71
233,Arkansas Police and Fire,Arkansas Local Police and Fire Retirement System,AR,Arkansas,Arkansas,3,2017.0,2017-12-31,2.0746185e+06,0.1448,0.71
233,Arkansas Police and Fire,Arkansas Local Police and Fire Retirement System,AR,Arkansas,Arkansas,3,2018.0,2018-12-31,2.0798531e+06,-0.0259,0.71
233,Arkansas Police and Fire,Arkansas Local Police and Fire Retirement System,AR,Arkansas,Arkansas,3,2019.0,2019-12-31,2.4745115e+06,0.19,0.71
233,Arkansas Police and Fire,Arkansas Local Police and Fire Retirement System,AR,Arkansas,Arkansas,3,2020.0,2020-12-31,2.8144825e+06,0.1319,0.74
233,Arkansas Police and Fire,Arkansas Local Police and Fire Retirement System,AR,Arkansas,Arkansas,3,2021.0,2021-12-31,3.2672818e+06,0.1745,0.75
234,Delaware Police and Fire,Delaware County and Municipal Police and Firefighters' Plan,DE,Delaware,Delaware,3,2001.0,2001-06-30,29693.0,-0.051,0.995
234,Delaware Police and Fire,Delaware County and Municipal Police and Firefighters' Plan,DE,Delaware,Delaware,3,2002.0,2002-06-30,31669.0,-0.063,1.155
234,Delaware Police and Fire,Delaware County and Municipal Police and Firefighters' Plan,DE,Delaware,Delaware,3,2003.0,2003-06-30,37102.0,0.031,1.123
234,Delaware Police and Fire,Delaware County and Municipal Police and Firefighters' Plan,DE,Delaware,Delaware,3,2004.0,2004-06-30,47515.0,0.159,1.082
234,Delaware Police and Fire,Delaware County and Municipal Police and Firefighters' Plan,DE,Delaware,Delaware,3,2005.0,2005-06-30,59069.0,0.096,0.974
234,Delaware Police and Fire,Delaware County and Municipal Police and Firefighters' Plan,DE,Delaware,Delaware,3,2006.0,2006-06-30,73413.0,0.124,0.99
234,Delaware Police and Fire,Delaware County and Municipal Police and Firefighters' Plan,DE,Delaware,Delaware,3,2007.0,2007-06-30,93256.0,0.159,0.982
234,Delaware Police and Fire,Delaware County and Municipal Police and Firefighters' Plan,DE,Delaware,Delaware,3,2008.0,2008-06-30,99974.0,-0.013,0.986
234,Delaware Police and Fire,Delaware County and Municipal Police and Firefighters' Plan,DE,Delaware,Delaware,3,2009.0,2009-06-30,98891.0,-0.158,0.977
234,Delaware Police and Fire,Delaware County and Municipal Police and Firefighters' Plan,DE,Delaware,Delaware,3,2010.0,2010-06-30,122086.0,0.141,0.959
234,Delaware Police and Fire,Delaware County and Municipal Police and Firefighters' Plan,DE,Delaware,Delaware,3,2011.0,2011-06-30,161180.0,0.243,0.983
234,Delaware Police and Fire,Delaware County and Municipal Police and Firefighters' Plan,DE,Delaware,Delaware,3,2012.0,2012-06-30,175520.0,0.02,0.962
234,Delaware Police and Fire,Delaware County and Municipal Police and Firefighters' Plan,DE,Delaware,Delaware,3,2013.0,2013-06-30,204739.0,0.111,0.981
234,Delaware Police and Fire,Delaware County and Municipal Police and Firefighters' Plan,DE,Delaware,Delaware,3,2014.0,2014-06-30,252662.0,0.175,1.009
234,Delaware Police and Fire,Delaware County and Municipal Police and Firefighters' Plan,DE,Delaware,Delaware,3,2015.0,2015-06-30,273109.0,0.039,1.003
234,Delaware Police and Fire,Delaware County and Municipal Police and Firefighters' Plan,DE,Delaware,Delaware,3,2016.0,2016-06-30,284298.0,-0.013,1.017
234,Delaware Police and Fire,Delaware County and Municipal Police and Firefighters' Plan,DE,Delaware,Delaware,3,2017.0,2017-06-30,325867.0,0.113,0.932
234,Delaware Police and Fire,Delaware County and Municipal Police and Firefighters' Plan,DE,Delaware,Delaware,3,2018.0,2018-06-30,367470.0,0.106,0.933
234,Delaware Police and Fire,Delaware County and Municipal Police and Firefighters' Plan,DE,Delaware,Delaware,3,2019.0,2019-06-30,396829.0,0.05,0.94
234,Delaware Police and Fire,Delaware County and Municipal Police and Firefighters' Plan,DE,Delaware,Delaware,3,2020.0,2020-06-30,446384.0,0.1,0.95
234,Delaware Police and Fire,Delaware County and Municipal Police and Firefighters' Plan,DE,Delaware,Delaware,3,2021.0,2021-06-30,625792.0,0.381,1.02
