ppd_id,PlanName,StateAbbrev,fy,policy_period_start,policy_period_end,total_fund_benchmark,us_equity_benchmark,intl_equity_benchmark,global_equity_benchmark,fixed_income_benchmark,real_estate_benchmark,private_equity_benchmark,hedge_fund_absolute_return_benchmark,real_assets_commodities_benchmark,cash_benchmark,other_asset_classes_notes,source_type,source_document_name,source_url,source_document_fy,source_page,source_quote,confidence,total_fund_actual_return_pct,total_fund_benchmark_return_pct,us_equity_actual_return_pct,intl_equity_actual_return_pct,global_equity_actual_return_pct,fixed_income_actual_return_pct,real_estate_actual_return_pct,private_equity_actual_return_pct,hedge_fund_absolute_return_actual_return_pct,real_assets_commodities_actual_return_pct,cash_actual_return_pct,us_equity_benchmark_return_pct,intl_equity_benchmark_return_pct,global_equity_benchmark_return_pct,fixed_income_benchmark_return_pct,real_estate_benchmark_return_pct,private_equity_benchmark_return_pct,hedge_fund_absolute_return_benchmark_return_pct,real_assets_commodities_benchmark_return_pct,cash_benchmark_return_pct,other_returns_notes,returns_source_type,returns_source_document_name,returns_source_url,returns_source_document_fy,returns_source_page,returns_source_quote,returns_confidence,cross_model_agreement,researcher,research_date,notes
9,California PERF,CA,2019,2019,2021,"PERF Weighted Policy Benchmark = aggregation of asset-class/segment benchmarks weighted per policy/interim target weight: Growth-Public Equity Segment 1 Cap-Weighted (Custom FTSE All-World, All-Cap Equity) 35% target; Segment 2 Factor-Weighted (MSCI ACWI Select Factor Weighted Index) 15% target; Growth-Private Equity (Custom FTSE All-World, All-Cap Equity +150bps, one-quarter lag) 8% target; Income Segment 1 Long Treasury (Custom Bloomberg Barclays Long Government) 10% target; Segment 2 Long Spread (Custom Bloomberg Barclays Long Spread) 15% target; Segment 3 High Yield (Custom Bloomberg Barclays High Yield) 3% target; Real Assets (MSCI/PREA U.S. ACOE Quarterly Property Fund Index, Unfrozen) 13% target; Inflation Assets (50% Bloomberg Barclays Inflation Linked U.S. + other components) 0% target; Liquidity (30-day Treasury Bill) 1% target. Per the FY2019 CAFR (fiscal year ended June 30, 2019), current combined-category benchmarks were: Total Fund 1yr/3yr/5yr/10yr actual 6.7%/8.8%/5.8%/9.1% vs. Weighted Policy Benchmark 7.1%/9.0%/6.1%/9.5%.","Component of Public Equity via Segment 1: Custom FTSE All-World, All-Cap Equity",,"CalPERS Custom Public Equity Composite = Segment 1 Cap-Weighted (Custom FTSE All World, All Cap Equity) + Segment 2 Factor-Weighted (MSCI ACWI Select Factor Weighted Index). Per the FY2019 CAFR footnote (2): 'The current benchmark is 72% Custom FTSE All World, All Cap Equity and 28% MSCI Select Factor Weighted Index' (relative weights within the Public Equity sleeve; close to but not identical to the IPS's strict 35%/15% of total-fund targets, consistent with actual/interim weights floating within policy ranges).","CalPERS Custom Global Fixed Income Composite = Segment 1 Long Treasury (Custom Bloomberg Barclays Long Government) + Segment 2 Long Spread (Custom Bloomberg Barclays Long Spread) + Segment 3 High Yield (Custom Bloomberg Barclays High Yield). Per the FY2019 CAFR footnote (3), relative weights within Income were approximately 36% Long Treasury / 53% Long Spread / 11% High Yield (matches the IPS's 10%/15%/3% of total-fund targets normalized to Income's 28% total: 10/28=36%, 15/28=54%, 3/28=11%).","MSCI/PREA U.S. ACOE Quarterly Property Fund Index (Unfrozen) -- this single index is the benchmark for the entire Real Assets asset class, not real estate alone (13% target weight)","Custom FTSE All-World, All-Cap Equity + 150bps, one-quarter lag (8% target weight)",,"Real Assets: MSCI/PREA U.S. ACOE Quarterly Property Fund Index (Unfrozen), 13% target. Inflation Assets: 0% target during this transitional period.","Liquidity: 30-day Treasury Bill, 1% target. Per the FY2019 CAFR, the secondary Liquidity comparator (labeled '30-Day Treasury Bill' in the Index column) returned 2.2%/1.3%/1.2%/1.2% (1/3/5/10-yr) vs. actual 2.6%/1.7%/1.3%/1.1%.",Total Fund is also compared against two non-policy reference medians in the CAFR table: Trust Universe Comparison Service (TUCS) Public Fund Median and Wilshire Large Fund Universe Median.,CAFR,"CA_CA-CALPERS_CAFR_2019_9.pdf.pdf, 'Portfolio Comparisons - PERF (Time-Weighted Rates of Return)' table",/Kevin/RevolvingDoor/CAFR2024/9_California PERF/CA_CA-CALPERS_CAFR_2019_9.pdf.pdf,2019,101,"Weighted Policy Benchmark4 ... (2) The current benchmark is 72% Custom FTSE All World, All Cap Equity and 28% MSCI Select Factor Weighted Index. (3) The current benchmark is ... 36% Custom Bloomberg Barclays Long [Government], 53% Custom Bloomberg Barclays Long Spread, 11% Custom Bloomberg Barclays High Yield. (4) Index benchmarks are as of June 30, 2019.",High,6.7,7.1,,,6.1,9.6,3.7,7.7,,,2.6,,,6.2,9.3,6.5,4.0,,,2.2,"Public Equity Composite (Segment 1 Cap-Weighted + Segment 2 Factor-Weighted) mapped to global_equity since CalPERS reports it as one combined line, not split US/intl. Real Assets (real estate + infrastructure + forestland combined) mapped to real_estate since that's the composition field used for this category. Liquidity mapped to cash.",CAFR,"CA_CA-CALPERS_CAFR_2019_9.pdf.pdf, 'Portfolio Comparisons - PERF (Time-Weighted Rates of Return)' table",/Kevin/RevolvingDoor/CAFR2024/9_California PERF/CA_CA-CALPERS_CAFR_2019_9.pdf.pdf,2019,101,Total Fund 6.7% 8.8% 5.8% 9.1% ... Weighted Policy Benchmark 7.1% 9.0% 6.1% 9.5%,High,single-pass-only,user-verified-correction,2026-09-22,
9,California PERF,CA,2002,2001,2002,"Asset Allocation Policy Index -- the return for each asset-class benchmark, weighted at the current target asset allocations",PERS Wilshire 2500 Index (renamed PERS Wilshire 2500 Tobacco-Free Index by FY2002),"PERS State Street Global Advisors (SSGA) Custom Index (FY2001 table); shown as 'Custom FTSE All World Index' in the FY2002 table -- same SSGA-managed benchmark, label varies slightly by year",,Domestic: Salomon Brothers Large Pension Fund Index (FY2001) / Salomon Smith Barney Large Pension Fund Index (FY2002); International: Salomon Brothers Non-U.S. World Government Bond Index (Net Italy Tax),"NCREIF (National Council of Real Estate Investment Fiduciaries Index, quarter lag)",Annual Hurdle Rate of 15%,,,90-Day Treasury Bill,,CAFR,CA_CA-CALPERS_CAFR_2002_9.pdf.pdf,/Kevin/RevolvingDoor/CAFR2024/9_California PERF/CA_CA-CALPERS_CAFR_2002_9.pdf.pdf,2002,,,High,,,,,,,,,,,,,,,,,,,,,,,,,,,,,single-pass-only,pilot-batch-1-sonnet,2026-09-22,
9,California PERF,CA,2008,2008,2009,"Asset Allocation Policy Index -- the return for each asset-class benchmark, weighted at the current target asset allocations",PERS Wilshire 2500 Tobacco-Free Index,FTSE All World ex U.S. Index (replacing the PERS SSGA Custom Index used through FY2007),,"Domestic: Lehman Long Liability Index; International: Lehman International Fixed Income (renamed/broadened from 'Lehman World Government Bond, ex-U.S.')",NCREIF Property Index (quarter lag),FY2008: Custom Wilshire 2500 Index +300 Basis Points; FY2009: Custom Young Fund Policy Index,,,Custom Short-Term Investment Fund (SSGA Custom STIF Policy Index),,CAFR,CA_CA-CALPERS_CAFR_2009_9.pdf.pdf,/Kevin/RevolvingDoor/CAFR2024/9_California PERF/CA_CA-CALPERS_CAFR_2009_9.pdf.pdf,2009,,,High,,,,,,,,,,,,,,,,,,,,,,,,,,,,,single-pass-only,pilot-batch-1-sonnet,2026-09-22,
9,California PERF,CA,2005,2005,2005,"Asset Allocation Policy Index -- the return for each asset-class benchmark, weighted at the current target asset allocations",PERS Wilshire 2500 Tobacco-Free Index,PERS SSGA Custom,,"Domestic: Lehman Long Liability Index; International: Lehman World Government Bond, ex-U.S.",NCREIF (quarter lag),Venture Economics Custom Young Fund Universe,,,Custom Short-Term Investment Fund (SSGA-maintained Custom STIF Policy Index),,CAFR,CA_CA-CALPERS_CAFR_2005_9.pdf.pdf,/Kevin/RevolvingDoor/CAFR2024/9_California PERF/CA_CA-CALPERS_CAFR_2005_9.pdf.pdf,2005,,,High,,,,,,,,,,,,,,,,,,,,,,,,,,,,,single-pass-only,pilot-batch-1-sonnet,2026-09-22,
9,California PERF,CA,2011,2011,2011,,,,,,,,,,,,Other,,,2011,,,Low,,,,,,,,,,,,,,,,,,,,,,,,,,,,,single-pass-only,pilot-batch-1-sonnet,2026-09-22,
9,California PERF,CA,2014,2012,2014,"Asset Allocation Policy Index = weighted blend of: Total Growth (78% FTSE All-World, All-Cap public-equity benchmark + 22% Private Equity benchmark); Total Debt Securities Benchmark (90% Barclays Long Liability Index + 10% Barclays International Fixed Income); Real Assets Benchmark (77% Real Estate + 15% Infrastructure + 8% Forestland); Liquidity (75% Barclays Treasury 2-10yr + 25% 1-Month T-Bill); Inflation Benchmark (75% ILB Benchmark + 25% Commodities Benchmark); plus a non-benchmark-weighted Absolute Return Strategies sleeve",CalPERS Custom FTSE TMI (Blended) [component of the Growth/Public-Equity sleeve],FTSE All World ex U.S. Index [component of the Growth/Public-Equity sleeve],,Total Debt Securities Benchmark: 90% Barclays Long Liability Index + 10% Barclays International Fixed Income,"NCREIF ODCE (net) + EPRA/NAREIT Global (Real Estate component, 77% weight within the Real Assets Benchmark)","67% FTSE US TMI + 33% FTSE All-World ex-U.S. + 3%, one-quarter lag",Absolute Return Strategies Program: 1-year Treasury Note + 5% (tracked but not a formal weighted component of the Total Fund Policy Benchmark),"Real Assets Benchmark: 77% Real Estate + 15% Infrastructure (CPI + 4%, one-month lag) + 8% Forestland (NCREIF Timberland, gross, one-quarter lag). Inflation Benchmark: 75% ILB Benchmark + 25% Commodities Benchmark (Standard & Poor's GSCI Total Return Index)",Liquidity Program: 75% Barclays Treasury 2-10yr Index + 25% 1-Month Treasury Bill,"Inflation Assets asset class has an inception date of 2007 per CAFR footnotes, though it only appears broken out as its own line in the Total Fund benchmark table starting around this period.",CAFR,CA_CA-CALPERS_CAFR_2013_9.pdf.pdf,/Kevin/RevolvingDoor/CAFR2024/9_California PERF/CA_CA-CALPERS_CAFR_2013_9.pdf.pdf,2013,,,Medium,,,,,,,,,,,,,,,,,,,,,,,,,,,,,single-pass-only,pilot-batch-1-sonnet,2026-09-22,
9,California PERF,CA,2020,2019,2021,"PERF Weighted Policy Benchmark = aggregation of asset-class/segment benchmarks weighted per policy/interim target weight: Growth-Public Equity Segment 1 Cap-Weighted (Custom FTSE All-World, All-Cap Equity) 35% target; Segment 2 Factor-Weighted (MSCI ACWI Select Factor Weighted Index) 15% target; Growth-Private Equity (Custom FTSE All-World, All-Cap Equity +150bps, one-quarter lag) 8% target; Income Segment 1 Long Treasury (Custom Bloomberg Barclays Long Government) 10% target; Segment 2 Long Spread (Custom Bloomberg Barclays Long Spread) 15% target; Segment 3 High Yield (Custom Bloomberg Barclays High Yield) 3% target; Real Assets (MSCI/PREA U.S. ACOE Quarterly Property Fund Index, Unfrozen) 13% target; Inflation Assets (50% Bloomberg Barclays Inflation Linked U.S. + other components) 0% target; Liquidity (30-day Treasury Bill) 1% target. Per the FY2019 CAFR (fiscal year ended June 30, 2019), current combined-category benchmarks were: Total Fund 1yr/3yr/5yr/10yr actual 6.7%/8.8%/5.8%/9.1% vs. Weighted Policy Benchmark 7.1%/9.0%/6.1%/9.5%.","Component of Public Equity via Segment 1: Custom FTSE All-World, All-Cap Equity",,"CalPERS Custom Public Equity Composite = Segment 1 Cap-Weighted (Custom FTSE All World, All Cap Equity) + Segment 2 Factor-Weighted (MSCI ACWI Select Factor Weighted Index). Per the FY2019 CAFR footnote (2): 'The current benchmark is 72% Custom FTSE All World, All Cap Equity and 28% MSCI Select Factor Weighted Index' (relative weights within the Public Equity sleeve; close to but not identical to the IPS's strict 35%/15% of total-fund targets, consistent with actual/interim weights floating within policy ranges).","CalPERS Custom Global Fixed Income Composite = Segment 1 Long Treasury (Custom Bloomberg Barclays Long Government) + Segment 2 Long Spread (Custom Bloomberg Barclays Long Spread) + Segment 3 High Yield (Custom Bloomberg Barclays High Yield). Per the FY2019 CAFR footnote (3), relative weights within Income were approximately 36% Long Treasury / 53% Long Spread / 11% High Yield (matches the IPS's 10%/15%/3% of total-fund targets normalized to Income's 28% total: 10/28=36%, 15/28=54%, 3/28=11%).","MSCI/PREA U.S. ACOE Quarterly Property Fund Index (Unfrozen) -- this single index is the benchmark for the entire Real Assets asset class, not real estate alone (13% target weight)","Custom FTSE All-World, All-Cap Equity + 150bps, one-quarter lag (8% target weight)",,"Real Assets: MSCI/PREA U.S. ACOE Quarterly Property Fund Index (Unfrozen), 13% target. Inflation Assets: 0% target during this transitional period.","Liquidity: 30-day Treasury Bill, 1% target. Per the FY2019 CAFR, the secondary Liquidity comparator (labeled '30-Day Treasury Bill' in the Index column) returned 2.2%/1.3%/1.2%/1.2% (1/3/5/10-yr) vs. actual 2.6%/1.7%/1.3%/1.1%.",Total Fund is also compared against two non-policy reference medians in the CAFR table: Trust Universe Comparison Service (TUCS) Public Fund Median and Wilshire Large Fund Universe Median.,CAFR,"CA_CA-CALPERS_CAFR_2019_9.pdf.pdf, 'Portfolio Comparisons - PERF (Time-Weighted Rates of Return)' table",/Kevin/RevolvingDoor/CAFR2024/9_California PERF/CA_CA-CALPERS_CAFR_2019_9.pdf.pdf,2019,101,"Weighted Policy Benchmark4 ... (2) The current benchmark is 72% Custom FTSE All World, All Cap Equity and 28% MSCI Select Factor Weighted Index. (3) The current benchmark is ... 36% Custom Bloomberg Barclays Long [Government], 53% Custom Bloomberg Barclays Long Spread, 11% Custom Bloomberg Barclays High Yield. (4) Index benchmarks are as of June 30, 2019.",High,,,,,,,,,,,,,,,,,,,,,,,,,,,,,single-pass-only,user-verified-correction,2026-09-22,
9,California PERF,CA,2017,2017,2018,"Total Fund Policy Benchmark = weighted average of: Growth (85.2% Public Equity benchmark + 14.8% Private Equity benchmark); Income (90% Bloomberg Barclays Long Liabilities + 10% Bloomberg Barclays International Fixed Income Index, GDP-weighted ex-US); Inflation Assets (75% ILB benchmark + 25% Commodities benchmark); Real Assets (84.6% Real Estate benchmark + 7.7% Infrastructure benchmark + 7.7% Forestland benchmark); Liquidity (91-day Treasury Bill)",,,"FTSE CalPERS Global (All-World, All Capitalization) Custom Index, customized to exclude Board-directed divestments",Income: 90% Bloomberg Barclays Long Liabilities Index + 10% Bloomberg Barclays International Fixed Income Index (GDP-weighted ex-US),Real Estate Program: exceed (net of fees) NCREIF ODCE,"67% FTSE U.S. TMI + 33% FTSE All-World ex-U.S. TMI, +3%, one-quarter lag",Absolute Return Strategies Program: One-year Treasury Note + 5%,"Real Assets Benchmark: 84.6% Real Estate + 7.7% Infrastructure (CPI +4%, one-quarter lag) + 7.7% Forestland (NCREIF Timberland). Inflation Assets Benchmark: 75% ILB Custom Index (67% Bloomberg Barclays Global Inflation-Linked U.S. + 33% Bloomberg Barclays Universal Government Inflation-Linked Bond Index ex-US) + 25% Commodities Program benchmark (S&P GSCI Total Return Index)",Liquidity Program: 91-day Treasury Bill,Opportunistic Program (Multi Asset Class Program) benchmark: Absolute 7.5%.,IPS,CaliforniaPERF_InvPolStmt_2017_9.pdf.pdf,/Kevin/RevolvingDoor/CAFR2024/9_California PERF/CaliforniaPERF_InvPolStmt_2017_9.pdf.pdf,2017,,,High,,,,,,,,,,,,,,,,,,,,,,,,,,,,,single-pass-only,pilot-batch-1-sonnet,2026-09-22,
9,California PERF,CA,2006,2006,2007,"Asset Allocation Policy Index -- the return for each asset-class benchmark, weighted at the current target asset allocations",PERS Wilshire 2500 Tobacco-Free Index,PERS SSGA Custom Index,,"Domestic: Lehman Long Liability Index; International: Lehman World Government Bond, ex-U.S.",NCREIF Property Index (quarter lag),Venture Economics Custom Young Fund Universe,,,Custom Short-Term Investment Fund (SSGA Custom STIF Policy Index),,CAFR,CA_CA-CALPERS_CAFR_2007_9.pdf.pdf,/Kevin/RevolvingDoor/CAFR2024/9_California PERF/CA_CA-CALPERS_CAFR_2007_9.pdf.pdf,2007,,,High,,,,,,,,,,,,,,,,,,,,,,,,,,,,,single-pass-only,pilot-batch-1-sonnet,2026-09-22,
9,California PERF,CA,2003,2003,2003,"Asset Allocation Policy Index -- the return for each asset-class benchmark, weighted at the current target asset allocations",PERS Wilshire 2500 Tobacco-Free Index,PERS SSGA Custom (index benchmark),,Domestic: Citigroup Large Pension Fund Index; International: Citigroup Non-U.S. Government Bond Index (Net Italy Tax),NCREIF (quarter lag),PERS Wilshire 2500 / CRFU Blend,,,90-Day Treasury Bill,,CAFR,CA_CA-CALPERS_CAFR_2003_9.pdf.pdf,/Kevin/RevolvingDoor/CAFR2024/9_California PERF/CA_CA-CALPERS_CAFR_2003_9.pdf.pdf,2003,,,High,,,,,,,,,,,,,,,,,,,,,,,,,,,,,single-pass-only,pilot-batch-1-sonnet,2026-09-22,
9,California PERF,CA,2009,2008,2009,"Asset Allocation Policy Index -- the return for each asset-class benchmark, weighted at the current target asset allocations",PERS Wilshire 2500 Tobacco-Free Index,FTSE All World ex U.S. Index (replacing the PERS SSGA Custom Index used through FY2007),,"Domestic: Lehman Long Liability Index; International: Lehman International Fixed Income (renamed/broadened from 'Lehman World Government Bond, ex-U.S.')",NCREIF Property Index (quarter lag),FY2008: Custom Wilshire 2500 Index +300 Basis Points; FY2009: Custom Young Fund Policy Index,,,Custom Short-Term Investment Fund (SSGA Custom STIF Policy Index),,CAFR,CA_CA-CALPERS_CAFR_2009_9.pdf.pdf,/Kevin/RevolvingDoor/CAFR2024/9_California PERF/CA_CA-CALPERS_CAFR_2009_9.pdf.pdf,2009,,,High,,,,,,,,,,,,,,,,,,,,,,,,,,,,,single-pass-only,pilot-batch-1-sonnet,2026-09-22,
9,California PERF,CA,2012,2012,2014,"Asset Allocation Policy Index = weighted blend of: Total Growth (78% FTSE All-World, All-Cap public-equity benchmark + 22% Private Equity benchmark); Total Debt Securities Benchmark (90% Barclays Long Liability Index + 10% Barclays International Fixed Income); Real Assets Benchmark (77% Real Estate + 15% Infrastructure + 8% Forestland); Liquidity (75% Barclays Treasury 2-10yr + 25% 1-Month T-Bill); Inflation Benchmark (75% ILB Benchmark + 25% Commodities Benchmark); plus a non-benchmark-weighted Absolute Return Strategies sleeve",CalPERS Custom FTSE TMI (Blended) [component of the Growth/Public-Equity sleeve],FTSE All World ex U.S. Index [component of the Growth/Public-Equity sleeve],,Total Debt Securities Benchmark: 90% Barclays Long Liability Index + 10% Barclays International Fixed Income,"NCREIF ODCE (net) + EPRA/NAREIT Global (Real Estate component, 77% weight within the Real Assets Benchmark)","67% FTSE US TMI + 33% FTSE All-World ex-U.S. + 3%, one-quarter lag",Absolute Return Strategies Program: 1-year Treasury Note + 5% (tracked but not a formal weighted component of the Total Fund Policy Benchmark),"Real Assets Benchmark: 77% Real Estate + 15% Infrastructure (CPI + 4%, one-month lag) + 8% Forestland (NCREIF Timberland, gross, one-quarter lag). Inflation Benchmark: 75% ILB Benchmark + 25% Commodities Benchmark (Standard & Poor's GSCI Total Return Index)",Liquidity Program: 75% Barclays Treasury 2-10yr Index + 25% 1-Month Treasury Bill,"Inflation Assets asset class has an inception date of 2007 per CAFR footnotes, though it only appears broken out as its own line in the Total Fund benchmark table starting around this period.",CAFR,CA_CA-CALPERS_CAFR_2013_9.pdf.pdf,/Kevin/RevolvingDoor/CAFR2024/9_California PERF/CA_CA-CALPERS_CAFR_2013_9.pdf.pdf,2013,,,Medium,,,,,,,,,,,,,,,,,,,,,,,,,,,,,single-pass-only,pilot-batch-1-sonnet,2026-09-22,
9,California PERF,CA,2018,2017,2018,"Total Fund Policy Benchmark = weighted average of: Growth (85.2% Public Equity benchmark + 14.8% Private Equity benchmark); Income (90% Bloomberg Barclays Long Liabilities + 10% Bloomberg Barclays International Fixed Income Index, GDP-weighted ex-US); Inflation Assets (75% ILB benchmark + 25% Commodities benchmark); Real Assets (84.6% Real Estate benchmark + 7.7% Infrastructure benchmark + 7.7% Forestland benchmark); Liquidity (91-day Treasury Bill)",,,"FTSE CalPERS Global (All-World, All Capitalization) Custom Index, customized to exclude Board-directed divestments",Income: 90% Bloomberg Barclays Long Liabilities Index + 10% Bloomberg Barclays International Fixed Income Index (GDP-weighted ex-US),Real Estate Program: exceed (net of fees) NCREIF ODCE,"67% FTSE U.S. TMI + 33% FTSE All-World ex-U.S. TMI, +3%, one-quarter lag",Absolute Return Strategies Program: One-year Treasury Note + 5%,"Real Assets Benchmark: 84.6% Real Estate + 7.7% Infrastructure (CPI +4%, one-quarter lag) + 7.7% Forestland (NCREIF Timberland). Inflation Assets Benchmark: 75% ILB Custom Index (67% Bloomberg Barclays Global Inflation-Linked U.S. + 33% Bloomberg Barclays Universal Government Inflation-Linked Bond Index ex-US) + 25% Commodities Program benchmark (S&P GSCI Total Return Index)",Liquidity Program: 91-day Treasury Bill,Opportunistic Program (Multi Asset Class Program) benchmark: Absolute 7.5%.,IPS,CaliforniaPERF_InvPolStmt_2017_9.pdf.pdf,/Kevin/RevolvingDoor/CAFR2024/9_California PERF/CaliforniaPERF_InvPolStmt_2017_9.pdf.pdf,2017,,,High,,,,,,,,,,,,,,,,,,,,,,,,,,,,,single-pass-only,pilot-batch-1-sonnet,2026-09-22,
9,California PERF,CA,2015,2015,2016,"Total Fund Policy Benchmark = weighted average of: Growth (84% Public Equity benchmark + 16% Private Equity benchmark); Income (90% Barclays Long Liabilities + 10% Barclays International Fixed Income Index, GDP-weighted ex-US); Inflation Assets (75% ILB benchmark + 25% Commodities benchmark); Real Assets (83% Real Estate benchmark + 8.5% Infrastructure benchmark + 8.5% Forestland benchmark); Liquidity (91-day Treasury Bill; a transitional 75% Barclays Treasury 2-10yr + 25% 1-month T-Bill blend was still used for part of FY2015)",,,"FTSE CalPERS Global (All-World, All Capitalization) Custom Index, customized to exclude Board-directed divestments -- the 'Public Equity' benchmark; equity is no longer split into separate domestic/international sleeves",Income: 90% Barclays Long Liabilities Index + 10% Barclays International Fixed Income Index (GDP-weighted ex-US),Real Estate Program: exceed (net of fees) NCREIF ODCE,"67% FTSE U.S. TMI + 33% FTSE All-World ex-U.S. TMI, +3%, one-quarter lag",Absolute Return Strategies Program: 1-year Treasury Note + 5%,"Real Assets Benchmark: 83% Real Estate + 8.5% Infrastructure (CPI +4%, one-quarter lag) + 8.5% Forestland (NCREIF Timberland). Inflation Assets Benchmark: 75% ILB Custom Index (67% Barclays Global Inflation-Linked U.S. + 33% Barclays Universal Government Inflation-Linked Bond Index ex-US) + 25% Commodities Program benchmark (S&P GSCI Total Return Index)",Liquidity Program: 91-day Treasury Bill (transitional blend used through part of FY2015),Multi Asset Class Partners Program benchmark: Absolute 7.5%.,IPS,CaliforniaPERF_InvPolStmt_2015_9.pdf.pdf,/Kevin/RevolvingDoor/CAFR2024/9_California PERF/CaliforniaPERF_InvPolStmt_2015_9.pdf.pdf,2015,,,High,,,,,,,,,,,,,,,,,,,,,,,,,,,,,single-pass-only,pilot-batch-1-sonnet,2026-09-22,
9,California PERF,CA,2021,2019,2021,"PERF Weighted Policy Benchmark = aggregation of asset-class/segment benchmarks weighted per policy/interim target weight: Growth-Public Equity Segment 1 Cap-Weighted (Custom FTSE All-World, All-Cap Equity) 35% target; Segment 2 Factor-Weighted (MSCI ACWI Select Factor Weighted Index) 15% target; Growth-Private Equity (Custom FTSE All-World, All-Cap Equity +150bps, one-quarter lag) 8% target; Income Segment 1 Long Treasury (Custom Bloomberg Barclays Long Government) 10% target; Segment 2 Long Spread (Custom Bloomberg Barclays Long Spread) 15% target; Segment 3 High Yield (Custom Bloomberg Barclays High Yield) 3% target; Real Assets (MSCI/PREA U.S. ACOE Quarterly Property Fund Index, Unfrozen) 13% target; Inflation Assets (50% Bloomberg Barclays Inflation Linked U.S. + other components) 0% target; Liquidity (30-day Treasury Bill) 1% target. Per the FY2019 CAFR (fiscal year ended June 30, 2019), current combined-category benchmarks were: Total Fund 1yr/3yr/5yr/10yr actual 6.7%/8.8%/5.8%/9.1% vs. Weighted Policy Benchmark 7.1%/9.0%/6.1%/9.5%.","Component of Public Equity via Segment 1: Custom FTSE All-World, All-Cap Equity",,"CalPERS Custom Public Equity Composite = Segment 1 Cap-Weighted (Custom FTSE All World, All Cap Equity) + Segment 2 Factor-Weighted (MSCI ACWI Select Factor Weighted Index). Per the FY2019 CAFR footnote (2): 'The current benchmark is 72% Custom FTSE All World, All Cap Equity and 28% MSCI Select Factor Weighted Index' (relative weights within the Public Equity sleeve; close to but not identical to the IPS's strict 35%/15% of total-fund targets, consistent with actual/interim weights floating within policy ranges).","CalPERS Custom Global Fixed Income Composite = Segment 1 Long Treasury (Custom Bloomberg Barclays Long Government) + Segment 2 Long Spread (Custom Bloomberg Barclays Long Spread) + Segment 3 High Yield (Custom Bloomberg Barclays High Yield). Per the FY2019 CAFR footnote (3), relative weights within Income were approximately 36% Long Treasury / 53% Long Spread / 11% High Yield (matches the IPS's 10%/15%/3% of total-fund targets normalized to Income's 28% total: 10/28=36%, 15/28=54%, 3/28=11%).","MSCI/PREA U.S. ACOE Quarterly Property Fund Index (Unfrozen) -- this single index is the benchmark for the entire Real Assets asset class, not real estate alone (13% target weight)","Custom FTSE All-World, All-Cap Equity + 150bps, one-quarter lag (8% target weight)",,"Real Assets: MSCI/PREA U.S. ACOE Quarterly Property Fund Index (Unfrozen), 13% target. Inflation Assets: 0% target during this transitional period.","Liquidity: 30-day Treasury Bill, 1% target. Per the FY2019 CAFR, the secondary Liquidity comparator (labeled '30-Day Treasury Bill' in the Index column) returned 2.2%/1.3%/1.2%/1.2% (1/3/5/10-yr) vs. actual 2.6%/1.7%/1.3%/1.1%.",Total Fund is also compared against two non-policy reference medians in the CAFR table: Trust Universe Comparison Service (TUCS) Public Fund Median and Wilshire Large Fund Universe Median.,CAFR,"CA_CA-CALPERS_CAFR_2019_9.pdf.pdf, 'Portfolio Comparisons - PERF (Time-Weighted Rates of Return)' table",/Kevin/RevolvingDoor/CAFR2024/9_California PERF/CA_CA-CALPERS_CAFR_2019_9.pdf.pdf,2019,101,"Weighted Policy Benchmark4 ... (2) The current benchmark is 72% Custom FTSE All World, All Cap Equity and 28% MSCI Select Factor Weighted Index. (3) The current benchmark is ... 36% Custom Bloomberg Barclays Long [Government], 53% Custom Bloomberg Barclays Long Spread, 11% Custom Bloomberg Barclays High Yield. (4) Index benchmarks are as of June 30, 2019.",High,,,,,,,,,,,,,,,,,,,,,,,,,,,,,single-pass-only,user-verified-correction,2026-09-22,
9,California PERF,CA,2001,2001,2002,"Asset Allocation Policy Index -- the return for each asset-class benchmark, weighted at the current target asset allocations",PERS Wilshire 2500 Index (renamed PERS Wilshire 2500 Tobacco-Free Index by FY2002),"PERS State Street Global Advisors (SSGA) Custom Index (FY2001 table); shown as 'Custom FTSE All World Index' in the FY2002 table -- same SSGA-managed benchmark, label varies slightly by year",,Domestic: Salomon Brothers Large Pension Fund Index (FY2001) / Salomon Smith Barney Large Pension Fund Index (FY2002); International: Salomon Brothers Non-U.S. World Government Bond Index (Net Italy Tax),"NCREIF (National Council of Real Estate Investment Fiduciaries Index, quarter lag)",Annual Hurdle Rate of 15%,,,90-Day Treasury Bill,,CAFR,CA_CA-CALPERS_CAFR_2002_9.pdf.pdf,/Kevin/RevolvingDoor/CAFR2024/9_California PERF/CA_CA-CALPERS_CAFR_2002_9.pdf.pdf,2002,,,High,,,,,,,,,,,,,,,,,,,,,,,,,,,,,single-pass-only,pilot-batch-1-sonnet,2026-09-22,
9,California PERF,CA,2004,2004,2004,"Asset Allocation Policy Index -- the return for each asset-class benchmark, weighted at the current target asset allocations",PERS Wilshire 2500 Tobacco-Free Index,PERS SSGA Custom,,Domestic: Citigroup Large Pension Fund Index; International: Citigroup Non-U.S. Government Bond (Net Italy Tax),NCREIF (quarter lag),Venture Economics Custom Young Fund Universe,,,91-Day Treasury Bill,,CAFR,CA_CA-CALPERS_CAFR_2004_9.pdf.pdf,/Kevin/RevolvingDoor/CAFR2024/9_California PERF/CA_CA-CALPERS_CAFR_2004_9.pdf.pdf,2004,,,High,,,,,,,,,,,,,,,,,,,,,,,,,,,,,single-pass-only,pilot-batch-1-sonnet,2026-09-22,
9,California PERF,CA,2007,2006,2007,"Asset Allocation Policy Index -- the return for each asset-class benchmark, weighted at the current target asset allocations",PERS Wilshire 2500 Tobacco-Free Index,PERS SSGA Custom Index,,"Domestic: Lehman Long Liability Index; International: Lehman World Government Bond, ex-U.S.",NCREIF Property Index (quarter lag),Venture Economics Custom Young Fund Universe,,,Custom Short-Term Investment Fund (SSGA Custom STIF Policy Index),,CAFR,CA_CA-CALPERS_CAFR_2007_9.pdf.pdf,/Kevin/RevolvingDoor/CAFR2024/9_California PERF/CA_CA-CALPERS_CAFR_2007_9.pdf.pdf,2007,,,High,,,,,,,,,,,,,,,,,,,,,,,,,,,,,single-pass-only,pilot-batch-1-sonnet,2026-09-22,
9,California PERF,CA,2013,2012,2014,"Asset Allocation Policy Index = weighted blend of: Total Growth (78% FTSE All-World, All-Cap public-equity benchmark + 22% Private Equity benchmark); Total Debt Securities Benchmark (90% Barclays Long Liability Index + 10% Barclays International Fixed Income); Real Assets Benchmark (77% Real Estate + 15% Infrastructure + 8% Forestland); Liquidity (75% Barclays Treasury 2-10yr + 25% 1-Month T-Bill); Inflation Benchmark (75% ILB Benchmark + 25% Commodities Benchmark); plus a non-benchmark-weighted Absolute Return Strategies sleeve",CalPERS Custom FTSE TMI (Blended) [component of the Growth/Public-Equity sleeve],FTSE All World ex U.S. Index [component of the Growth/Public-Equity sleeve],,Total Debt Securities Benchmark: 90% Barclays Long Liability Index + 10% Barclays International Fixed Income,"NCREIF ODCE (net) + EPRA/NAREIT Global (Real Estate component, 77% weight within the Real Assets Benchmark)","67% FTSE US TMI + 33% FTSE All-World ex-U.S. + 3%, one-quarter lag",Absolute Return Strategies Program: 1-year Treasury Note + 5% (tracked but not a formal weighted component of the Total Fund Policy Benchmark),"Real Assets Benchmark: 77% Real Estate + 15% Infrastructure (CPI + 4%, one-month lag) + 8% Forestland (NCREIF Timberland, gross, one-quarter lag). Inflation Benchmark: 75% ILB Benchmark + 25% Commodities Benchmark (Standard & Poor's GSCI Total Return Index)",Liquidity Program: 75% Barclays Treasury 2-10yr Index + 25% 1-Month Treasury Bill,"Inflation Assets asset class has an inception date of 2007 per CAFR footnotes, though it only appears broken out as its own line in the Total Fund benchmark table starting around this period.",CAFR,CA_CA-CALPERS_CAFR_2013_9.pdf.pdf,/Kevin/RevolvingDoor/CAFR2024/9_California PERF/CA_CA-CALPERS_CAFR_2013_9.pdf.pdf,2013,,,Medium,,,,,,,,,,,,,,,,,,,,,,,,,,,,,single-pass-only,pilot-batch-1-sonnet,2026-09-22,
9,California PERF,CA,2010,2010,2010,"Asset Allocation Policy Index -- the return for each asset-class benchmark, weighted at the current target asset allocations",PERS Wilshire 2500 Tobacco-Free Index,FTSE All World ex U.S. Index,,Domestic: Barclays Long Liability Index; International: Barclays International Fixed Income (renamed from Lehman-branded indices following Barclays' 2008 acquisition),"NCREIF FTSE Custom Index: 90% of NCREIF (Property Index) +2%, and 10% FTSE NAREIT Global Index",Wilshire 2500 +3% (one-quarter lag) and Custom Young Fund Policy Index -- transitional/blended benchmark,,,Custom Short-Term Investment Fund (SSGA Custom STIF Policy Index),,CAFR,CA_CA-CALPERS_CAFR_2010_9.pdf.pdf,/Kevin/RevolvingDoor/CAFR2024/9_California PERF/CA_CA-CALPERS_CAFR_2010_9.pdf.pdf,2010,,,High,,,,,,,,,,,,,,,,,,,,,,,,,,,,,single-pass-only,pilot-batch-1-sonnet,2026-09-22,
9,California PERF,CA,2016,2015,2016,"Total Fund Policy Benchmark = weighted average of: Growth (84% Public Equity benchmark + 16% Private Equity benchmark); Income (90% Barclays Long Liabilities + 10% Barclays International Fixed Income Index, GDP-weighted ex-US); Inflation Assets (75% ILB benchmark + 25% Commodities benchmark); Real Assets (83% Real Estate benchmark + 8.5% Infrastructure benchmark + 8.5% Forestland benchmark); Liquidity (91-day Treasury Bill; a transitional 75% Barclays Treasury 2-10yr + 25% 1-month T-Bill blend was still used for part of FY2015)",,,"FTSE CalPERS Global (All-World, All Capitalization) Custom Index, customized to exclude Board-directed divestments -- the 'Public Equity' benchmark; equity is no longer split into separate domestic/international sleeves",Income: 90% Barclays Long Liabilities Index + 10% Barclays International Fixed Income Index (GDP-weighted ex-US),Real Estate Program: exceed (net of fees) NCREIF ODCE,"67% FTSE U.S. TMI + 33% FTSE All-World ex-U.S. TMI, +3%, one-quarter lag",Absolute Return Strategies Program: 1-year Treasury Note + 5%,"Real Assets Benchmark: 83% Real Estate + 8.5% Infrastructure (CPI +4%, one-quarter lag) + 8.5% Forestland (NCREIF Timberland). Inflation Assets Benchmark: 75% ILB Custom Index (67% Barclays Global Inflation-Linked U.S. + 33% Barclays Universal Government Inflation-Linked Bond Index ex-US) + 25% Commodities Program benchmark (S&P GSCI Total Return Index)",Liquidity Program: 91-day Treasury Bill (transitional blend used through part of FY2015),Multi Asset Class Partners Program benchmark: Absolute 7.5%.,IPS,CaliforniaPERF_InvPolStmt_2015_9.pdf.pdf,/Kevin/RevolvingDoor/CAFR2024/9_California PERF/CaliforniaPERF_InvPolStmt_2015_9.pdf.pdf,2015,,,High,,,,,,,,,,,,,,,,,,,,,,,,,,,,,single-pass-only,pilot-batch-1-sonnet,2026-09-22,
10,California Teachers,CA,2017,2017,2017,"Policy Benchmark Index: weighted blend of each asset class's custom benchmark at policy target allocation (per the Nov 2016 IPS glide path for FY2016-17: Global Equity ~56%, Private Equity 9%, Real Estate 13-14%, Inflation Sensitive ~1%, Risk Mitigating Strategies 2-3%, Fixed Income 16%, Cash 2%, moving toward a long-term target of Global Equity 47%/Private Equity 13%/Real Estate 13%/Inflation Sensitive 4%/Risk Mitigating Strategies 9%/Fixed Income 12%/Cash 2%). A separate 'Reference Portfolio' (Morningstar Moderate Target Risk index) is also reported for public/member comparison.",Russell 3000 Custom Index,MSCI ACWI ex-U.S. Custom Investable Market Index (IMI),Total Public Global Equity: weighted blend of the Russell 3000 Custom Index and the MSCI ACWI ex-U.S. Custom IMI,Total Public Debt: 95% Bloomberg Barclays U.S. Aggregate Custom Index + 5% Bloomberg Barclays U.S. High Yield 2% Issuer Capped Custom Index,"NCREIF ODCE Value Weighted Index, net of fees, lagged one quarter","State Street Private Equity Index (SSPEI), lagged one quarter (per the Nov 2016 IPS); described as 'Private Equity Custom Index weighted based on sub-asset allocation targets' in the FY2017 CAFR.","Risk Mitigating Strategies (new asset class, approved Nov 2015, established July 2016, split out of the former 'Absolute Return Portfolio'): weighted blend of the Bloomberg Barclays U.S. Treasury 20+ year Total Return Index, SG Trend Index, HFRI Macro: Discretionary Thematic Index, and Eurekahedge Multi-Factor Risk Premia Index.","Inflation Sensitive: weighted blend of the Global Inflation Protected Linked Securities Index, Alerian MLP Daily Index, and CPI+4%, lagged one quarter.",Bloomberg Barclays Capital 3-Month Treasury Bill,"'Innovative Strategies' asset class also split from the former Absolute Return Portfolio in July 2016; target weight 0% as of Nov 2016, no benchmark return reported yet.",IPS,CALSTRS_InvPolStmt_Nov2016_10.pdf.pdf,/Kevin/RevolvingDoor/CAFR2024/10_California Teachers/CALSTRS_InvPolStmt_Nov2016_10.pdf.pdf,2017,,,High,,,,,,,,,,,,,,,,,,,,,,,,,,,,,single-pass-only,pilot-batch-1-sonnet,2026-09-22,
10,California Teachers,CA,2014,2014,2014,Policy Index weighted per target allocation; Real Estate benchmark switched to NCREIF ODCE this fiscal year while Private Equity and Inflation Sensitive benchmarks had not yet changed.,Russell 3000 (ex-Tobacco),MSCI All Country World Index ex-U.S. (ex-Tobacco),Weighted blend of Russell 3000 (tobacco-free) and MSCI All Country World Index ex-U.S. (tobacco-free),95% Barclays Capital U.S. Aggregate (tobacco-free) + 5% U.S. High Yield Cash Pay 2% Issuer Constrained Index (tobacco-free),"NCREIF ODCE Value Weighted Index, net of fees, lagged one quarter -- effective 7/1/2013, replacing the NCREIF Property Index used through 6/30/2013 (per a FY2017 CAFR footnote).","Russell 3000 + 3%, lagged one quarter (still in effect through 6/30/2014 per a FY2017 CAFR footnote, before switching to the SSPEI-based 'Private Equity Custom Index' on 7/1/2014).",,"Inflation Sensitive: weighted blend of the Bloomberg Barclays Global Inflation Linked Series L Index and CPI+5%, lagged one quarter (still in effect through 6/30/2014, before switching to CPI+4% on 7/1/2014).",Barclays Capital 3-Month Treasury Bill,,CAFR,CA_CA-CALSTRS_CAFR_2017_10.pdf.pdf (retrospective benchmark-history footnotes),/Kevin/RevolvingDoor/CAFR2024/10_California Teachers/CA_CA-CALSTRS_CAFR_2017_10.pdf.pdf,2017,,,Medium,,,,,,,,,,,,,,,,,,,,,,,,,,,,,single-pass-only,pilot-batch-1-sonnet,2026-09-22,"REVIEWED 2026-09-22: same-year-IPS flag is a false positive -- CALSTRS_InvPolStmt_June2014_10.pdf.pdf is not a benchmark/asset-allocation policy at all; it's a narrow 'Policy on California Investments' mandate (in-state investment targeting), unrelated to Total Fund benchmarks. Fetched and confirmed. No usable content for this row."
10,California Teachers,CA,2020,2020,2021,"Policy Benchmark Index: weighted blend of each asset class's custom benchmark at policy target allocation, per the Long-term Policy Target and Ranges adopted November 2019 (Public Equity 42%, Private Equity 13%, Real Estate 15%, Inflation Sensitive 6%, Innovative Strategies 0%, Risk Mitigating Strategies 10%, Fixed Income 12%, Cash/Liquidity 2%), phased in with steps effective 7/1/2020 and 7/1/2021. A 'Reference Portfolio' (Morningstar Moderate Target Risk index) is also reported.",Russell 3000 Custom Index (component of the Public Equity blend),"MSCI ACWI ex-U.S. Custom IMI, MSCI World ex-U.S. Custom Min Vol (USD) Index, and MSCI World Custom Low Carbon Target Net Index (components of the Public Equity blend)","Public Equity: weighted blend of the Russell 3000 Custom Index, MSCI ACWI ex-U.S. Custom IMI, MSCI World ex-U.S. Custom Min Vol (USD) Index, Custom MSCI ACWI IMI, and MSCI World Custom Low Carbon Target Net Index.",95% Bloomberg Barclays U.S. Aggregate Custom Index + 5% Bloomberg Barclays U.S. High Yield 2% Issuer Capped Custom Index,"NCREIF ODCE Value Weighted Index, net of fees, lagged one quarter","Weighted blend of the CalSTRS Custom Private Equity Traditional and Non-Traditional Indices, comprised of the customized Buyout, Debt-Related and Venture Capital segments of the State Street Global Exchange Private Equity Index, lagged one quarter.","Risk Mitigating Strategies: weighted blend of the Bloomberg Barclays U.S. Treasury 20+year Total Return Index, SG Trend Index, HFRI Macro: Discretionary Thematic Index, and Eurekahedge Multi-Factor Risk Premia Index.","Inflation Sensitive: weighted blend of the Bloomberg Barclays U.S. Treasury Inflation Linked-Bond Index (Series L), NCREIF Timberland Fund Index, Bloomberg Commodity Index, Alerian MLP Daily Index, CPI+3%, and CPI+4%, lagged one quarter.",90-day Treasury Bill Index,,IPS,CALSTRS_InvPolStmt_Nov2021_10.pdf.pdf,/Kevin/RevolvingDoor/CAFR2024/10_California Teachers/CALSTRS_InvPolStmt_Nov2021_10.pdf.pdf,2021,,,Medium,,,,,,,,,,,,,,,,,,,,,,,,,,,,,single-pass-only,pilot-batch-1-sonnet,2026-09-22,
10,California Teachers,CA,2003,2001,2007,"No single named index; Total Fund performance measured against a Policy Index built by weighting each asset class's custom benchmark by that asset class's target allocation (approx. Domestic Equity ~39%, International Equity ~22%, Fixed Income ~27%, Real Estate ~5%, Alternative Investments ~4-7%, Liquidity ~0-2% per the FY2000-01 and FY2004-05 CAFR asset-allocation charts; targets shifted toward higher Real Estate/Alternative Investments and lower Fixed Income through the FY2006-07 step-plan described in the July 2007 IPS).",Russell 3000 Index (tobacco-free beginning 9/1/2000). The FY2004-05 CAFR states a 'Blend [of] S&P 500 and Russell Small Cap Completeness' was used effective 7/1/2001; the benchmark had reverted to a straight Russell-3000-based formula by the time of the July 2007 IPS revision (exact reversion date not confirmed in sources reviewed).,MSCI All Country World (Free) Index ex-U.S.,,"'U.S. Debt Custom' index -- a blend of the Lehman Brothers U.S. Aggregate (tobacco-free after 9/1/2000) and Lehman Brothers High Yield Cash Pay indices; benchmark was in transition during FY2002-03, blending in a legacy Salomon LPF-based index for that year only.",NCREIF (Property) Index after 7/1/1997; Institutional Property Consultants Index prior to 7/1/1997; lagged one quarter.,'Alternative Investments Custom': blend of [Russell 3000 + 5% + 90-day Treasury Bill] after 4/1/1999; [CPI + 12%] prior to 4/1/1999; lagged one quarter.,,,Salomon 3-Month Treasury Bill,,CAFR,CA_CA-CALSTRS_CAFR_2001_10.pdf.pdf; CA_CA-CALSTRS_CAFR_2005_10.pdf.pdf,/Kevin/RevolvingDoor/CAFR2024/10_California Teachers/CA_CA-CALSTRS_CAFR_2001_10.pdf.pdf,2001,,,Medium,,,,,,,,,,,,,,,,,,,,,,,,,,,,,single-pass-only,pilot-batch-1-sonnet,2026-09-22,
10,California Teachers,CA,2006,2001,2007,"No single named index; Total Fund performance measured against a Policy Index built by weighting each asset class's custom benchmark by that asset class's target allocation (approx. Domestic Equity ~39%, International Equity ~22%, Fixed Income ~27%, Real Estate ~5%, Alternative Investments ~4-7%, Liquidity ~0-2% per the FY2000-01 and FY2004-05 CAFR asset-allocation charts; targets shifted toward higher Real Estate/Alternative Investments and lower Fixed Income through the FY2006-07 step-plan described in the July 2007 IPS).",Russell 3000 Index (tobacco-free beginning 9/1/2000). The FY2004-05 CAFR states a 'Blend [of] S&P 500 and Russell Small Cap Completeness' was used effective 7/1/2001; the benchmark had reverted to a straight Russell-3000-based formula by the time of the July 2007 IPS revision (exact reversion date not confirmed in sources reviewed).,MSCI All Country World (Free) Index ex-U.S.,,"'U.S. Debt Custom' index -- a blend of the Lehman Brothers U.S. Aggregate (tobacco-free after 9/1/2000) and Lehman Brothers High Yield Cash Pay indices; benchmark was in transition during FY2002-03, blending in a legacy Salomon LPF-based index for that year only.",NCREIF (Property) Index after 7/1/1997; Institutional Property Consultants Index prior to 7/1/1997; lagged one quarter.,'Alternative Investments Custom': blend of [Russell 3000 + 5% + 90-day Treasury Bill] after 4/1/1999; [CPI + 12%] prior to 4/1/1999; lagged one quarter.,,,Salomon 3-Month Treasury Bill,,CAFR,CA_CA-CALSTRS_CAFR_2001_10.pdf.pdf; CA_CA-CALSTRS_CAFR_2005_10.pdf.pdf,/Kevin/RevolvingDoor/CAFR2024/10_California Teachers/CA_CA-CALSTRS_CAFR_2001_10.pdf.pdf,2001,,,Medium,,,,,,,,,,,,,,,,,,,,,,,,,,,,,single-pass-only,pilot-batch-1-sonnet,2026-09-22,
10,California Teachers,CA,2012,2009,2013,"Policy Index weighted per target allocation, glide-pathing toward a long-term target of roughly 40% U.S. Equity/20% Non-U.S. Equity/20% Fixed Income/11% Real Estate/9% Alternative Investments-Private Equity; an 'Inflation Sensitive' asset class was carved out around July 2011 (from the former 'Absolute Return' category) and an 'Overlay' asset class was added in April 2012.",Russell 3000 (ex-Tobacco),MSCI All Country World Index ex-U.S. (ex-Tobacco),Global Equity Custom: weighted blend of Russell 3000 (tobacco-free) and MSCI All Country World Index ex-U.S. (tobacco-free),U.S. Debt Custom: 95% Barclays Capital U.S. Aggregate (tobacco-free) + 5% U.S. High Yield Cash Pay 2% Issuer Constrained Index (tobacco-free). [Renamed from 'Lehman Brothers' to 'Barclays Capital' following Barclays' 2008 acquisition of Lehman's fixed-income index business; same index construction.],"NCREIF (Property) Index, lagged one quarter (unchanged through FY2013; per the FY2012 CAFR's MD&A the Board announced during FY2012-13 that this would change to the NCREIF ODCE index, with a FY2017 CAFR footnote pinning the actual switch to 7/1/2013 -- see the FY2014 period record).","Blend of Russell 3000 + 3% and the State Street Private Equity Index (SSPEI) cumulative pooled internal-rate-of-return data weighted by sub-asset type, lagged one quarter. Per a FY2017 CAFR footnote, this 'Russell 3000 + 3%' formulation was in effect from 7/1/2008 through 6/30/2014.",,"Inflation Sensitive (created around July 2011, replacing the prior 'Absolute Return' category per a FY2012 CAFR footnote: 'Inflation Sensitive was changed from Absolute Return as of July 2011'): weighted blend of the Bloomberg Barclays Global Inflation Linked Series L Index and CPI+5%, lagged one quarter (per a FY2017 CAFR footnote, this formula applied prior to 7/1/2014).",Barclays Capital 3-Month Treasury Bill,'Overlay' asset class approved by the Board in April 2012; no annual benchmark return was available for it within this period.,CAFR,CA_CA-CALSTRS_CAFR_2012_10.pdf.pdf,/Kevin/RevolvingDoor/CAFR2024/10_California Teachers/CA_CA-CALSTRS_CAFR_2012_10.pdf.pdf,2012,,,High,,,,,,,,,,,,,,,,,,,,,,,,,,,,,single-pass-only,pilot-batch-1-sonnet,2026-09-22,
10,California Teachers,CA,2009,2009,2013,"Policy Index weighted per target allocation, glide-pathing toward a long-term target of roughly 40% U.S. Equity/20% Non-U.S. Equity/20% Fixed Income/11% Real Estate/9% Alternative Investments-Private Equity; an 'Inflation Sensitive' asset class was carved out around July 2011 (from the former 'Absolute Return' category) and an 'Overlay' asset class was added in April 2012.",Russell 3000 (ex-Tobacco),MSCI All Country World Index ex-U.S. (ex-Tobacco),Global Equity Custom: weighted blend of Russell 3000 (tobacco-free) and MSCI All Country World Index ex-U.S. (tobacco-free),U.S. Debt Custom: 95% Barclays Capital U.S. Aggregate (tobacco-free) + 5% U.S. High Yield Cash Pay 2% Issuer Constrained Index (tobacco-free). [Renamed from 'Lehman Brothers' to 'Barclays Capital' following Barclays' 2008 acquisition of Lehman's fixed-income index business; same index construction.],"NCREIF (Property) Index, lagged one quarter (unchanged through FY2013; per the FY2012 CAFR's MD&A the Board announced during FY2012-13 that this would change to the NCREIF ODCE index, with a FY2017 CAFR footnote pinning the actual switch to 7/1/2013 -- see the FY2014 period record).","Blend of Russell 3000 + 3% and the State Street Private Equity Index (SSPEI) cumulative pooled internal-rate-of-return data weighted by sub-asset type, lagged one quarter. Per a FY2017 CAFR footnote, this 'Russell 3000 + 3%' formulation was in effect from 7/1/2008 through 6/30/2014.",,"Inflation Sensitive (created around July 2011, replacing the prior 'Absolute Return' category per a FY2012 CAFR footnote: 'Inflation Sensitive was changed from Absolute Return as of July 2011'): weighted blend of the Bloomberg Barclays Global Inflation Linked Series L Index and CPI+5%, lagged one quarter (per a FY2017 CAFR footnote, this formula applied prior to 7/1/2014).",Barclays Capital 3-Month Treasury Bill,'Overlay' asset class approved by the Board in April 2012; no annual benchmark return was available for it within this period.,CAFR,CA_CA-CALSTRS_CAFR_2012_10.pdf.pdf,/Kevin/RevolvingDoor/CAFR2024/10_California Teachers/CA_CA-CALSTRS_CAFR_2012_10.pdf.pdf,2012,,,High,,,,,,,,,,,,,,,,,,,,,,,,,,,,,single-pass-only,pilot-batch-1-sonnet,2026-09-22,
10,California Teachers,CA,2015,2015,2016,Policy Index weighted per target allocation; Private Equity benchmark switched to a Custom Index (SSPEI-based) effective 7/1/2014; Inflation Sensitive benchmark revised 7/1/2014 and again around 5/1/2016.,Russell 3000 (ex-Tobacco),MSCI All Country World Index ex-U.S. (ex-Tobacco),Weighted blend of Russell 3000 (tobacco-free) and MSCI All Country World Index ex-U.S. (tobacco-free),95% Barclays Capital U.S. Aggregate (tobacco-free) + 5% U.S. High Yield Cash Pay 2% Issuer Constrained Index (tobacco-free),"NCREIF ODCE Value Weighted Index, net of fees, lagged one quarter","Private Equity Custom Index, weighted based on sub-asset allocation targets, incorporating State Street Private Equity Index (SSPEI) cumulative pooled IRR data by sub-asset type, lagged one quarter -- effective 7/1/2014, replacing the prior Russell 3000+3% formula.",,"Inflation Sensitive: weighted blend of the Bloomberg Barclays Global Inflation Linked Series L Index and CPI+4% effective 7/1/2014 (down from CPI+5%); the Alerian MLP Daily Index was added to the blend around 5/1/2016 per a FY2017 CAFR footnote, matching the 'Global Inflation Protected Linked Securities index, Alerian MLP Daily index and CPI+4%' formula given in the Nov 2016 IPS.",Barclays Capital 3-Month Treasury Bill,,CAFR,CA_CA-CALSTRS_CAFR_2017_10.pdf.pdf (retrospective benchmark-history footnotes),/Kevin/RevolvingDoor/CAFR2024/10_California Teachers/CA_CA-CALSTRS_CAFR_2017_10.pdf.pdf,2017,,,Medium,,,,,,,,,,,,,,,,,,,,,,,,,,,,,single-pass-only,pilot-batch-1-sonnet,2026-09-22,
10,California Teachers,CA,2018,2018,2019,"Policy Benchmark Index: weighted blend of each asset class's custom benchmark at policy target allocation, continuing the glide path toward the long-term target (Global Equity 47%, Private Equity 13%, Real Estate 13%, Inflation Sensitive 4%, Risk Mitigating Strategies 9%, Fixed Income 12%, Cash 2%), with steps effective 1/1/2017, 6/30/2017 and 1/1/2018 per the Nov 2017 IPS. A 'Reference Portfolio' (Morningstar Moderate Target Risk index) is also reported.",Russell 3000 Custom Index,MSCI ACWI ex-U.S. Custom IMI,Total Public Global Equity: weighted blend of the Russell 3000 Custom Index and the MSCI ACWI ex-U.S. Custom IMI,Total Public Debt: 95% Bloomberg Barclays U.S. Aggregate Custom Index + 5% Bloomberg Barclays U.S. High Yield 2% Issuer Capped Custom Index,"NCREIF ODCE Value Weighted Index, net of fees, lagged one quarter","Weighted blend of the CalSTRS Custom Private Equity Index and Custom Tactical Index, both lagged one quarter (refined from the SSPEI-only description used as of Nov 2016).","Risk Mitigating Strategies: weighted blend of the Bloomberg Barclays U.S. Treasury 20+ year Total Return Index, SG Trend Index, HFRI Macro: Discretionary Thematic Index, and Eurekahedge Multi-Factor Risk Premia Index.","Inflation Sensitive: weighted blend of the Bloomberg Barclays U.S. Government Inflation Linked Bond Index, Bloomberg Commodity Index, Alerian MLP Daily Index, and CPI+4%, lagged one quarter (Bloomberg Commodity Index added and the inflation-linked component narrowed from 'Global' to 'U.S. Government' versus the Nov 2016 formula).",,,IPS,CALSTRS_InvPolStmt_Nov2017_10.pdf.pdf; CALSTRS_InvPolStmt_May2018_10.pdf.pdf (identical benchmark table),/Kevin/RevolvingDoor/CAFR2024/10_California Teachers/CALSTRS_InvPolStmt_Nov2017_10.pdf.pdf,2018,,,High,,,,,,,,,,,,,,,,,,,,,,,,,,,,,single-pass-only,pilot-batch-1-sonnet,2026-09-22,
10,California Teachers,CA,2021,2020,2021,"Policy Benchmark Index: weighted blend of each asset class's custom benchmark at policy target allocation, per the Long-term Policy Target and Ranges adopted November 2019 (Public Equity 42%, Private Equity 13%, Real Estate 15%, Inflation Sensitive 6%, Innovative Strategies 0%, Risk Mitigating Strategies 10%, Fixed Income 12%, Cash/Liquidity 2%), phased in with steps effective 7/1/2020 and 7/1/2021. A 'Reference Portfolio' (Morningstar Moderate Target Risk index) is also reported.",Russell 3000 Custom Index (component of the Public Equity blend),"MSCI ACWI ex-U.S. Custom IMI, MSCI World ex-U.S. Custom Min Vol (USD) Index, and MSCI World Custom Low Carbon Target Net Index (components of the Public Equity blend)","Public Equity: weighted blend of the Russell 3000 Custom Index, MSCI ACWI ex-U.S. Custom IMI, MSCI World ex-U.S. Custom Min Vol (USD) Index, Custom MSCI ACWI IMI, and MSCI World Custom Low Carbon Target Net Index.",95% Bloomberg Barclays U.S. Aggregate Custom Index + 5% Bloomberg Barclays U.S. High Yield 2% Issuer Capped Custom Index,"NCREIF ODCE Value Weighted Index, net of fees, lagged one quarter","Weighted blend of the CalSTRS Custom Private Equity Traditional and Non-Traditional Indices, comprised of the customized Buyout, Debt-Related and Venture Capital segments of the State Street Global Exchange Private Equity Index, lagged one quarter.","Risk Mitigating Strategies: weighted blend of the Bloomberg Barclays U.S. Treasury 20+year Total Return Index, SG Trend Index, HFRI Macro: Discretionary Thematic Index, and Eurekahedge Multi-Factor Risk Premia Index.","Inflation Sensitive: weighted blend of the Bloomberg Barclays U.S. Treasury Inflation Linked-Bond Index (Series L), NCREIF Timberland Fund Index, Bloomberg Commodity Index, Alerian MLP Daily Index, CPI+3%, and CPI+4%, lagged one quarter.",90-day Treasury Bill Index,,IPS,CALSTRS_InvPolStmt_Nov2021_10.pdf.pdf,/Kevin/RevolvingDoor/CAFR2024/10_California Teachers/CALSTRS_InvPolStmt_Nov2021_10.pdf.pdf,2021,,,Medium,,,,,,,,,,,,,,,,,,,,,,,,,,,,,single-pass-only,pilot-batch-1-sonnet,2026-09-22,
10,California Teachers,CA,2001,2001,2007,"No single named index; Total Fund performance measured against a Policy Index built by weighting each asset class's custom benchmark by that asset class's target allocation (approx. Domestic Equity ~39%, International Equity ~22%, Fixed Income ~27%, Real Estate ~5%, Alternative Investments ~4-7%, Liquidity ~0-2% per the FY2000-01 and FY2004-05 CAFR asset-allocation charts; targets shifted toward higher Real Estate/Alternative Investments and lower Fixed Income through the FY2006-07 step-plan described in the July 2007 IPS).",Russell 3000 Index (tobacco-free beginning 9/1/2000). The FY2004-05 CAFR states a 'Blend [of] S&P 500 and Russell Small Cap Completeness' was used effective 7/1/2001; the benchmark had reverted to a straight Russell-3000-based formula by the time of the July 2007 IPS revision (exact reversion date not confirmed in sources reviewed).,MSCI All Country World (Free) Index ex-U.S.,,"'U.S. Debt Custom' index -- a blend of the Lehman Brothers U.S. Aggregate (tobacco-free after 9/1/2000) and Lehman Brothers High Yield Cash Pay indices; benchmark was in transition during FY2002-03, blending in a legacy Salomon LPF-based index for that year only.",NCREIF (Property) Index after 7/1/1997; Institutional Property Consultants Index prior to 7/1/1997; lagged one quarter.,'Alternative Investments Custom': blend of [Russell 3000 + 5% + 90-day Treasury Bill] after 4/1/1999; [CPI + 12%] prior to 4/1/1999; lagged one quarter.,,,Salomon 3-Month Treasury Bill,,CAFR,CA_CA-CALSTRS_CAFR_2001_10.pdf.pdf; CA_CA-CALSTRS_CAFR_2005_10.pdf.pdf,/Kevin/RevolvingDoor/CAFR2024/10_California Teachers/CA_CA-CALSTRS_CAFR_2001_10.pdf.pdf,2001,,,Medium,,,,,,,,,,,,,,,,,,,,,,,,,,,,,single-pass-only,pilot-batch-1-sonnet,2026-09-22,
10,California Teachers,CA,2004,2001,2007,"No single named index; Total Fund performance measured against a Policy Index built by weighting each asset class's custom benchmark by that asset class's target allocation (approx. Domestic Equity ~39%, International Equity ~22%, Fixed Income ~27%, Real Estate ~5%, Alternative Investments ~4-7%, Liquidity ~0-2% per the FY2000-01 and FY2004-05 CAFR asset-allocation charts; targets shifted toward higher Real Estate/Alternative Investments and lower Fixed Income through the FY2006-07 step-plan described in the July 2007 IPS).",Russell 3000 Index (tobacco-free beginning 9/1/2000). The FY2004-05 CAFR states a 'Blend [of] S&P 500 and Russell Small Cap Completeness' was used effective 7/1/2001; the benchmark had reverted to a straight Russell-3000-based formula by the time of the July 2007 IPS revision (exact reversion date not confirmed in sources reviewed).,MSCI All Country World (Free) Index ex-U.S.,,"'U.S. Debt Custom' index -- a blend of the Lehman Brothers U.S. Aggregate (tobacco-free after 9/1/2000) and Lehman Brothers High Yield Cash Pay indices; benchmark was in transition during FY2002-03, blending in a legacy Salomon LPF-based index for that year only.",NCREIF (Property) Index after 7/1/1997; Institutional Property Consultants Index prior to 7/1/1997; lagged one quarter.,'Alternative Investments Custom': blend of [Russell 3000 + 5% + 90-day Treasury Bill] after 4/1/1999; [CPI + 12%] prior to 4/1/1999; lagged one quarter.,,,Salomon 3-Month Treasury Bill,,CAFR,CA_CA-CALSTRS_CAFR_2001_10.pdf.pdf; CA_CA-CALSTRS_CAFR_2005_10.pdf.pdf,/Kevin/RevolvingDoor/CAFR2024/10_California Teachers/CA_CA-CALSTRS_CAFR_2001_10.pdf.pdf,2001,,,Medium,,,,,,,,,,,,,,,,,,,,,,,,,,,,,single-pass-only,pilot-batch-1-sonnet,2026-09-22,
10,California Teachers,CA,2010,2009,2013,"Policy Index weighted per target allocation, glide-pathing toward a long-term target of roughly 40% U.S. Equity/20% Non-U.S. Equity/20% Fixed Income/11% Real Estate/9% Alternative Investments-Private Equity; an 'Inflation Sensitive' asset class was carved out around July 2011 (from the former 'Absolute Return' category) and an 'Overlay' asset class was added in April 2012.",Russell 3000 (ex-Tobacco),MSCI All Country World Index ex-U.S. (ex-Tobacco),Global Equity Custom: weighted blend of Russell 3000 (tobacco-free) and MSCI All Country World Index ex-U.S. (tobacco-free),U.S. Debt Custom: 95% Barclays Capital U.S. Aggregate (tobacco-free) + 5% U.S. High Yield Cash Pay 2% Issuer Constrained Index (tobacco-free). [Renamed from 'Lehman Brothers' to 'Barclays Capital' following Barclays' 2008 acquisition of Lehman's fixed-income index business; same index construction.],"NCREIF (Property) Index, lagged one quarter (unchanged through FY2013; per the FY2012 CAFR's MD&A the Board announced during FY2012-13 that this would change to the NCREIF ODCE index, with a FY2017 CAFR footnote pinning the actual switch to 7/1/2013 -- see the FY2014 period record).","Blend of Russell 3000 + 3% and the State Street Private Equity Index (SSPEI) cumulative pooled internal-rate-of-return data weighted by sub-asset type, lagged one quarter. Per a FY2017 CAFR footnote, this 'Russell 3000 + 3%' formulation was in effect from 7/1/2008 through 6/30/2014.",,"Inflation Sensitive (created around July 2011, replacing the prior 'Absolute Return' category per a FY2012 CAFR footnote: 'Inflation Sensitive was changed from Absolute Return as of July 2011'): weighted blend of the Bloomberg Barclays Global Inflation Linked Series L Index and CPI+5%, lagged one quarter (per a FY2017 CAFR footnote, this formula applied prior to 7/1/2014).",Barclays Capital 3-Month Treasury Bill,'Overlay' asset class approved by the Board in April 2012; no annual benchmark return was available for it within this period.,CAFR,CA_CA-CALSTRS_CAFR_2012_10.pdf.pdf,/Kevin/RevolvingDoor/CAFR2024/10_California Teachers/CA_CA-CALSTRS_CAFR_2012_10.pdf.pdf,2012,,,High,,,,,,,,,,,,,,,,,,,,,,,,,,,,,single-pass-only,pilot-batch-1-sonnet,2026-09-22,
10,California Teachers,CA,2007,2001,2007,"No single named index; Total Fund performance measured against a Policy Index built by weighting each asset class's custom benchmark by that asset class's target allocation (approx. Domestic Equity ~39%, International Equity ~22%, Fixed Income ~27%, Real Estate ~5%, Alternative Investments ~4-7%, Liquidity ~0-2% per the FY2000-01 and FY2004-05 CAFR asset-allocation charts; targets shifted toward higher Real Estate/Alternative Investments and lower Fixed Income through the FY2006-07 step-plan described in the July 2007 IPS).",Russell 3000 Index (tobacco-free beginning 9/1/2000). The FY2004-05 CAFR states a 'Blend [of] S&P 500 and Russell Small Cap Completeness' was used effective 7/1/2001; the benchmark had reverted to a straight Russell-3000-based formula by the time of the July 2007 IPS revision (exact reversion date not confirmed in sources reviewed).,MSCI All Country World (Free) Index ex-U.S.,,"'U.S. Debt Custom' index -- a blend of the Lehman Brothers U.S. Aggregate (tobacco-free after 9/1/2000) and Lehman Brothers High Yield Cash Pay indices; benchmark was in transition during FY2002-03, blending in a legacy Salomon LPF-based index for that year only.",NCREIF (Property) Index after 7/1/1997; Institutional Property Consultants Index prior to 7/1/1997; lagged one quarter.,'Alternative Investments Custom': blend of [Russell 3000 + 5% + 90-day Treasury Bill] after 4/1/1999; [CPI + 12%] prior to 4/1/1999; lagged one quarter.,,,Salomon 3-Month Treasury Bill,,CAFR,CA_CA-CALSTRS_CAFR_2001_10.pdf.pdf; CA_CA-CALSTRS_CAFR_2005_10.pdf.pdf,/Kevin/RevolvingDoor/CAFR2024/10_California Teachers/CA_CA-CALSTRS_CAFR_2001_10.pdf.pdf,2001,,,Medium,,,,,,,,,,,,,,,,,,,,,,,,,,,,,single-pass-only,pilot-batch-1-sonnet,2026-09-22,"REVIEWED 2026-09-22: same-year-IPS flag is a false positive -- CALSTRS_InvPolStmt_July2007_10.pdf.pdf is dated 7/13/2007, which falls in FY2008 (CalSTRS FYE 6/30), not FY2007; already correctly used for the FY2008 record."
10,California Teachers,CA,2013,2009,2013,"Policy Index weighted per target allocation, glide-pathing toward a long-term target of roughly 40% U.S. Equity/20% Non-U.S. Equity/20% Fixed Income/11% Real Estate/9% Alternative Investments-Private Equity; an 'Inflation Sensitive' asset class was carved out around July 2011 (from the former 'Absolute Return' category) and an 'Overlay' asset class was added in April 2012.",Russell 3000 (ex-Tobacco),MSCI All Country World Index ex-U.S. (ex-Tobacco),Global Equity Custom: weighted blend of Russell 3000 (tobacco-free) and MSCI All Country World Index ex-U.S. (tobacco-free),U.S. Debt Custom: 95% Barclays Capital U.S. Aggregate (tobacco-free) + 5% U.S. High Yield Cash Pay 2% Issuer Constrained Index (tobacco-free). [Renamed from 'Lehman Brothers' to 'Barclays Capital' following Barclays' 2008 acquisition of Lehman's fixed-income index business; same index construction.],"NCREIF (Property) Index, lagged one quarter (unchanged through FY2013; per the FY2012 CAFR's MD&A the Board announced during FY2012-13 that this would change to the NCREIF ODCE index, with a FY2017 CAFR footnote pinning the actual switch to 7/1/2013 -- see the FY2014 period record).","Blend of Russell 3000 + 3% and the State Street Private Equity Index (SSPEI) cumulative pooled internal-rate-of-return data weighted by sub-asset type, lagged one quarter. Per a FY2017 CAFR footnote, this 'Russell 3000 + 3%' formulation was in effect from 7/1/2008 through 6/30/2014.",,"Inflation Sensitive (created around July 2011, replacing the prior 'Absolute Return' category per a FY2012 CAFR footnote: 'Inflation Sensitive was changed from Absolute Return as of July 2011'): weighted blend of the Bloomberg Barclays Global Inflation Linked Series L Index and CPI+5%, lagged one quarter (per a FY2017 CAFR footnote, this formula applied prior to 7/1/2014).",Barclays Capital 3-Month Treasury Bill,'Overlay' asset class approved by the Board in April 2012; no annual benchmark return was available for it within this period.,CAFR,CA_CA-CALSTRS_CAFR_2012_10.pdf.pdf,/Kevin/RevolvingDoor/CAFR2024/10_California Teachers/CA_CA-CALSTRS_CAFR_2012_10.pdf.pdf,2012,,,High,,,,,,,,,,,,,,,,,,,,,,,,,,,,,single-pass-only,pilot-batch-1-sonnet,2026-09-22,
10,California Teachers,CA,2016,2015,2016,Policy Index weighted per target allocation; Private Equity benchmark switched to a Custom Index (SSPEI-based) effective 7/1/2014; Inflation Sensitive benchmark revised 7/1/2014 and again around 5/1/2016.,Russell 3000 (ex-Tobacco),MSCI All Country World Index ex-U.S. (ex-Tobacco),Weighted blend of Russell 3000 (tobacco-free) and MSCI All Country World Index ex-U.S. (tobacco-free),95% Barclays Capital U.S. Aggregate (tobacco-free) + 5% U.S. High Yield Cash Pay 2% Issuer Constrained Index (tobacco-free),"NCREIF ODCE Value Weighted Index, net of fees, lagged one quarter","Private Equity Custom Index, weighted based on sub-asset allocation targets, incorporating State Street Private Equity Index (SSPEI) cumulative pooled IRR data by sub-asset type, lagged one quarter -- effective 7/1/2014, replacing the prior Russell 3000+3% formula.",,"Inflation Sensitive: weighted blend of the Bloomberg Barclays Global Inflation Linked Series L Index and CPI+4% effective 7/1/2014 (down from CPI+5%); the Alerian MLP Daily Index was added to the blend around 5/1/2016 per a FY2017 CAFR footnote, matching the 'Global Inflation Protected Linked Securities index, Alerian MLP Daily index and CPI+4%' formula given in the Nov 2016 IPS.",Barclays Capital 3-Month Treasury Bill,,CAFR,CA_CA-CALSTRS_CAFR_2017_10.pdf.pdf (retrospective benchmark-history footnotes),/Kevin/RevolvingDoor/CAFR2024/10_California Teachers/CA_CA-CALSTRS_CAFR_2017_10.pdf.pdf,2017,,,Medium,,,,,,,,,,,,,,,,,,,,,,,,,,,,,single-pass-only,pilot-batch-1-sonnet,2026-09-22,"REVIEWED 2026-09-22: same-year-IPS flag is a false positive -- CALSTRS_InvPolStmt_Nov2016_10.pdf.pdf's revised benchmark table is explicitly effective 7/1/2016, which is the start of FY2017, not FY2016; already correctly used for the FY2017 record."
10,California Teachers,CA,2019,2018,2019,"Policy Benchmark Index: weighted blend of each asset class's custom benchmark at policy target allocation, continuing the glide path toward the long-term target (Global Equity 47%, Private Equity 13%, Real Estate 13%, Inflation Sensitive 4%, Risk Mitigating Strategies 9%, Fixed Income 12%, Cash 2%), with steps effective 1/1/2017, 6/30/2017 and 1/1/2018 per the Nov 2017 IPS. A 'Reference Portfolio' (Morningstar Moderate Target Risk index) is also reported.",Russell 3000 Custom Index,MSCI ACWI ex-U.S. Custom IMI,Total Public Global Equity: weighted blend of the Russell 3000 Custom Index and the MSCI ACWI ex-U.S. Custom IMI,Total Public Debt: 95% Bloomberg Barclays U.S. Aggregate Custom Index + 5% Bloomberg Barclays U.S. High Yield 2% Issuer Capped Custom Index,"NCREIF ODCE Value Weighted Index, net of fees, lagged one quarter","Weighted blend of the CalSTRS Custom Private Equity Index and Custom Tactical Index, both lagged one quarter (refined from the SSPEI-only description used as of Nov 2016).","Risk Mitigating Strategies: weighted blend of the Bloomberg Barclays U.S. Treasury 20+ year Total Return Index, SG Trend Index, HFRI Macro: Discretionary Thematic Index, and Eurekahedge Multi-Factor Risk Premia Index.","Inflation Sensitive: weighted blend of the Bloomberg Barclays U.S. Government Inflation Linked Bond Index, Bloomberg Commodity Index, Alerian MLP Daily Index, and CPI+4%, lagged one quarter (Bloomberg Commodity Index added and the inflation-linked component narrowed from 'Global' to 'U.S. Government' versus the Nov 2016 formula).",,,IPS,CALSTRS_InvPolStmt_Nov2017_10.pdf.pdf; CALSTRS_InvPolStmt_May2018_10.pdf.pdf (identical benchmark table),/Kevin/RevolvingDoor/CAFR2024/10_California Teachers/CALSTRS_InvPolStmt_Nov2017_10.pdf.pdf,2018,,,High,,,,,,,,,,,,,,,,,,,,,,,,,,,,,single-pass-only,pilot-batch-1-sonnet,2026-09-22,
10,California Teachers,CA,2005,2001,2007,"No single named index; Total Fund performance measured against a Policy Index built by weighting each asset class's custom benchmark by that asset class's target allocation (approx. Domestic Equity ~39%, International Equity ~22%, Fixed Income ~27%, Real Estate ~5%, Alternative Investments ~4-7%, Liquidity ~0-2% per the FY2000-01 and FY2004-05 CAFR asset-allocation charts; targets shifted toward higher Real Estate/Alternative Investments and lower Fixed Income through the FY2006-07 step-plan described in the July 2007 IPS).",Russell 3000 Index (tobacco-free beginning 9/1/2000). The FY2004-05 CAFR states a 'Blend [of] S&P 500 and Russell Small Cap Completeness' was used effective 7/1/2001; the benchmark had reverted to a straight Russell-3000-based formula by the time of the July 2007 IPS revision (exact reversion date not confirmed in sources reviewed).,MSCI All Country World (Free) Index ex-U.S.,,"'U.S. Debt Custom' index -- a blend of the Lehman Brothers U.S. Aggregate (tobacco-free after 9/1/2000) and Lehman Brothers High Yield Cash Pay indices; benchmark was in transition during FY2002-03, blending in a legacy Salomon LPF-based index for that year only.",NCREIF (Property) Index after 7/1/1997; Institutional Property Consultants Index prior to 7/1/1997; lagged one quarter.,'Alternative Investments Custom': blend of [Russell 3000 + 5% + 90-day Treasury Bill] after 4/1/1999; [CPI + 12%] prior to 4/1/1999; lagged one quarter.,,,Salomon 3-Month Treasury Bill,,CAFR,CA_CA-CALSTRS_CAFR_2001_10.pdf.pdf; CA_CA-CALSTRS_CAFR_2005_10.pdf.pdf,/Kevin/RevolvingDoor/CAFR2024/10_California Teachers/CA_CA-CALSTRS_CAFR_2001_10.pdf.pdf,2001,,,Medium,,,,,,,,,,,,,,,,,,,,,,,,,,,,,single-pass-only,pilot-batch-1-sonnet,2026-09-22,
10,California Teachers,CA,2002,2001,2007,"No single named index; Total Fund performance measured against a Policy Index built by weighting each asset class's custom benchmark by that asset class's target allocation (approx. Domestic Equity ~39%, International Equity ~22%, Fixed Income ~27%, Real Estate ~5%, Alternative Investments ~4-7%, Liquidity ~0-2% per the FY2000-01 and FY2004-05 CAFR asset-allocation charts; targets shifted toward higher Real Estate/Alternative Investments and lower Fixed Income through the FY2006-07 step-plan described in the July 2007 IPS).",Russell 3000 Index (tobacco-free beginning 9/1/2000). The FY2004-05 CAFR states a 'Blend [of] S&P 500 and Russell Small Cap Completeness' was used effective 7/1/2001; the benchmark had reverted to a straight Russell-3000-based formula by the time of the July 2007 IPS revision (exact reversion date not confirmed in sources reviewed).,MSCI All Country World (Free) Index ex-U.S.,,"'U.S. Debt Custom' index -- a blend of the Lehman Brothers U.S. Aggregate (tobacco-free after 9/1/2000) and Lehman Brothers High Yield Cash Pay indices; benchmark was in transition during FY2002-03, blending in a legacy Salomon LPF-based index for that year only.",NCREIF (Property) Index after 7/1/1997; Institutional Property Consultants Index prior to 7/1/1997; lagged one quarter.,'Alternative Investments Custom': blend of [Russell 3000 + 5% + 90-day Treasury Bill] after 4/1/1999; [CPI + 12%] prior to 4/1/1999; lagged one quarter.,,,Salomon 3-Month Treasury Bill,,CAFR,CA_CA-CALSTRS_CAFR_2001_10.pdf.pdf; CA_CA-CALSTRS_CAFR_2005_10.pdf.pdf,/Kevin/RevolvingDoor/CAFR2024/10_California Teachers/CA_CA-CALSTRS_CAFR_2001_10.pdf.pdf,2001,,,Medium,,,,,,,,,,,,,,,,,,,,,,,,,,,,,single-pass-only,pilot-batch-1-sonnet,2026-09-22,
10,California Teachers,CA,2008,2008,2008,"Policy Index weighted per the FY2007-08 target allocation adopted July 2007: 42% U.S. Equity, 21% Non-U.S. Equity, 21% Fixed Income, 9% Real Estate, 7% Alternative Investments, 0% Liquidity (a step toward a long-term target of roughly 40/20/20/11/9/0).",Russell 3000 Index ex-Tobacco,MSCI ACWI ex-U.S. Index ex-Tobacco,Total Public Equity: weighted blend of the Russell 3000 Index ex-Tobacco and the MSCI ACWI ex-U.S. Index ex-Tobacco,"Total Public Debt: 95% Lehman Brothers U.S. Aggregate ex-Tobacco + 5% U.S. High Yield Cash Pay 2% Issuer Constrained Index ex-Tobacco (effective ~4/1/2007, per a FY2012 CAFR footnote noting 'previously LB US Aggregate tobacco free through 3/31/07').","NCREIF Property Index, lagged one quarter","Russell 3000 + 5% + 90-day Treasury Bill, lagged one quarter (unchanged from the prior period; per a FY2017 CAFR footnote this formula ran through 6/30/2008). Note: the July 2007 IPS revision memo separately describes a proposed 'Custom Alternative Investment Index' (Venture Economics/TPEG-based) for the Alternative Investments benchmark, but FY2012/FY2017 CAFR benchmark-history footnotes confirm Russell3000+5%+90-day T-Bill remained the operative Private Equity/AI benchmark through FY2008 -- the proposal in the IPS memo may not have been adopted as written, or may have applied to a narrower sub-component not separately tracked here.",,,,,IPS,CALSTRS_InvPolStmt_July2007_10.pdf.pdf,/Kevin/RevolvingDoor/CAFR2024/10_California Teachers/CALSTRS_InvPolStmt_July2007_10.pdf.pdf,2008,,,High,,,,,,,,,,,,,,,,,,,,,,,,,,,,,single-pass-only,pilot-batch-1-sonnet,2026-09-22,
10,California Teachers,CA,2011,2009,2013,"Policy Index weighted per target allocation, glide-pathing toward a long-term target of roughly 40% U.S. Equity/20% Non-U.S. Equity/20% Fixed Income/11% Real Estate/9% Alternative Investments-Private Equity; an 'Inflation Sensitive' asset class was carved out around July 2011 (from the former 'Absolute Return' category) and an 'Overlay' asset class was added in April 2012.",Russell 3000 (ex-Tobacco),MSCI All Country World Index ex-U.S. (ex-Tobacco),Global Equity Custom: weighted blend of Russell 3000 (tobacco-free) and MSCI All Country World Index ex-U.S. (tobacco-free),U.S. Debt Custom: 95% Barclays Capital U.S. Aggregate (tobacco-free) + 5% U.S. High Yield Cash Pay 2% Issuer Constrained Index (tobacco-free). [Renamed from 'Lehman Brothers' to 'Barclays Capital' following Barclays' 2008 acquisition of Lehman's fixed-income index business; same index construction.],"NCREIF (Property) Index, lagged one quarter (unchanged through FY2013; per the FY2012 CAFR's MD&A the Board announced during FY2012-13 that this would change to the NCREIF ODCE index, with a FY2017 CAFR footnote pinning the actual switch to 7/1/2013 -- see the FY2014 period record).","Blend of Russell 3000 + 3% and the State Street Private Equity Index (SSPEI) cumulative pooled internal-rate-of-return data weighted by sub-asset type, lagged one quarter. Per a FY2017 CAFR footnote, this 'Russell 3000 + 3%' formulation was in effect from 7/1/2008 through 6/30/2014.",,"Inflation Sensitive (created around July 2011, replacing the prior 'Absolute Return' category per a FY2012 CAFR footnote: 'Inflation Sensitive was changed from Absolute Return as of July 2011'): weighted blend of the Bloomberg Barclays Global Inflation Linked Series L Index and CPI+5%, lagged one quarter (per a FY2017 CAFR footnote, this formula applied prior to 7/1/2014).",Barclays Capital 3-Month Treasury Bill,'Overlay' asset class approved by the Board in April 2012; no annual benchmark return was available for it within this period.,CAFR,CA_CA-CALSTRS_CAFR_2012_10.pdf.pdf,/Kevin/RevolvingDoor/CAFR2024/10_California Teachers/CA_CA-CALSTRS_CAFR_2012_10.pdf.pdf,2012,,,High,,,,,,,,,,,,,,,,,,,,,,,,,,,,,single-pass-only,pilot-batch-1-sonnet,2026-09-22,
26,Florida RS,FL,2001,2001,2003,,,,,,,,,,,,Other,FL_FL-FRS_CAFR_2001_26.pdf.pdf; FL_FL-FRS_CAFR_2002_26.pdf.pdf; FL_FL-FRS_CAFR_2003_26.pdf.pdf; FL_FL-FRS_AV_2001_26.pdf.pdf; FloridaRS_InvPolStmt_Aug2003_26.pdf.pdf (fetched but unreadable),/Kevin/RevolvingDoor/CAFR2024/26_Florida RS/FL_FL-FRS_CAFR_2001_26.pdf.pdf,2001,,,Low,,,,,,,,,,,,,,,,,,,,,,,,,,,,,single-pass-only,pilot-batch-1-sonnet,2026-09-22,
26,Florida RS,FL,2004,2004,2010,"SBA describes the FRS Pension Plan's investment objective as a long-term real return of 4.0% per annum (compounded, net of investment expenses). Relative performance is measured against a 'Target Portfolio' whose return is an average of the returns to a specific market index assigned to each asset class -- Domestic Equities, International/Foreign Equities, a small Global Equities sleeve (added June 2003), Fixed Income, Real Estate, Alternative Investments/Private Equity, and Cash -- weighted per Board-approved target allocations. Exact per-asset-class target weights for this period were not recoverable from the extracted PDF text.",Russell 3000 Index (cited as the Domestic Equities asset-class target in both the FY2003-04 and FY2007-08 SBA Annual Investment Reports),"Custom benchmark based on the MSCI All Country World Index ex-US (FY2003-04 report describes the 'international equity target' moving in line with this index family). The FY2007-08 report notes the SBA added a small-cap component to the Foreign Equities target benchmark during that fiscal year, and separately cites the related Lawton Chiles Endowment Fund's foreign-equity benchmark by name as the 'MSCI ACWI ex-US ex-Tobacco Index.'","A separate, small Global Equities asset class was created in June 2003 and funded to its roughly 4% target weight by April 2004; the FY2003-04 report gives its target return (26.2% for FY2004) but the underlying index name did not extract from the source text.","Fixed Income Management Aggregate target = a market-weighted blend of the Lehman Brothers (Barclays Capital) U.S. Aggregate Bond Index and the Merrill Lynch B and BB Rated High-Yield Index (per the FY2003-04 report). The FY2007-08 report continues to reference the Lehman/Barclays U.S. Aggregate Index, with the Lehman Mortgage-Backed Securities Index and Lehman Aggregate ex-MBS Index used as sub-benchmarks for the mortgage and non-mortgage sleeves respectively.",The FY2003-04 report states a real-return target of CPI + 4.5% per annum for Real Estate rather than naming a market index. No NCREIF or similar market-index benchmark for the FRS Pension Plan's own Real Estate portfolio was found in the extracted text of either report (a Wilshire RESI benchmark is cited but only for the separate Lawton Chiles Endowment Fund's REIT sleeve).,By FY2007-08 the asset class (renamed from 'Alternative Investments' to 'Private Equity') is benchmarked to the Russell 3000 Index plus a fixed annual premium. The FY2003-04 report separately cites a 'Venture Economics' benchmark used to compare mature (4+ year) partnerships since the asset class's 1989 inception.,,,Not explicitly named in the extracted text of either report reviewed for this period.,,Other,"2008_air.pdf (SBA Annual Investment Report, FY2007-08); corroborated by 2004_air.pdf (SBA Annual Investment Report, FY2003-04)",/Kevin/RevolvingDoor/CAFR2024/26_Florida RS/2008_air.pdf,2008,,,Medium,,,,,,,,,,,,,,,,,,,,,,,,,,,,,single-pass-only,pilot-batch-1-sonnet,2026-09-22,
26,Florida RS,FL,2010,2004,2010,"SBA describes the FRS Pension Plan's investment objective as a long-term real return of 4.0% per annum (compounded, net of investment expenses). Relative performance is measured against a 'Target Portfolio' whose return is an average of the returns to a specific market index assigned to each asset class -- Domestic Equities, International/Foreign Equities, a small Global Equities sleeve (added June 2003), Fixed Income, Real Estate, Alternative Investments/Private Equity, and Cash -- weighted per Board-approved target allocations. Exact per-asset-class target weights for this period were not recoverable from the extracted PDF text.",Russell 3000 Index (cited as the Domestic Equities asset-class target in both the FY2003-04 and FY2007-08 SBA Annual Investment Reports),"Custom benchmark based on the MSCI All Country World Index ex-US (FY2003-04 report describes the 'international equity target' moving in line with this index family). The FY2007-08 report notes the SBA added a small-cap component to the Foreign Equities target benchmark during that fiscal year, and separately cites the related Lawton Chiles Endowment Fund's foreign-equity benchmark by name as the 'MSCI ACWI ex-US ex-Tobacco Index.'","A separate, small Global Equities asset class was created in June 2003 and funded to its roughly 4% target weight by April 2004; the FY2003-04 report gives its target return (26.2% for FY2004) but the underlying index name did not extract from the source text.","Fixed Income Management Aggregate target = a market-weighted blend of the Lehman Brothers (Barclays Capital) U.S. Aggregate Bond Index and the Merrill Lynch B and BB Rated High-Yield Index (per the FY2003-04 report). The FY2007-08 report continues to reference the Lehman/Barclays U.S. Aggregate Index, with the Lehman Mortgage-Backed Securities Index and Lehman Aggregate ex-MBS Index used as sub-benchmarks for the mortgage and non-mortgage sleeves respectively.",The FY2003-04 report states a real-return target of CPI + 4.5% per annum for Real Estate rather than naming a market index. No NCREIF or similar market-index benchmark for the FRS Pension Plan's own Real Estate portfolio was found in the extracted text of either report (a Wilshire RESI benchmark is cited but only for the separate Lawton Chiles Endowment Fund's REIT sleeve).,By FY2007-08 the asset class (renamed from 'Alternative Investments' to 'Private Equity') is benchmarked to the Russell 3000 Index plus a fixed annual premium. The FY2003-04 report separately cites a 'Venture Economics' benchmark used to compare mature (4+ year) partnerships since the asset class's 1989 inception.,,,Not explicitly named in the extracted text of either report reviewed for this period.,,Other,"2008_air.pdf (SBA Annual Investment Report, FY2007-08); corroborated by 2004_air.pdf (SBA Annual Investment Report, FY2003-04)",/Kevin/RevolvingDoor/CAFR2024/26_Florida RS/2008_air.pdf,2008,,,Medium,,,,,,,,,,,,,,,,,,,,,,,,,,,,,single-pass-only,pilot-batch-1-sonnet,2026-09-22,"REVIEWED 2026-09-22: same-year-IPS flag confirmed unfixable -- FloridaRS_InvPolStmt_Jun2010_26.pdf.pdf fetched and confirmed to return blank/whitespace text (scanned image, no OCR text layer). No additional data recoverable with current tools."
26,Florida RS,FL,2007,2004,2010,"SBA describes the FRS Pension Plan's investment objective as a long-term real return of 4.0% per annum (compounded, net of investment expenses). Relative performance is measured against a 'Target Portfolio' whose return is an average of the returns to a specific market index assigned to each asset class -- Domestic Equities, International/Foreign Equities, a small Global Equities sleeve (added June 2003), Fixed Income, Real Estate, Alternative Investments/Private Equity, and Cash -- weighted per Board-approved target allocations. Exact per-asset-class target weights for this period were not recoverable from the extracted PDF text.",Russell 3000 Index (cited as the Domestic Equities asset-class target in both the FY2003-04 and FY2007-08 SBA Annual Investment Reports),"Custom benchmark based on the MSCI All Country World Index ex-US (FY2003-04 report describes the 'international equity target' moving in line with this index family). The FY2007-08 report notes the SBA added a small-cap component to the Foreign Equities target benchmark during that fiscal year, and separately cites the related Lawton Chiles Endowment Fund's foreign-equity benchmark by name as the 'MSCI ACWI ex-US ex-Tobacco Index.'","A separate, small Global Equities asset class was created in June 2003 and funded to its roughly 4% target weight by April 2004; the FY2003-04 report gives its target return (26.2% for FY2004) but the underlying index name did not extract from the source text.","Fixed Income Management Aggregate target = a market-weighted blend of the Lehman Brothers (Barclays Capital) U.S. Aggregate Bond Index and the Merrill Lynch B and BB Rated High-Yield Index (per the FY2003-04 report). The FY2007-08 report continues to reference the Lehman/Barclays U.S. Aggregate Index, with the Lehman Mortgage-Backed Securities Index and Lehman Aggregate ex-MBS Index used as sub-benchmarks for the mortgage and non-mortgage sleeves respectively.",The FY2003-04 report states a real-return target of CPI + 4.5% per annum for Real Estate rather than naming a market index. No NCREIF or similar market-index benchmark for the FRS Pension Plan's own Real Estate portfolio was found in the extracted text of either report (a Wilshire RESI benchmark is cited but only for the separate Lawton Chiles Endowment Fund's REIT sleeve).,By FY2007-08 the asset class (renamed from 'Alternative Investments' to 'Private Equity') is benchmarked to the Russell 3000 Index plus a fixed annual premium. The FY2003-04 report separately cites a 'Venture Economics' benchmark used to compare mature (4+ year) partnerships since the asset class's 1989 inception.,,,Not explicitly named in the extracted text of either report reviewed for this period.,,Other,"2008_air.pdf (SBA Annual Investment Report, FY2007-08); corroborated by 2004_air.pdf (SBA Annual Investment Report, FY2003-04)",/Kevin/RevolvingDoor/CAFR2024/26_Florida RS/2008_air.pdf,2008,,,Medium,,,,,,,,,,,,,,,,,,,,,,,,,,,,,single-pass-only,pilot-batch-1-sonnet,2026-09-22,"REVIEWED 2026-09-22: same-year-IPS flag confirmed unfixable -- FloridaRS_InvPolStmt_May2007_26.pdf.pdf fetched and confirmed to return blank/whitespace text (scanned image, no OCR text layer). No additional data recoverable with current tools."
26,Florida RS,FL,2013,2011,2016,"Target Portfolio = weighted-average of the returns to a passive target index for each of six asset classes (Global Equity, Fixed Income, Real Estate, Private Equity, Strategic Investments, Cash Equivalents), weighted per Board-approved target allocations; absolute objective remains a long-term real return of 4.0% per annum over inflation. Effective July 2010, Domestic Equities, Foreign Equities and the small Global Equities sleeve were consolidated into a single Global Equity asset class.",,,"Custom version of the MSCI All Country World Investable Market Index (ACWI IMI), in U.S. dollar terms, net of withholding taxes on non-resident institutional investors, adjusted to exclude holdings prohibited under Florida's Protecting Florida's Investments Act.","Barclays Capital U.S. Aggregate Index (per the FY2010-11 report). By FY2016-17 the CAFR's fixed-income interest-rate-risk disclosures instead reference the Barclays Capital U.S. Intermediate Aggregate Bond Index as the duration benchmark, indicating the benchmark was narrowed to the Intermediate Aggregate at some point within this window (exact date unconfirmed).","90% NCREIF Fund Index - Open-ended Diversified Core Equity (ODCE), net of fees, and 10% FTSE EPRA/NAREIT Developed Index, in U.S. dollar terms, net of withholding taxes on non-resident institutional investors (per the FY2010-11 report).",Russell 3000 Index (U.S. stock) plus a fixed premium of 300 basis points per annum (per the FY2010-11 report); performance measured on an internal-rate-of-return basis.,Strategic Investments asset class (opportunistic/diversifying allocation): benchmarked to an exposure-weighted blend of the benchmarks of its individual underlying investments.,,iMoneyNet First Tier Institutional Money Market Funds Net Index.,,Other,"2011_air.pdf (SBA Annual Investment Report, FY2010-11)",/Kevin/RevolvingDoor/CAFR2024/26_Florida RS/2011_air.pdf,2011,,,Medium,,,,,,,,,,,,,,,,,,,,,,,,,,,,,single-pass-only,pilot-batch-1-sonnet,2026-09-22,"REVIEWED 2026-09-22: same-year-IPS flag confirmed unfixable -- FloridaRS_InvPolStmt_Aug2013_26.pdf.pdf previously confirmed (original research pass) to return blank/whitespace text (scanned image, no OCR text layer). No additional data recoverable with current tools."
26,Florida RS,FL,2019,2019,2021,"Target Portfolio = weighted-average return of the passive target indices in Table 4 of the IPS, weighted by the target allocations in Table 2 (Global Equity 53%, Fixed Income 18%, Real Estate 10%, Private Equity 6%, Strategic Investments 12%, Cash Equivalents 1%), adjusted for floating private-market allocations against the public-market asset classes. Absolute objective is a long-term real return of 4.0% per annum (compounded, net of investment expenses). Effective July 1, 2018.",,,"A custom version of the MSCI All Country World Investable Market Index (ACWI IMI), in dollar terms, net of withholding taxes on non-resident institutional investors, adjusted to reflect the Protecting Florida's Investments Act (target allocation 53%, policy range 45%-70%).","The Barclays Capital U.S. Intermediate Aggregate Index (target allocation 18%, policy range 10%-26%).","Core portion (76.5% of the asset class) benchmarked to the NCREIF Fund Index - Open-ended Diversified Core Equity (NFI-ODCE), net of fees; non-core portion (13.5%) benchmarked to NFI-ODCE net of fees plus a fixed 150 basis point annual premium; remaining 10% benchmarked to the FTSE EPRA/NAREIT Developed Index. Target allocation 10%, policy range 4%-16%.","The MSCI All Country World Investable Market Index (ACWI IMI), in dollar terms, net of withholding taxes on non-resident institutional investors, adjusted for the Protecting Florida's Investments Act, plus a fixed premium return of 300 basis points per annum; performance also assessed relative to the joint Cambridge Associates Global Private Equity and Venture Capital Index pooled return at peer-group weights. Target allocation 6%, policy range 2%-9%.","Strategic Investments asset class: benchmarked to a weighted-average of individual portfolio-level benchmark returns; also assessed relative to the CPI plus 4.0%. Target allocation 12%, policy range 0%-16%.","Not a standalone asset class in this IPS; real assets/infrastructure/commodities exposure, if any, sits within Strategic Investments.","The Bank of America Merrill Lynch 3-Month US Treasury Index (primary target); also assessed relative to the iMoneyNet FirstTier Institutional Money Market Funds Net Index. Target allocation 1%, policy range 0.25%-5%.","Strategic Investments is explicitly defined in the IPS as able to include direct investments, capital commitment partnerships, hedge funds, or other vehicles involving non-traditional, opportunistic and/or long or short investments in marketable and nonmarketable debt, equity, and/or real assets; leverage may be used subject to controls.",IPS,FloridaRS_InvPolStmt_Jun2018_26.pdf.pdf,/Kevin/RevolvingDoor/CAFR2024/26_Florida RS/FloridaRS_InvPolStmt_Jun2018_26.pdf.pdf,2018,,,High,,,,,,,,,,,,,,,,,,,,,,,,,,,,,single-pass-only,pilot-batch-1-sonnet,2026-09-22,
26,Florida RS,FL,2016,2011,2016,"Target Portfolio = weighted-average of the returns to a passive target index for each of six asset classes (Global Equity, Fixed Income, Real Estate, Private Equity, Strategic Investments, Cash Equivalents), weighted per Board-approved target allocations; absolute objective remains a long-term real return of 4.0% per annum over inflation. Effective July 2010, Domestic Equities, Foreign Equities and the small Global Equities sleeve were consolidated into a single Global Equity asset class.",,,"Custom version of the MSCI All Country World Investable Market Index (ACWI IMI), in U.S. dollar terms, net of withholding taxes on non-resident institutional investors, adjusted to exclude holdings prohibited under Florida's Protecting Florida's Investments Act.","Barclays Capital U.S. Aggregate Index (per the FY2010-11 report). By FY2016-17 the CAFR's fixed-income interest-rate-risk disclosures instead reference the Barclays Capital U.S. Intermediate Aggregate Bond Index as the duration benchmark, indicating the benchmark was narrowed to the Intermediate Aggregate at some point within this window (exact date unconfirmed).","90% NCREIF Fund Index - Open-ended Diversified Core Equity (ODCE), net of fees, and 10% FTSE EPRA/NAREIT Developed Index, in U.S. dollar terms, net of withholding taxes on non-resident institutional investors (per the FY2010-11 report).",Russell 3000 Index (U.S. stock) plus a fixed premium of 300 basis points per annum (per the FY2010-11 report); performance measured on an internal-rate-of-return basis.,Strategic Investments asset class (opportunistic/diversifying allocation): benchmarked to an exposure-weighted blend of the benchmarks of its individual underlying investments.,,iMoneyNet First Tier Institutional Money Market Funds Net Index.,,Other,"2011_air.pdf (SBA Annual Investment Report, FY2010-11)",/Kevin/RevolvingDoor/CAFR2024/26_Florida RS/2011_air.pdf,2011,,,Medium,,,,,,,,,,,,,,,,,,,,,,,,,,,,,single-pass-only,pilot-batch-1-sonnet,2026-09-22,
26,Florida RS,FL,2005,2004,2010,"SBA describes the FRS Pension Plan's investment objective as a long-term real return of 4.0% per annum (compounded, net of investment expenses). Relative performance is measured against a 'Target Portfolio' whose return is an average of the returns to a specific market index assigned to each asset class -- Domestic Equities, International/Foreign Equities, a small Global Equities sleeve (added June 2003), Fixed Income, Real Estate, Alternative Investments/Private Equity, and Cash -- weighted per Board-approved target allocations. Exact per-asset-class target weights for this period were not recoverable from the extracted PDF text.",Russell 3000 Index (cited as the Domestic Equities asset-class target in both the FY2003-04 and FY2007-08 SBA Annual Investment Reports),"Custom benchmark based on the MSCI All Country World Index ex-US (FY2003-04 report describes the 'international equity target' moving in line with this index family). The FY2007-08 report notes the SBA added a small-cap component to the Foreign Equities target benchmark during that fiscal year, and separately cites the related Lawton Chiles Endowment Fund's foreign-equity benchmark by name as the 'MSCI ACWI ex-US ex-Tobacco Index.'","A separate, small Global Equities asset class was created in June 2003 and funded to its roughly 4% target weight by April 2004; the FY2003-04 report gives its target return (26.2% for FY2004) but the underlying index name did not extract from the source text.","Fixed Income Management Aggregate target = a market-weighted blend of the Lehman Brothers (Barclays Capital) U.S. Aggregate Bond Index and the Merrill Lynch B and BB Rated High-Yield Index (per the FY2003-04 report). The FY2007-08 report continues to reference the Lehman/Barclays U.S. Aggregate Index, with the Lehman Mortgage-Backed Securities Index and Lehman Aggregate ex-MBS Index used as sub-benchmarks for the mortgage and non-mortgage sleeves respectively.",The FY2003-04 report states a real-return target of CPI + 4.5% per annum for Real Estate rather than naming a market index. No NCREIF or similar market-index benchmark for the FRS Pension Plan's own Real Estate portfolio was found in the extracted text of either report (a Wilshire RESI benchmark is cited but only for the separate Lawton Chiles Endowment Fund's REIT sleeve).,By FY2007-08 the asset class (renamed from 'Alternative Investments' to 'Private Equity') is benchmarked to the Russell 3000 Index plus a fixed annual premium. The FY2003-04 report separately cites a 'Venture Economics' benchmark used to compare mature (4+ year) partnerships since the asset class's 1989 inception.,,,Not explicitly named in the extracted text of either report reviewed for this period.,,Other,"2008_air.pdf (SBA Annual Investment Report, FY2007-08); corroborated by 2004_air.pdf (SBA Annual Investment Report, FY2003-04)",/Kevin/RevolvingDoor/CAFR2024/26_Florida RS/2008_air.pdf,2008,,,Medium,,,,,,,,,,,,,,,,,,,,,,,,,,,,,single-pass-only,pilot-batch-1-sonnet,2026-09-22,
26,Florida RS,FL,2002,2001,2003,,,,,,,,,,,,Other,FL_FL-FRS_CAFR_2001_26.pdf.pdf; FL_FL-FRS_CAFR_2002_26.pdf.pdf; FL_FL-FRS_CAFR_2003_26.pdf.pdf; FL_FL-FRS_AV_2001_26.pdf.pdf; FloridaRS_InvPolStmt_Aug2003_26.pdf.pdf (fetched but unreadable),/Kevin/RevolvingDoor/CAFR2024/26_Florida RS/FL_FL-FRS_CAFR_2001_26.pdf.pdf,2001,,,Low,,,,,,,,,,,,,,,,,,,,,,,,,,,,,single-pass-only,pilot-batch-1-sonnet,2026-09-22,
26,Florida RS,FL,2008,2004,2010,"SBA describes the FRS Pension Plan's investment objective as a long-term real return of 4.0% per annum (compounded, net of investment expenses). Relative performance is measured against a 'Target Portfolio' whose return is an average of the returns to a specific market index assigned to each asset class -- Domestic Equities, International/Foreign Equities, a small Global Equities sleeve (added June 2003), Fixed Income, Real Estate, Alternative Investments/Private Equity, and Cash -- weighted per Board-approved target allocations. Exact per-asset-class target weights for this period were not recoverable from the extracted PDF text.",Russell 3000 Index (cited as the Domestic Equities asset-class target in both the FY2003-04 and FY2007-08 SBA Annual Investment Reports),"Custom benchmark based on the MSCI All Country World Index ex-US (FY2003-04 report describes the 'international equity target' moving in line with this index family). The FY2007-08 report notes the SBA added a small-cap component to the Foreign Equities target benchmark during that fiscal year, and separately cites the related Lawton Chiles Endowment Fund's foreign-equity benchmark by name as the 'MSCI ACWI ex-US ex-Tobacco Index.'","A separate, small Global Equities asset class was created in June 2003 and funded to its roughly 4% target weight by April 2004; the FY2003-04 report gives its target return (26.2% for FY2004) but the underlying index name did not extract from the source text.","Fixed Income Management Aggregate target = a market-weighted blend of the Lehman Brothers (Barclays Capital) U.S. Aggregate Bond Index and the Merrill Lynch B and BB Rated High-Yield Index (per the FY2003-04 report). The FY2007-08 report continues to reference the Lehman/Barclays U.S. Aggregate Index, with the Lehman Mortgage-Backed Securities Index and Lehman Aggregate ex-MBS Index used as sub-benchmarks for the mortgage and non-mortgage sleeves respectively.",The FY2003-04 report states a real-return target of CPI + 4.5% per annum for Real Estate rather than naming a market index. No NCREIF or similar market-index benchmark for the FRS Pension Plan's own Real Estate portfolio was found in the extracted text of either report (a Wilshire RESI benchmark is cited but only for the separate Lawton Chiles Endowment Fund's REIT sleeve).,By FY2007-08 the asset class (renamed from 'Alternative Investments' to 'Private Equity') is benchmarked to the Russell 3000 Index plus a fixed annual premium. The FY2003-04 report separately cites a 'Venture Economics' benchmark used to compare mature (4+ year) partnerships since the asset class's 1989 inception.,,,Not explicitly named in the extracted text of either report reviewed for this period.,,Other,"2008_air.pdf (SBA Annual Investment Report, FY2007-08); corroborated by 2004_air.pdf (SBA Annual Investment Report, FY2003-04)",/Kevin/RevolvingDoor/CAFR2024/26_Florida RS/2008_air.pdf,2008,,,Medium,,,,,,,,,,,,,,,,,,,,,,,,,,,,,single-pass-only,pilot-batch-1-sonnet,2026-09-22,"REVIEWED 2026-09-22: same-year-IPS flag confirmed unfixable -- FloridaRS_InvPolStmt_Dec2008_26.pdf.pdf fetched and confirmed to return blank/whitespace text (scanned image, no OCR text layer). No additional data recoverable with current tools."
26,Florida RS,FL,2011,2011,2016,"Target Portfolio = weighted-average of the returns to a passive target index for each of six asset classes (Global Equity, Fixed Income, Real Estate, Private Equity, Strategic Investments, Cash Equivalents), weighted per Board-approved target allocations; absolute objective remains a long-term real return of 4.0% per annum over inflation. Effective July 2010, Domestic Equities, Foreign Equities and the small Global Equities sleeve were consolidated into a single Global Equity asset class.",,,"Custom version of the MSCI All Country World Investable Market Index (ACWI IMI), in U.S. dollar terms, net of withholding taxes on non-resident institutional investors, adjusted to exclude holdings prohibited under Florida's Protecting Florida's Investments Act.","Barclays Capital U.S. Aggregate Index (per the FY2010-11 report). By FY2016-17 the CAFR's fixed-income interest-rate-risk disclosures instead reference the Barclays Capital U.S. Intermediate Aggregate Bond Index as the duration benchmark, indicating the benchmark was narrowed to the Intermediate Aggregate at some point within this window (exact date unconfirmed).","90% NCREIF Fund Index - Open-ended Diversified Core Equity (ODCE), net of fees, and 10% FTSE EPRA/NAREIT Developed Index, in U.S. dollar terms, net of withholding taxes on non-resident institutional investors (per the FY2010-11 report).",Russell 3000 Index (U.S. stock) plus a fixed premium of 300 basis points per annum (per the FY2010-11 report); performance measured on an internal-rate-of-return basis.,Strategic Investments asset class (opportunistic/diversifying allocation): benchmarked to an exposure-weighted blend of the benchmarks of its individual underlying investments.,,iMoneyNet First Tier Institutional Money Market Funds Net Index.,,Other,"2011_air.pdf (SBA Annual Investment Report, FY2010-11)",/Kevin/RevolvingDoor/CAFR2024/26_Florida RS/2011_air.pdf,2011,,,Medium,,,,,,,,,,,,,,,,,,,,,,,,,,,,,single-pass-only,pilot-batch-1-sonnet,2026-09-22,"REVIEWED 2026-09-22: same-year-IPS flag confirmed unfixable -- FloridaRS_InvPolStmt_June2011_26.pdf.pdf fetched and confirmed to return blank/whitespace text (scanned image, no OCR text layer). No additional data recoverable with current tools."
26,Florida RS,FL,2017,2017,2018,"Same Target Portfolio methodology as the prior period. The FY2016-17 CAFR confirms the Global Equity target allocation remained 53% (policy range 45%-70%), matching the target later restated in the July 2018 Investment Policy Statement.",,,"Custom version of the MSCI All Country World Investable Market Index (ACWI IMI) (target allocation 53%, policy range 45%-70%, confirmed in the FY2016-17 CAFR); same index family as the prior period.",Barclays Capital U.S. Intermediate Aggregate Bond Index (cited as the FRS Core fixed income portfolios' duration benchmark in the FY2016-17 CAFR's interest-rate-risk note) -- narrower than the full Aggregate Index used as of FY2010-11.,"Not independently confirmed for this period; by the July 2018 IPS the blend was 76.5% NCREIF ODCE (core, net of fees) + 13.5% NCREIF ODCE + 150bps (non-core) + 10% FTSE EPRA/NAREIT Developed Index; carried forward here as the likely value, but not confirmed to already apply in FY2017-18.","Not independently confirmed for this period; by the July 2018 IPS the benchmark was the MSCI ACWI IMI (Protecting Florida's Investments Act-adjusted) plus 300 basis points, superseding the Russell 3000 + 300bp benchmark confirmed for FY2010-11. Carried forward as the likely value.",Strategic Investments: exposure-weighted blend of individual investment benchmarks (unchanged description from prior period; not independently re-confirmed for FY2017-18).,,Not independently confirmed for this period; carried forward from the FY2010-11 report (iMoneyNet First Tier Institutional Money Market Funds Net Index).,,CAFR,FL_FL-FRS_CAFR_2017_26.pdf.pdf,/Kevin/RevolvingDoor/CAFR2024/26_Florida RS/FL_FL-FRS_CAFR_2017_26.pdf.pdf,2017,,,Low,,,,,,,,,,,,,,,,,,,,,,,,,,,,,single-pass-only,pilot-batch-1-sonnet,2026-09-22,"REVIEWED 2026-09-22: same-year-IPS flag confirmed unfixable -- FloridaRS_InvPolStmt_Oct2017_26.pdf.pdf previously confirmed (original research pass) to return blank/whitespace text (scanned image, no OCR text layer). No additional data recoverable with current tools."
26,Florida RS,FL,2014,2011,2016,"Target Portfolio = weighted-average of the returns to a passive target index for each of six asset classes (Global Equity, Fixed Income, Real Estate, Private Equity, Strategic Investments, Cash Equivalents), weighted per Board-approved target allocations; absolute objective remains a long-term real return of 4.0% per annum over inflation. Effective July 2010, Domestic Equities, Foreign Equities and the small Global Equities sleeve were consolidated into a single Global Equity asset class.",,,"Custom version of the MSCI All Country World Investable Market Index (ACWI IMI), in U.S. dollar terms, net of withholding taxes on non-resident institutional investors, adjusted to exclude holdings prohibited under Florida's Protecting Florida's Investments Act.","Barclays Capital U.S. Aggregate Index (per the FY2010-11 report). By FY2016-17 the CAFR's fixed-income interest-rate-risk disclosures instead reference the Barclays Capital U.S. Intermediate Aggregate Bond Index as the duration benchmark, indicating the benchmark was narrowed to the Intermediate Aggregate at some point within this window (exact date unconfirmed).","90% NCREIF Fund Index - Open-ended Diversified Core Equity (ODCE), net of fees, and 10% FTSE EPRA/NAREIT Developed Index, in U.S. dollar terms, net of withholding taxes on non-resident institutional investors (per the FY2010-11 report).",Russell 3000 Index (U.S. stock) plus a fixed premium of 300 basis points per annum (per the FY2010-11 report); performance measured on an internal-rate-of-return basis.,Strategic Investments asset class (opportunistic/diversifying allocation): benchmarked to an exposure-weighted blend of the benchmarks of its individual underlying investments.,,iMoneyNet First Tier Institutional Money Market Funds Net Index.,,Other,"2011_air.pdf (SBA Annual Investment Report, FY2010-11)",/Kevin/RevolvingDoor/CAFR2024/26_Florida RS/2011_air.pdf,2011,,,Medium,,,,,,,,,,,,,,,,,,,,,,,,,,,,,single-pass-only,pilot-batch-1-sonnet,2026-09-22,"REVIEWED 2026-09-22: same-year-IPS flag confirmed unfixable -- FloridaRS_InvPolStmt_Jul2014_26.pdf.pdf previously confirmed (original research pass) to return blank/whitespace text (scanned image, no OCR text layer). No additional data recoverable with current tools."
26,Florida RS,FL,2020,2019,2021,"Target Portfolio = weighted-average return of the passive target indices in Table 4 of the IPS, weighted by the target allocations in Table 2 (Global Equity 53%, Fixed Income 18%, Real Estate 10%, Private Equity 6%, Strategic Investments 12%, Cash Equivalents 1%), adjusted for floating private-market allocations against the public-market asset classes. Absolute objective is a long-term real return of 4.0% per annum (compounded, net of investment expenses). Effective July 1, 2018.",,,"A custom version of the MSCI All Country World Investable Market Index (ACWI IMI), in dollar terms, net of withholding taxes on non-resident institutional investors, adjusted to reflect the Protecting Florida's Investments Act (target allocation 53%, policy range 45%-70%).","The Barclays Capital U.S. Intermediate Aggregate Index (target allocation 18%, policy range 10%-26%).","Core portion (76.5% of the asset class) benchmarked to the NCREIF Fund Index - Open-ended Diversified Core Equity (NFI-ODCE), net of fees; non-core portion (13.5%) benchmarked to NFI-ODCE net of fees plus a fixed 150 basis point annual premium; remaining 10% benchmarked to the FTSE EPRA/NAREIT Developed Index. Target allocation 10%, policy range 4%-16%.","The MSCI All Country World Investable Market Index (ACWI IMI), in dollar terms, net of withholding taxes on non-resident institutional investors, adjusted for the Protecting Florida's Investments Act, plus a fixed premium return of 300 basis points per annum; performance also assessed relative to the joint Cambridge Associates Global Private Equity and Venture Capital Index pooled return at peer-group weights. Target allocation 6%, policy range 2%-9%.","Strategic Investments asset class: benchmarked to a weighted-average of individual portfolio-level benchmark returns; also assessed relative to the CPI plus 4.0%. Target allocation 12%, policy range 0%-16%.","Not a standalone asset class in this IPS; real assets/infrastructure/commodities exposure, if any, sits within Strategic Investments.","The Bank of America Merrill Lynch 3-Month US Treasury Index (primary target); also assessed relative to the iMoneyNet FirstTier Institutional Money Market Funds Net Index. Target allocation 1%, policy range 0.25%-5%.","Strategic Investments is explicitly defined in the IPS as able to include direct investments, capital commitment partnerships, hedge funds, or other vehicles involving non-traditional, opportunistic and/or long or short investments in marketable and nonmarketable debt, equity, and/or real assets; leverage may be used subject to controls.",IPS,FloridaRS_InvPolStmt_Jun2018_26.pdf.pdf,/Kevin/RevolvingDoor/CAFR2024/26_Florida RS/FloridaRS_InvPolStmt_Jun2018_26.pdf.pdf,2018,,,High,,,,,,,,,,,,,,,,,,,,,,,,,,,,,single-pass-only,pilot-batch-1-sonnet,2026-09-22,
26,Florida RS,FL,2003,2001,2003,,,,,,,,,,,,Other,FL_FL-FRS_CAFR_2001_26.pdf.pdf; FL_FL-FRS_CAFR_2002_26.pdf.pdf; FL_FL-FRS_CAFR_2003_26.pdf.pdf; FL_FL-FRS_AV_2001_26.pdf.pdf; FloridaRS_InvPolStmt_Aug2003_26.pdf.pdf (fetched but unreadable),/Kevin/RevolvingDoor/CAFR2024/26_Florida RS/FL_FL-FRS_CAFR_2001_26.pdf.pdf,2001,,,Low,,,,,,,,,,,,,,,,,,,,,,,,,,,,,single-pass-only,pilot-batch-1-sonnet,2026-09-22,"REVIEWED 2026-09-22: same-year-IPS flag confirmed unfixable -- FloridaRS_InvPolStmt_Aug2003_26.pdf.pdf re-fetched and confirmed to still return blank/whitespace text (scanned image, no OCR text layer). Matches original finding; no additional data recoverable with current tools."
26,Florida RS,FL,2006,2004,2010,"SBA describes the FRS Pension Plan's investment objective as a long-term real return of 4.0% per annum (compounded, net of investment expenses). Relative performance is measured against a 'Target Portfolio' whose return is an average of the returns to a specific market index assigned to each asset class -- Domestic Equities, International/Foreign Equities, a small Global Equities sleeve (added June 2003), Fixed Income, Real Estate, Alternative Investments/Private Equity, and Cash -- weighted per Board-approved target allocations. Exact per-asset-class target weights for this period were not recoverable from the extracted PDF text.",Russell 3000 Index (cited as the Domestic Equities asset-class target in both the FY2003-04 and FY2007-08 SBA Annual Investment Reports),"Custom benchmark based on the MSCI All Country World Index ex-US (FY2003-04 report describes the 'international equity target' moving in line with this index family). The FY2007-08 report notes the SBA added a small-cap component to the Foreign Equities target benchmark during that fiscal year, and separately cites the related Lawton Chiles Endowment Fund's foreign-equity benchmark by name as the 'MSCI ACWI ex-US ex-Tobacco Index.'","A separate, small Global Equities asset class was created in June 2003 and funded to its roughly 4% target weight by April 2004; the FY2003-04 report gives its target return (26.2% for FY2004) but the underlying index name did not extract from the source text.","Fixed Income Management Aggregate target = a market-weighted blend of the Lehman Brothers (Barclays Capital) U.S. Aggregate Bond Index and the Merrill Lynch B and BB Rated High-Yield Index (per the FY2003-04 report). The FY2007-08 report continues to reference the Lehman/Barclays U.S. Aggregate Index, with the Lehman Mortgage-Backed Securities Index and Lehman Aggregate ex-MBS Index used as sub-benchmarks for the mortgage and non-mortgage sleeves respectively.",The FY2003-04 report states a real-return target of CPI + 4.5% per annum for Real Estate rather than naming a market index. No NCREIF or similar market-index benchmark for the FRS Pension Plan's own Real Estate portfolio was found in the extracted text of either report (a Wilshire RESI benchmark is cited but only for the separate Lawton Chiles Endowment Fund's REIT sleeve).,By FY2007-08 the asset class (renamed from 'Alternative Investments' to 'Private Equity') is benchmarked to the Russell 3000 Index plus a fixed annual premium. The FY2003-04 report separately cites a 'Venture Economics' benchmark used to compare mature (4+ year) partnerships since the asset class's 1989 inception.,,,Not explicitly named in the extracted text of either report reviewed for this period.,,Other,"2008_air.pdf (SBA Annual Investment Report, FY2007-08); corroborated by 2004_air.pdf (SBA Annual Investment Report, FY2003-04)",/Kevin/RevolvingDoor/CAFR2024/26_Florida RS/2008_air.pdf,2008,,,Medium,,,,,,,,,,,,,,,,,,,,,,,,,,,,,single-pass-only,pilot-batch-1-sonnet,2026-09-22,
26,Florida RS,FL,2012,2011,2016,"Target Portfolio = weighted-average of the returns to a passive target index for each of six asset classes (Global Equity, Fixed Income, Real Estate, Private Equity, Strategic Investments, Cash Equivalents), weighted per Board-approved target allocations; absolute objective remains a long-term real return of 4.0% per annum over inflation. Effective July 2010, Domestic Equities, Foreign Equities and the small Global Equities sleeve were consolidated into a single Global Equity asset class.",,,"Custom version of the MSCI All Country World Investable Market Index (ACWI IMI), in U.S. dollar terms, net of withholding taxes on non-resident institutional investors, adjusted to exclude holdings prohibited under Florida's Protecting Florida's Investments Act.","Barclays Capital U.S. Aggregate Index (per the FY2010-11 report). By FY2016-17 the CAFR's fixed-income interest-rate-risk disclosures instead reference the Barclays Capital U.S. Intermediate Aggregate Bond Index as the duration benchmark, indicating the benchmark was narrowed to the Intermediate Aggregate at some point within this window (exact date unconfirmed).","90% NCREIF Fund Index - Open-ended Diversified Core Equity (ODCE), net of fees, and 10% FTSE EPRA/NAREIT Developed Index, in U.S. dollar terms, net of withholding taxes on non-resident institutional investors (per the FY2010-11 report).",Russell 3000 Index (U.S. stock) plus a fixed premium of 300 basis points per annum (per the FY2010-11 report); performance measured on an internal-rate-of-return basis.,Strategic Investments asset class (opportunistic/diversifying allocation): benchmarked to an exposure-weighted blend of the benchmarks of its individual underlying investments.,,iMoneyNet First Tier Institutional Money Market Funds Net Index.,,Other,"2011_air.pdf (SBA Annual Investment Report, FY2010-11)",/Kevin/RevolvingDoor/CAFR2024/26_Florida RS/2011_air.pdf,2011,,,Medium,,,,,,,,,,,,,,,,,,,,,,,,,,,,,single-pass-only,pilot-batch-1-sonnet,2026-09-22,"REVIEWED 2026-09-22: same-year-IPS flag confirmed unfixable -- FloridaRS_InvPolStmt_Feb2012_26.pdf.pdf previously confirmed (original research pass) to return blank/whitespace text (scanned image, no OCR text layer). No additional data recoverable with current tools."
26,Florida RS,FL,2009,2004,2010,"SBA describes the FRS Pension Plan's investment objective as a long-term real return of 4.0% per annum (compounded, net of investment expenses). Relative performance is measured against a 'Target Portfolio' whose return is an average of the returns to a specific market index assigned to each asset class -- Domestic Equities, International/Foreign Equities, a small Global Equities sleeve (added June 2003), Fixed Income, Real Estate, Alternative Investments/Private Equity, and Cash -- weighted per Board-approved target allocations. Exact per-asset-class target weights for this period were not recoverable from the extracted PDF text.",Russell 3000 Index (cited as the Domestic Equities asset-class target in both the FY2003-04 and FY2007-08 SBA Annual Investment Reports),"Custom benchmark based on the MSCI All Country World Index ex-US (FY2003-04 report describes the 'international equity target' moving in line with this index family). The FY2007-08 report notes the SBA added a small-cap component to the Foreign Equities target benchmark during that fiscal year, and separately cites the related Lawton Chiles Endowment Fund's foreign-equity benchmark by name as the 'MSCI ACWI ex-US ex-Tobacco Index.'","A separate, small Global Equities asset class was created in June 2003 and funded to its roughly 4% target weight by April 2004; the FY2003-04 report gives its target return (26.2% for FY2004) but the underlying index name did not extract from the source text.","Fixed Income Management Aggregate target = a market-weighted blend of the Lehman Brothers (Barclays Capital) U.S. Aggregate Bond Index and the Merrill Lynch B and BB Rated High-Yield Index (per the FY2003-04 report). The FY2007-08 report continues to reference the Lehman/Barclays U.S. Aggregate Index, with the Lehman Mortgage-Backed Securities Index and Lehman Aggregate ex-MBS Index used as sub-benchmarks for the mortgage and non-mortgage sleeves respectively.",The FY2003-04 report states a real-return target of CPI + 4.5% per annum for Real Estate rather than naming a market index. No NCREIF or similar market-index benchmark for the FRS Pension Plan's own Real Estate portfolio was found in the extracted text of either report (a Wilshire RESI benchmark is cited but only for the separate Lawton Chiles Endowment Fund's REIT sleeve).,By FY2007-08 the asset class (renamed from 'Alternative Investments' to 'Private Equity') is benchmarked to the Russell 3000 Index plus a fixed annual premium. The FY2003-04 report separately cites a 'Venture Economics' benchmark used to compare mature (4+ year) partnerships since the asset class's 1989 inception.,,,Not explicitly named in the extracted text of either report reviewed for this period.,,Other,"2008_air.pdf (SBA Annual Investment Report, FY2007-08); corroborated by 2004_air.pdf (SBA Annual Investment Report, FY2003-04)",/Kevin/RevolvingDoor/CAFR2024/26_Florida RS/2008_air.pdf,2008,,,Medium,,,,,,,,,,,,,,,,,,,,,,,,,,,,,single-pass-only,pilot-batch-1-sonnet,2026-09-22,
26,Florida RS,FL,2015,2011,2016,"Target Portfolio = weighted-average of the returns to a passive target index for each of six asset classes (Global Equity, Fixed Income, Real Estate, Private Equity, Strategic Investments, Cash Equivalents), weighted per Board-approved target allocations; absolute objective remains a long-term real return of 4.0% per annum over inflation. Effective July 2010, Domestic Equities, Foreign Equities and the small Global Equities sleeve were consolidated into a single Global Equity asset class.",,,"Custom version of the MSCI All Country World Investable Market Index (ACWI IMI), in U.S. dollar terms, net of withholding taxes on non-resident institutional investors, adjusted to exclude holdings prohibited under Florida's Protecting Florida's Investments Act.","Barclays Capital U.S. Aggregate Index (per the FY2010-11 report). By FY2016-17 the CAFR's fixed-income interest-rate-risk disclosures instead reference the Barclays Capital U.S. Intermediate Aggregate Bond Index as the duration benchmark, indicating the benchmark was narrowed to the Intermediate Aggregate at some point within this window (exact date unconfirmed).","90% NCREIF Fund Index - Open-ended Diversified Core Equity (ODCE), net of fees, and 10% FTSE EPRA/NAREIT Developed Index, in U.S. dollar terms, net of withholding taxes on non-resident institutional investors (per the FY2010-11 report).",Russell 3000 Index (U.S. stock) plus a fixed premium of 300 basis points per annum (per the FY2010-11 report); performance measured on an internal-rate-of-return basis.,Strategic Investments asset class (opportunistic/diversifying allocation): benchmarked to an exposure-weighted blend of the benchmarks of its individual underlying investments.,,iMoneyNet First Tier Institutional Money Market Funds Net Index.,,Other,"2011_air.pdf (SBA Annual Investment Report, FY2010-11)",/Kevin/RevolvingDoor/CAFR2024/26_Florida RS/2011_air.pdf,2011,,,Medium,,,,,,,,,,,,,,,,,,,,,,,,,,,,,single-pass-only,pilot-batch-1-sonnet,2026-09-22,"REVIEWED 2026-09-22: same-year-IPS flag confirmed unfixable -- FloridaRS_InvPolStmt_Jan2015_26.pdf.pdf previously confirmed (original research pass) to return blank/whitespace text (scanned image, no OCR text layer). No additional data recoverable with current tools."
26,Florida RS,FL,2018,2017,2018,"Same Target Portfolio methodology as the prior period. The FY2016-17 CAFR confirms the Global Equity target allocation remained 53% (policy range 45%-70%), matching the target later restated in the July 2018 Investment Policy Statement.",,,"Custom version of the MSCI All Country World Investable Market Index (ACWI IMI) (target allocation 53%, policy range 45%-70%, confirmed in the FY2016-17 CAFR); same index family as the prior period.",Barclays Capital U.S. Intermediate Aggregate Bond Index (cited as the FRS Core fixed income portfolios' duration benchmark in the FY2016-17 CAFR's interest-rate-risk note) -- narrower than the full Aggregate Index used as of FY2010-11.,"Not independently confirmed for this period; by the July 2018 IPS the blend was 76.5% NCREIF ODCE (core, net of fees) + 13.5% NCREIF ODCE + 150bps (non-core) + 10% FTSE EPRA/NAREIT Developed Index; carried forward here as the likely value, but not confirmed to already apply in FY2017-18.","Not independently confirmed for this period; by the July 2018 IPS the benchmark was the MSCI ACWI IMI (Protecting Florida's Investments Act-adjusted) plus 300 basis points, superseding the Russell 3000 + 300bp benchmark confirmed for FY2010-11. Carried forward as the likely value.",Strategic Investments: exposure-weighted blend of individual investment benchmarks (unchanged description from prior period; not independently re-confirmed for FY2017-18).,,Not independently confirmed for this period; carried forward from the FY2010-11 report (iMoneyNet First Tier Institutional Money Market Funds Net Index).,,CAFR,FL_FL-FRS_CAFR_2017_26.pdf.pdf,/Kevin/RevolvingDoor/CAFR2024/26_Florida RS/FL_FL-FRS_CAFR_2017_26.pdf.pdf,2017,,,Low,,,,,,,,,,,,,,,,,,,,,,,,,,,,,single-pass-only,pilot-batch-1-sonnet,2026-09-22,"REVIEWED 2026-09-22: same-year-IPS flag is a false positive -- FloridaRS_InvPolStmt_Jun2018_26.pdf.pdf is 'Final for Adoption by IAC on June 11, 2018, effective July 1, 2018', the start of FY2019, not FY2018. Already correctly used for the FY2019-2021 record."
26,Florida RS,FL,2021,2019,2021,"Target Portfolio = weighted-average return of the passive target indices in Table 4 of the IPS, weighted by the target allocations in Table 2 (Global Equity 53%, Fixed Income 18%, Real Estate 10%, Private Equity 6%, Strategic Investments 12%, Cash Equivalents 1%), adjusted for floating private-market allocations against the public-market asset classes. Absolute objective is a long-term real return of 4.0% per annum (compounded, net of investment expenses). Effective July 1, 2018.",,,"A custom version of the MSCI All Country World Investable Market Index (ACWI IMI), in dollar terms, net of withholding taxes on non-resident institutional investors, adjusted to reflect the Protecting Florida's Investments Act (target allocation 53%, policy range 45%-70%).","The Barclays Capital U.S. Intermediate Aggregate Index (target allocation 18%, policy range 10%-26%).","Core portion (76.5% of the asset class) benchmarked to the NCREIF Fund Index - Open-ended Diversified Core Equity (NFI-ODCE), net of fees; non-core portion (13.5%) benchmarked to NFI-ODCE net of fees plus a fixed 150 basis point annual premium; remaining 10% benchmarked to the FTSE EPRA/NAREIT Developed Index. Target allocation 10%, policy range 4%-16%.","The MSCI All Country World Investable Market Index (ACWI IMI), in dollar terms, net of withholding taxes on non-resident institutional investors, adjusted for the Protecting Florida's Investments Act, plus a fixed premium return of 300 basis points per annum; performance also assessed relative to the joint Cambridge Associates Global Private Equity and Venture Capital Index pooled return at peer-group weights. Target allocation 6%, policy range 2%-9%.","Strategic Investments asset class: benchmarked to a weighted-average of individual portfolio-level benchmark returns; also assessed relative to the CPI plus 4.0%. Target allocation 12%, policy range 0%-16%.","Not a standalone asset class in this IPS; real assets/infrastructure/commodities exposure, if any, sits within Strategic Investments.","The Bank of America Merrill Lynch 3-Month US Treasury Index (primary target); also assessed relative to the iMoneyNet FirstTier Institutional Money Market Funds Net Index. Target allocation 1%, policy range 0.25%-5%.","Strategic Investments is explicitly defined in the IPS as able to include direct investments, capital commitment partnerships, hedge funds, or other vehicles involving non-traditional, opportunistic and/or long or short investments in marketable and nonmarketable debt, equity, and/or real assets; leverage may be used subject to controls.",IPS,FloridaRS_InvPolStmt_Jun2018_26.pdf.pdf,/Kevin/RevolvingDoor/CAFR2024/26_Florida RS/FloridaRS_InvPolStmt_Jun2018_26.pdf.pdf,2018,,,High,,,,,,,,,,,,,,,,,,,,,,,,,,,,,single-pass-only,pilot-batch-1-sonnet,2026-09-22,
78,New York State Teachers,NY,2013,2013,2014,"Per the Oct 2012 IPS (~FY2013 targets): Domestic Equity 37% (32-42%)/S&P Composite 1500 Index, International Equity 18% (14-22%)/MSCI ACWI Ex-U.S. Index, Domestic Fixed Income 18% (13-23%)/Barclays U.S. Aggregate Float Adjusted Bond Index, Real Estate 10% (6-14%)/'NFI-ODCE Index, FTSE/EPRA NAREIT Developed ex U.S. Index, Wilshire U.S. REIT Index', Mortgages 8% (5-11%)/Treasury+spread, Alternative Investments 7% (4-12%)/S&P500+5%, Global Bonds 2% (0-3%)/Barclay's Global Aggregate Float Adjusted Bond Index (hedged), Short Term 0% (0-5%)/iMoneyNet.",S&P Composite 1500 Index (unchanged).,MSCI ACWI Ex-U.S. Index -- transition completed; the dual 'EAFE and ACWI ex-US' language is gone.,,Domestic: Barclays U.S. Aggregate Float Adjusted Bond Index. Global Bonds (2% target): Barclay's Global Aggregate Float Adjusted Bond Index (hedged).,"Real Estate representative index broadened to a three-index blend: NFI-ODCE Index, FTSE/EPRA NAREIT Developed ex U.S. Index, and Wilshire U.S. REIT Index.",Alternative Investments: S&P 500 Index (Plus 5%).,,,iMoneyNet Money Fund Average(TM)/All Taxable.,"Mortgages (8% target, 5-11% range) still benchmarked to Treasury Rate + Market Derived Spread at this point.",IPS,NYStateTRS_InvPolStmt_2012_78.pdf.pdf,/Kevin/RevolvingDoor/CAFR2024/78_New York State Teachers/NYStateTRS_InvPolStmt_2012_78.pdf.pdf,2012,,,Medium,,,,,,,,,,,,,,,,,,,,,,,,,,,,,single-pass-only,pilot-batch-1-sonnet,2026-09-22,"REVIEWED 2026-09-22: same-year-IPS flag is a false positive -- NYSTRS Investment Policy Manuals are dated October of year Y but reflect Board decisions made through the preceding July meeting; since NYSTRS FYE is 6/30, a July-Y decision governs FY(Y+1), not FY(Y). Spot-checked the 2011 edition (explicitly: 'At its July 2011 meeting, the Board adopted the ACWI ex-US index...'), confirming this pattern; the original research pass already assigned each edition to the correct (Y+1) fiscal year."
78,New York State Teachers,NY,2019,2019,2019,"Per the Oct 2018 IPS (~FY2019 targets): Domestic Equity 33% (29-37%)/S&P Composite 1500 Index, International Equity 16% (12-20%)/MSCI ACWI Ex-U.S. Index, Global Equity 4% (0-8%, NEW)/MSCI ACWI Index, Domestic Fixed Income 16% (12-20%)/Bloomberg Barclays U.S. Aggregate Float Adjusted Bond Index, Real Estate Equity 11% (6-16%)/5-index blend, Real Estate Debt 7% (3-11%)/Giliberto-Levy + Bloomberg Barclays CMBS blend, Private Equity 8% (3-13%)/S&P500+5%, Private Debt 1% (0-5%)/S&P/LSTA Leveraged Loan Index (Plus 3%), Global Bonds 2% (0-3%), High Yield Bonds 1% (0-3%), Short Term Investments 1% (0-4%)/iMoneyNet.","S&P Composite 1500 Index. Per the CAFR2020 footnote, through this period Domestic Equity's reported asset-class return was still measured against a 'blended benchmark' (composite of underlying manager/style benchmarks) rather than the pure S&P Composite 1500 Index for the class as a whole; that reporting methodology changed effective October 1, 2019 (start of the next period).",MSCI ACWI Ex-U.S. Index.,"MSCI ACWI Index -- new Global Equity asset class introduced in this IPS, at a 4% target (0-8% range), funded by reductions to the Domestic Equity (37%->33%) and International Equity (18%->16%) targets.",Domestic: Bloomberg Barclays U.S. Aggregate Float Adjusted Bond Index. Global Bonds (2%): Bloomberg Barclays Global Aggregate Float Adjusted Bond Index (hedged to USD). High Yield Bonds (1%): The Bank of America Merrill Lynch BB-B US High Yield Constrained Index.,"Real Estate Equity (11% target): NFI-ODCE Index, FTSE/EPRA NAREIT Developed ex U.S. Index, FTSE/EPRA NAREIT Developed Global Index, FTSE NAREIT Preferred Stock Index, Wilshire U.S. REIT Index. Per the CAFR2020 footnote, this blended benchmark remained in place through this period, changing to a single-index benchmark effective January 1, 2020 (partway through the next period). Real Estate Debt (7% target): Giliberto-Levy Index Commercial Mortgage (nonpublic debt), Bloomberg Barclays CMBS Index (public CMBS).",Private Equity (8% target): S&P 500 Index (Plus 5%). Private Debt (1% target): S&P/LSTA Leveraged Loan Index (Plus 3%).,,,iMoneyNet Money Fund Average(TM)/All Taxable.,,IPS,NYStateTRS_InvPolStmt_2018_78.pdf.pdf,/Kevin/RevolvingDoor/CAFR2024/78_New York State Teachers/NYStateTRS_InvPolStmt_2018_78.pdf.pdf,2018,,,High,,,,,,,,,,,,,,,,,,,,,,,,,,,,,single-pass-only,pilot-batch-1-sonnet,2026-09-22,
78,New York State Teachers,NY,2016,2015,2016,"Per the Oct 2014 IPS (~FY2015 targets): Domestic Equity 37% (32-42%)/S&P Composite 1500 Index, International Equity 18% (14-22%)/MSCI ACWI Ex-U.S. Index, Domestic Fixed Income 17% (13-22%)/Barclays U.S. Aggregate Float Adjusted Bond Index, Real Estate 10% (6-14%)/'NFI-ODCE Index, FTSE/EPRA NAREIT Developed ex U.S. Index, Wilshire U.S. REIT Index', Mortgages 8% (5-11%)/'MSCI/IPD Giliberto Levy Index (nonpublic debt), Barclays CMBS Index (public CMBS)', Private Equity 7% (4-12%)/S&P500+5%, Global Bonds 2% (0-3%)/Barclays Global Aggregate Float Adjusted Bond Index (hedged), Short Term Investments 1% (0-4%)/iMoneyNet.",S&P Composite 1500 Index (unchanged).,MSCI ACWI Ex-U.S. Index (unchanged).,,Domestic: Barclays U.S. Aggregate Float Adjusted Bond Index. Global Bonds (2% target): Barclays Global Aggregate Float Adjusted Bond Index (hedged).,"Real Estate: NFI-ODCE Index, FTSE/EPRA NAREIT Developed ex U.S. Index, Wilshire U.S. REIT Index (unchanged 3-index blend). Mortgages (8% target) benchmark changed from 'Treasury Rate + Market Derived Spread' to MSCI/IPD Giliberto Levy Index (nonpublic debt) and Barclays CMBS Index (public CMBS).",'Alternative Investments' asset class formally renamed 'Private Equity' in this IPS; benchmark unchanged: S&P 500 Index (Plus 5%).,,,iMoneyNet Money Fund Average(TM)/All Taxable. Cash target raised to 1% (0-4%) from 0% (0-5%) in the prior period.,,IPS,NYStateTRS_InvPolStmt_2014_78.pdf.pdf,/Kevin/RevolvingDoor/CAFR2024/78_New York State Teachers/NYStateTRS_InvPolStmt_2014_78.pdf.pdf,2014,,,Medium,,,,,,,,,,,,,,,,,,,,,,,,,,,,,single-pass-only,pilot-batch-1-sonnet,2026-09-22,"REVIEWED 2026-09-22: same-year-IPS flag is a false positive -- NYSTRS Investment Policy Manuals are dated October of year Y but reflect Board decisions made through the preceding July meeting; since NYSTRS FYE is 6/30, a July-Y decision governs FY(Y+1), not FY(Y). Spot-checked the 2011 edition (explicitly: 'At its July 2011 meeting, the Board adopted the ACWI ex-US index...'), confirming this pattern; the original research pass already assigned each edition to the correct (Y+1) fiscal year."
78,New York State Teachers,NY,2005,2003,2009,"No explicit named 'Total Fund' benchmark row in the CAFR tables through this window; implied composite = the asset-class benchmarks below weighted at Board target allocation. Per the Oct 2006 IPS (~FY2007 targets): Domestic Equity 51% (41-61%)/S&P Super Composite 1500, International Equity 10% (6-14%)/MSCI EAFE, Domestic Fixed Income 18% (11-25%)/Lehman Bros. Aggregate, Real Estate 8% (5-11%)/NCREIF Properties Index, Mortgages 8% (5-11%)/Treasury+spread, Alternative Investments 5% (2-8%)/S&P500+5%, Short Term 0% (0-5%)/iMoneyNet. Per the Oct 2008 IPS (~FY2009 targets), same representative indices with revised weights: Domestic Equity 42% (35-49%), International Equity 15% (11-19%), Domestic Fixed Income 18% (13-23%), Real Estate 10% (6-14%), Mortgages 8% (5-11%), Alternative Investments 7% (4-12%), Short Term 0% (0-5%).","S&P (Super) Composite 1500 Index is the IPS 'representative index' for Domestic Equity as a whole and the benchmark for the internally managed passive Index/Growth Tilt/Value Tilt funds; active sub-mandates continue to be benchmarked individually to Russell 1000 Value, S&P 500, and Russell 2000. Confirmed switch from the Russell 3000-based index-fund benchmark used through FY2002 to the S&P 1500 by the FY2003 CAFR.",MSCI EAFE Stock Index.,,"Lehman Bros. Aggregate Bond Index (still named 'Lehman Bros.' as of the Oct 2008 IPS, despite Barclays' Nov 2008 acquisition of Lehman's fixed-income index business).","NCREIF (National Council of Real Estate Investment Fiduciaries) Properties Index is the IPS 'representative index'; the CAFR performance tables label the total real-estate return series 'Blended NCREIF/Wilshire' (Wilshire REIT Index / NAREIT Equity Index apply to the public-real-estate-securities sleeve, and the Lehman Investment Grade CMBS Index to the externally managed CMBS program).",Alternative Investments: S&P 500 Stock Index (Plus 5%).,,,iMoneyNet(TM) Money Fund Averages/All Taxable.,"Mortgages (target 8%, range 5-11% per the Oct 2008 IPS) benchmarked to 'U.S. Treasury Rate + Market Derived Spread' -- a pricing convention, not a market index.",IPS,NYStateTRS_InvPolStmt_2008_78.pdf.pdf,/Kevin/RevolvingDoor/CAFR2024/78_New York State Teachers/NYStateTRS_InvPolStmt_2008_78.pdf.pdf,2008,,,High,,,,,,,,,,,,,,,,,,,,,,,,,,,,,single-pass-only,pilot-batch-1-sonnet,2026-09-22,
78,New York State Teachers,NY,2002,2001,2002,"No explicit named 'Total Fund' benchmark row appears in the CAFR performance tables for FY2001-2002; the System's approach is an implied blend of the asset-class benchmarks below, weighted at the Board's target allocation. Targets as of 6/30/2001: Domestic Equity 55% (45-65%), International Equity 9% (4-15%), Emerging Markets Equity 1% (0-2%), Real Estate 6% (3-9%), Alternative Investments 3% (1-5%), Domestic Fixed Income 20% (15-30%), Mortgages 6% (3-10%), Cash Equivalents 0% (0-2%). Revised at the July 26, 2001 Board mtg. (effect for FY2002): Domestic Equity 55%, International Equity 10% (Emerging Markets Equity folded in), Real Estate 6%, Alternatives 3%, Domestic Fixed Income 20%, Mortgages 6%, Cash 0%.","Reported as one 'Domestic Equity' total blending several manager-level benchmarks: Russell 3000 (NYSTRS Index Fund / Value Tilt), Russell 1000 Value (NYSTRS Value Index Fund), S&P 500 (Total Active Large Cap Management), Russell 2000 (Total Active Small Cap Management).","MSCI EAFE (Europe, Australasia, Far East) Stock Index. Emerging Market Equities benchmarked separately to the MSCI Emerging Markets Free Index in FY2001 (folded into the International Equity target/benchmark by FY2002).",,Lehman Bros. Aggregate Bond Index (Domestic Fixed Income). The Mortgages sleeve is not paired with a named market index in these CAFR tables.,CAFR performance tables label this bucket 'Blended NCREIF/Wilshire [REIT]' -- the National Council of Real Estate Investment Fiduciaries (NCREIF) Properties Index blended with the Wilshire REIT Index for the public-real-estate-securities sleeve.,Alternative Investments: S&P 500 Stock Index (Plus 5%).,,,iMoneyNet(TM) Money Fund Averages/All Taxable (Short Term Investments).,Mortgages tracked as its own target-allocation bucket but not paired with a named market benchmark in the FY2001-2002 CAFR performance tables.,CAFR,NY_NY-NYSTRS_CAFR_2002_78.pdf.pdf,/Kevin/RevolvingDoor/CAFR2024/78_New York State Teachers/NY_NY-NYSTRS_CAFR_2002_78.pdf.pdf,2002,,,High,,,,,,,,,,,,,,,,,,,,,,,,,,,,,single-pass-only,pilot-batch-1-sonnet,2026-09-22,
78,New York State Teachers,NY,2008,2003,2009,"No explicit named 'Total Fund' benchmark row in the CAFR tables through this window; implied composite = the asset-class benchmarks below weighted at Board target allocation. Per the Oct 2006 IPS (~FY2007 targets): Domestic Equity 51% (41-61%)/S&P Super Composite 1500, International Equity 10% (6-14%)/MSCI EAFE, Domestic Fixed Income 18% (11-25%)/Lehman Bros. Aggregate, Real Estate 8% (5-11%)/NCREIF Properties Index, Mortgages 8% (5-11%)/Treasury+spread, Alternative Investments 5% (2-8%)/S&P500+5%, Short Term 0% (0-5%)/iMoneyNet. Per the Oct 2008 IPS (~FY2009 targets), same representative indices with revised weights: Domestic Equity 42% (35-49%), International Equity 15% (11-19%), Domestic Fixed Income 18% (13-23%), Real Estate 10% (6-14%), Mortgages 8% (5-11%), Alternative Investments 7% (4-12%), Short Term 0% (0-5%).","S&P (Super) Composite 1500 Index is the IPS 'representative index' for Domestic Equity as a whole and the benchmark for the internally managed passive Index/Growth Tilt/Value Tilt funds; active sub-mandates continue to be benchmarked individually to Russell 1000 Value, S&P 500, and Russell 2000. Confirmed switch from the Russell 3000-based index-fund benchmark used through FY2002 to the S&P 1500 by the FY2003 CAFR.",MSCI EAFE Stock Index.,,"Lehman Bros. Aggregate Bond Index (still named 'Lehman Bros.' as of the Oct 2008 IPS, despite Barclays' Nov 2008 acquisition of Lehman's fixed-income index business).","NCREIF (National Council of Real Estate Investment Fiduciaries) Properties Index is the IPS 'representative index'; the CAFR performance tables label the total real-estate return series 'Blended NCREIF/Wilshire' (Wilshire REIT Index / NAREIT Equity Index apply to the public-real-estate-securities sleeve, and the Lehman Investment Grade CMBS Index to the externally managed CMBS program).",Alternative Investments: S&P 500 Stock Index (Plus 5%).,,,iMoneyNet(TM) Money Fund Averages/All Taxable.,"Mortgages (target 8%, range 5-11% per the Oct 2008 IPS) benchmarked to 'U.S. Treasury Rate + Market Derived Spread' -- a pricing convention, not a market index.",IPS,NYStateTRS_InvPolStmt_2008_78.pdf.pdf,/Kevin/RevolvingDoor/CAFR2024/78_New York State Teachers/NYStateTRS_InvPolStmt_2008_78.pdf.pdf,2008,,,High,,,,,,,,,,,,,,,,,,,,,,,,,,,,,single-pass-only,pilot-batch-1-sonnet,2026-09-22,
78,New York State Teachers,NY,2011,2010,2011,"Implied composite (no named 'Total Fund' index found for these years) per the Oct 2010 IPS (~FY2011 targets): Domestic Equity 42% (35-49%)/S&P Super Composite 1500, International Equity 15% (11-19%)/'MSCI EAFE Stock Index and ACWI EX-US Stock Index', Domestic Fixed Income 18% (13-23%)/Barclays Capital U.S. Float Adjusted Aggregate Bond Index, Real Estate 10% (6-14%)/NCREIF Open-End Diversified Core Equity (ODCE) Fund Index, Mortgages 8% (5-11%)/Treasury+spread, Alternative Investments 7% (4-12%)/S&P500+5%, Short Term 0% (0-5%)/iMoneyNet.",S&P Super Composite 1500 (unchanged).,"Transitional/dual: the IPS lists 'MSCI EAFE Stock Index and ACWI EX-US Stock Index' jointly as the representative index for International Equity, indicating a benchmark change in progress toward pure ACWI ex-US (completed by the Oct 2012 IPS).",,"Barclays Capital U.S. Float Adjusted Aggregate Bond Index -- renamed/updated from 'Lehman Bros. Aggregate'. The CMBS sub-index changed from the Lehman Investment-Grade CMBS Index to the Barclays Capital U.S. Investment-Grade CMBS Index in December 2008, per the IPS footnote.","National Council of Real Estate Investment Fiduciaries Open-End Diversified Core Equity (NCREIF ODCE) Fund Index -- new representative index for Real Estate, replacing the plain NCREIF Properties Index used through the Oct 2008 IPS.",Alternative Investments: S&P 500 Stock Index (Plus 5%).,,,iMoneyNet(TM) Money Fund Averages/All Taxable.,No Global Bonds asset class yet (added starting the following Oct 2011 IPS).,IPS,NYStateTRS_InvPolStmt_2010_78.pdf.pdf,/Kevin/RevolvingDoor/CAFR2024/78_New York State Teachers/NYStateTRS_InvPolStmt_2010_78.pdf.pdf,2010,,,Medium,,,,,,,,,,,,,,,,,,,,,,,,,,,,,single-pass-only,pilot-batch-1-sonnet,2026-09-22,"REVIEWED 2026-09-22: same-year-IPS flag is a false positive -- NYSTRS Investment Policy Manuals are dated October of year Y but reflect Board decisions made through the preceding July meeting; since NYSTRS FYE is 6/30, a July-Y decision governs FY(Y+1), not FY(Y). Spot-checked the 2011 edition (explicitly: 'At its July 2011 meeting, the Board adopted the ACWI ex-US index...'), confirming this pattern; the original research pass already assigned each edition to the correct (Y+1) fiscal year."
78,New York State Teachers,NY,2017,2017,2017,"Per the Oct 2016 IPS (~FY2017 targets): Domestic Equity 35% (31-39%)/S&P Composite 1500 Index, International Equity 18% (14-22%)/MSCI ACWI Ex-U.S. Index, Domestic Fixed Income 16% (12-20%)/Bloomberg Barclays U.S. Aggregate Float Adjusted Bond Index, Real Estate 11% (6-16%)/'NFI-ODCE Index, FTSE/EPRA NAREIT Developed ex U.S. Index, Wilshire U.S. REIT Index', Real Estate Debt 8% (4-12%, NEW, split out of Mortgages)/'Giliberto Levy Index Commercial Mortgage (nonpublic debt), Bloomberg Barclays CMBS Index (public CMBS)', Private Equity 8% (3-13%)/S&P500+5%, Global Bonds 2% (0-3%)/Bloomberg Barclays Global Aggregate Float Adjusted Bond Index (hedged), High Yield Bonds 1% (0-3%, NEW)/Bank of America Merrill Lynch BB-B US High Yield Constrained Index, Short Term Investments 1% (0-4%)/iMoneyNet.",S&P Composite 1500 Index (unchanged).,MSCI ACWI Ex-U.S. Index (unchanged).,,Domestic: Bloomberg Barclays U.S. Aggregate Float Adjusted Bond Index (renamed from 'Barclays'). Global Bonds (2%): Bloomberg Barclays Global Aggregate Float Adjusted Bond Index (hedged). New High Yield Bonds sleeve (1% target): The Bank of America Merrill Lynch BB-B US High Yield Constrained Index.,"Real Estate (11% target): NFI-ODCE Index, FTSE/EPRA NAREIT Developed ex U.S. Index, Wilshire U.S. REIT Index. Real Estate Debt (8% target, newly split out of the old 'Mortgages' line): Giliberto Levy Index Commercial Mortgage (nonpublic debt) and Bloomberg Barclays CMBS Index (public CMBS).",Private Equity: S&P 500 Index (Plus 5%).,,,iMoneyNet Money Fund Average(TM)/All Taxable.,,IPS,NYStateTRS_InvPolStmt_2016_78.pdf.pdf,/Kevin/RevolvingDoor/CAFR2024/78_New York State Teachers/NYStateTRS_InvPolStmt_2016_78.pdf.pdf,2016,,,Medium,,,,,,,,,,,,,,,,,,,,,,,,,,,,,single-pass-only,pilot-batch-1-sonnet,2026-09-22,"REVIEWED 2026-09-22: same-year-IPS flag is a false positive -- NYSTRS Investment Policy Manuals are dated October of year Y but reflect Board decisions made through the preceding July meeting; since NYSTRS FYE is 6/30, a July-Y decision governs FY(Y+1), not FY(Y). Spot-checked the 2011 edition (explicitly: 'At its July 2011 meeting, the Board adopted the ACWI ex-US index...'), confirming this pattern; the original research pass already assigned each edition to the correct (Y+1) fiscal year."
78,New York State Teachers,NY,2014,2013,2014,"Per the Oct 2012 IPS (~FY2013 targets): Domestic Equity 37% (32-42%)/S&P Composite 1500 Index, International Equity 18% (14-22%)/MSCI ACWI Ex-U.S. Index, Domestic Fixed Income 18% (13-23%)/Barclays U.S. Aggregate Float Adjusted Bond Index, Real Estate 10% (6-14%)/'NFI-ODCE Index, FTSE/EPRA NAREIT Developed ex U.S. Index, Wilshire U.S. REIT Index', Mortgages 8% (5-11%)/Treasury+spread, Alternative Investments 7% (4-12%)/S&P500+5%, Global Bonds 2% (0-3%)/Barclay's Global Aggregate Float Adjusted Bond Index (hedged), Short Term 0% (0-5%)/iMoneyNet.",S&P Composite 1500 Index (unchanged).,MSCI ACWI Ex-U.S. Index -- transition completed; the dual 'EAFE and ACWI ex-US' language is gone.,,Domestic: Barclays U.S. Aggregate Float Adjusted Bond Index. Global Bonds (2% target): Barclay's Global Aggregate Float Adjusted Bond Index (hedged).,"Real Estate representative index broadened to a three-index blend: NFI-ODCE Index, FTSE/EPRA NAREIT Developed ex U.S. Index, and Wilshire U.S. REIT Index.",Alternative Investments: S&P 500 Index (Plus 5%).,,,iMoneyNet Money Fund Average(TM)/All Taxable.,"Mortgages (8% target, 5-11% range) still benchmarked to Treasury Rate + Market Derived Spread at this point.",IPS,NYStateTRS_InvPolStmt_2012_78.pdf.pdf,/Kevin/RevolvingDoor/CAFR2024/78_New York State Teachers/NYStateTRS_InvPolStmt_2012_78.pdf.pdf,2012,,,Medium,,,,,,,,,,,,,,,,,,,,,,,,,,,,,single-pass-only,pilot-batch-1-sonnet,2026-09-22,"REVIEWED 2026-09-22: same-year-IPS flag is a false positive -- NYSTRS Investment Policy Manuals are dated October of year Y but reflect Board decisions made through the preceding July meeting; since NYSTRS FYE is 6/30, a July-Y decision governs FY(Y+1), not FY(Y). Spot-checked the 2011 edition (explicitly: 'At its July 2011 meeting, the Board adopted the ACWI ex-US index...'), confirming this pattern; the original research pass already assigned each edition to the correct (Y+1) fiscal year."
78,New York State Teachers,NY,2020,2020,2021,"Total Fund is measured against a composite the CAFR literally labels the 'Blended Benchmark' -- the weighted combination of the asset-class policy benchmarks below at Board target allocation (targets unchanged from the prior period): Domestic Equity 33% (29-37%), International Equity 16% (12-20%), Global Equity 4% (0-8%), Domestic Fixed Income 16% (12-20%), Real Estate Equity 11% (6-16%), Real Estate Debt 7% (3-11%), Private Equity 8% (3-13%), Private Debt 1% (0-5%), Global Bonds 2% (0-3%), High Yield Bonds 1% (0-3%), Short Term Investments 1% (0-4%). Per the FY2020 CAFR, FY2020 1/3/5/10/30-yr Blended Benchmark returns were 5.3%/7.5%/7.5%/9.8%/8.4% vs. Total Fund actual 3.5%/6.5%/6.8%/9.6%/8.6%.","S&P Composite 1500 Index -- as of October 1, 2019 this became the sole representative benchmark for the whole Domestic Equity asset class. FY2020 CAFR: benchmark returned 6.1%/9.9%/10.1%/13.7%/9.8% (1/3/5/10/30-yr) vs. actual 6.0%/9.7%/9.9%/13.7%/9.8%. FY2021 CAFR narrative: 'The System's policy benchmark for domestic equities, the S&P 1500, rose 42.1%' (portfolio returned 42.3%).","MSCI ACWI Ex-U.S. Index. FY2021 CAFR: 'the System's policy benchmark, the MSCI All Country World Ex-U.S. Index, rising 35.7%' (portfolio returned 36.9%).",MSCI ACWI Index. FY2021 CAFR: global equities 'outperforming the MSCI All Country World Index by 5.2%'.,Domestic: Bloomberg Barclays U.S. Aggregate Float Adjusted Bond Index. Global Bonds (2% target): updated to the Bloomberg Barclays Global Aggregate Float Adjusted Ex-CNY Bond Index (in USD hedged to USD) per the Oct 2020 IPS -- Chinese government bonds excluded (already shown in the FY2020 CAFR). High Yield Bonds (1% target): The Intercontinental Exchange (ICE)/Bank of America Merrill Lynch (BofAML) BB-B US High Yield Constrained Index.,"Real Estate Equity (11% target): NCREIF-ODCE Index -- simplified from the prior 5-index blend, effective January 1, 2020. Real Estate Debt (7% target): Giliberto-Levy Custom Index -- simplified from the prior blend, effective January 1, 2020. FY2020 CAFR: Real Estate Debt benchmark returned 5.7%/5.3%/4.8%/5.0%/7.8% (1/3/5/10/30-yr) vs actual 4.1%/4.7%/4.7%/5.4%/7.3%; FY2021 CAFR: Real Estate Equity portfolio 'returned 19.3% for the fiscal year, compared to the policy benchmark of 7.1%', with an 11.0% target (6.0-16.0% range).",Private Equity (8% target): S&P 500 Index (Plus 5%). Private Debt (1% target): S&P/LSTA Leveraged Loan Index (Plus 3%); FY2021 CAFR notes the 3-year private debt program return of 9.7% 'versus the stated benchmark of 7.4%'.,,,iMoneyNet Money Fund Average(TM)/All Taxable. FY2021 CAFR: 1-yr/5-yr benchmark return 0.0%/0.9% vs. actual 0.1%/1.3%.,,CAFR,NY_NY-NYSTRS_CAFR_2020_78.pdf.pdf,/Kevin/RevolvingDoor/CAFR2024/78_New York State Teachers/NY_NY-NYSTRS_CAFR_2020_78.pdf.pdf,2020,,,High,,,,,,,,,,,,,,,,,,,,,,,,,,,,,single-pass-only,pilot-batch-1-sonnet,2026-09-22,
78,New York State Teachers,NY,2003,2003,2009,"No explicit named 'Total Fund' benchmark row in the CAFR tables through this window; implied composite = the asset-class benchmarks below weighted at Board target allocation. Per the Oct 2006 IPS (~FY2007 targets): Domestic Equity 51% (41-61%)/S&P Super Composite 1500, International Equity 10% (6-14%)/MSCI EAFE, Domestic Fixed Income 18% (11-25%)/Lehman Bros. Aggregate, Real Estate 8% (5-11%)/NCREIF Properties Index, Mortgages 8% (5-11%)/Treasury+spread, Alternative Investments 5% (2-8%)/S&P500+5%, Short Term 0% (0-5%)/iMoneyNet. Per the Oct 2008 IPS (~FY2009 targets), same representative indices with revised weights: Domestic Equity 42% (35-49%), International Equity 15% (11-19%), Domestic Fixed Income 18% (13-23%), Real Estate 10% (6-14%), Mortgages 8% (5-11%), Alternative Investments 7% (4-12%), Short Term 0% (0-5%).","S&P (Super) Composite 1500 Index is the IPS 'representative index' for Domestic Equity as a whole and the benchmark for the internally managed passive Index/Growth Tilt/Value Tilt funds; active sub-mandates continue to be benchmarked individually to Russell 1000 Value, S&P 500, and Russell 2000. Confirmed switch from the Russell 3000-based index-fund benchmark used through FY2002 to the S&P 1500 by the FY2003 CAFR.",MSCI EAFE Stock Index.,,"Lehman Bros. Aggregate Bond Index (still named 'Lehman Bros.' as of the Oct 2008 IPS, despite Barclays' Nov 2008 acquisition of Lehman's fixed-income index business).","NCREIF (National Council of Real Estate Investment Fiduciaries) Properties Index is the IPS 'representative index'; the CAFR performance tables label the total real-estate return series 'Blended NCREIF/Wilshire' (Wilshire REIT Index / NAREIT Equity Index apply to the public-real-estate-securities sleeve, and the Lehman Investment Grade CMBS Index to the externally managed CMBS program).",Alternative Investments: S&P 500 Stock Index (Plus 5%).,,,iMoneyNet(TM) Money Fund Averages/All Taxable.,"Mortgages (target 8%, range 5-11% per the Oct 2008 IPS) benchmarked to 'U.S. Treasury Rate + Market Derived Spread' -- a pricing convention, not a market index.",IPS,NYStateTRS_InvPolStmt_2008_78.pdf.pdf,/Kevin/RevolvingDoor/CAFR2024/78_New York State Teachers/NYStateTRS_InvPolStmt_2008_78.pdf.pdf,2008,,,High,,,,,,,,,,,,,,,,,,,,,,,,,,,,,single-pass-only,pilot-batch-1-sonnet,2026-09-22,
78,New York State Teachers,NY,2006,2003,2009,"No explicit named 'Total Fund' benchmark row in the CAFR tables through this window; implied composite = the asset-class benchmarks below weighted at Board target allocation. Per the Oct 2006 IPS (~FY2007 targets): Domestic Equity 51% (41-61%)/S&P Super Composite 1500, International Equity 10% (6-14%)/MSCI EAFE, Domestic Fixed Income 18% (11-25%)/Lehman Bros. Aggregate, Real Estate 8% (5-11%)/NCREIF Properties Index, Mortgages 8% (5-11%)/Treasury+spread, Alternative Investments 5% (2-8%)/S&P500+5%, Short Term 0% (0-5%)/iMoneyNet. Per the Oct 2008 IPS (~FY2009 targets), same representative indices with revised weights: Domestic Equity 42% (35-49%), International Equity 15% (11-19%), Domestic Fixed Income 18% (13-23%), Real Estate 10% (6-14%), Mortgages 8% (5-11%), Alternative Investments 7% (4-12%), Short Term 0% (0-5%).","S&P (Super) Composite 1500 Index is the IPS 'representative index' for Domestic Equity as a whole and the benchmark for the internally managed passive Index/Growth Tilt/Value Tilt funds; active sub-mandates continue to be benchmarked individually to Russell 1000 Value, S&P 500, and Russell 2000. Confirmed switch from the Russell 3000-based index-fund benchmark used through FY2002 to the S&P 1500 by the FY2003 CAFR.",MSCI EAFE Stock Index.,,"Lehman Bros. Aggregate Bond Index (still named 'Lehman Bros.' as of the Oct 2008 IPS, despite Barclays' Nov 2008 acquisition of Lehman's fixed-income index business).","NCREIF (National Council of Real Estate Investment Fiduciaries) Properties Index is the IPS 'representative index'; the CAFR performance tables label the total real-estate return series 'Blended NCREIF/Wilshire' (Wilshire REIT Index / NAREIT Equity Index apply to the public-real-estate-securities sleeve, and the Lehman Investment Grade CMBS Index to the externally managed CMBS program).",Alternative Investments: S&P 500 Stock Index (Plus 5%).,,,iMoneyNet(TM) Money Fund Averages/All Taxable.,"Mortgages (target 8%, range 5-11% per the Oct 2008 IPS) benchmarked to 'U.S. Treasury Rate + Market Derived Spread' -- a pricing convention, not a market index.",IPS,NYStateTRS_InvPolStmt_2008_78.pdf.pdf,/Kevin/RevolvingDoor/CAFR2024/78_New York State Teachers/NYStateTRS_InvPolStmt_2008_78.pdf.pdf,2008,,,High,,,,,,,,,,,,,,,,,,,,,,,,,,,,,single-pass-only,pilot-batch-1-sonnet,2026-09-22,
78,New York State Teachers,NY,2012,2012,2012,"Per the Oct 2011 IPS (~FY2012 targets): Domestic Equity 37% (32-42%)/S&P Super Composite 1500, International Equity 18% (14-22%)/'MSCI EAFE Stock Index and ACWI EX-US Stock Index' (still dual), Domestic Fixed Income 18% (13-23%)/Barclays Capital U.S. Float Adjusted Aggregate Bond Index, Real Estate 10% (6-14%)/NCREIF ODCE Fund Index, Mortgages 8% (5-11%)/Treasury+spread, Alternative Investments 7% (4-12%)/S&P500+5%, Global Bonds 2% (0-3%, NEW)/Barclay's Global Aggregate Float Adjusted Bond Index (hedged), Short Term 0% (0-5%)/iMoneyNet.",S&P Super Composite 1500 (unchanged).,Still transitional/dual: 'MSCI EAFE Stock Index and ACWI EX-US Stock Index' jointly.,,"Domestic: Barclays Capital U.S. Float Adjusted Aggregate Bond Index. New Global Bonds sleeve (2% target) added, benchmarked to the Barclay's Global Aggregate Float Adjusted Bond Index (hedged).",NCREIF Open-End Diversified Core Equity (ODCE) Fund Index.,Alternative Investments: S&P 500 Stock Index (Plus 5%).,,,iMoneyNet(TM) Money Fund Averages/All Taxable.,"Domestic Equity and International Equity targets shifted materially this year (37%/18%, from 42%/15% the prior period) to fund the increased Real Estate/Alternatives/new Global Bonds targets.",IPS,NYStateTRS_InvPolStmt_2011_78.pdf.pdf,/Kevin/RevolvingDoor/CAFR2024/78_New York State Teachers/NYStateTRS_InvPolStmt_2011_78.pdf.pdf,2011,,,Medium,,,,,,,,,,,,,,,,,,,,,,,,,,,,,single-pass-only,pilot-batch-1-sonnet,2026-09-22,"REVIEWED 2026-09-22: same-year-IPS flag is a false positive -- NYSTRS Investment Policy Manuals are dated October of year Y but reflect Board decisions made through the preceding July meeting; since NYSTRS FYE is 6/30, a July-Y decision governs FY(Y+1), not FY(Y). Spot-checked the 2011 edition (explicitly: 'At its July 2011 meeting, the Board adopted the ACWI ex-US index...'), confirming this pattern; the original research pass already assigned each edition to the correct (Y+1) fiscal year."
78,New York State Teachers,NY,2009,2003,2009,"No explicit named 'Total Fund' benchmark row in the CAFR tables through this window; implied composite = the asset-class benchmarks below weighted at Board target allocation. Per the Oct 2006 IPS (~FY2007 targets): Domestic Equity 51% (41-61%)/S&P Super Composite 1500, International Equity 10% (6-14%)/MSCI EAFE, Domestic Fixed Income 18% (11-25%)/Lehman Bros. Aggregate, Real Estate 8% (5-11%)/NCREIF Properties Index, Mortgages 8% (5-11%)/Treasury+spread, Alternative Investments 5% (2-8%)/S&P500+5%, Short Term 0% (0-5%)/iMoneyNet. Per the Oct 2008 IPS (~FY2009 targets), same representative indices with revised weights: Domestic Equity 42% (35-49%), International Equity 15% (11-19%), Domestic Fixed Income 18% (13-23%), Real Estate 10% (6-14%), Mortgages 8% (5-11%), Alternative Investments 7% (4-12%), Short Term 0% (0-5%).","S&P (Super) Composite 1500 Index is the IPS 'representative index' for Domestic Equity as a whole and the benchmark for the internally managed passive Index/Growth Tilt/Value Tilt funds; active sub-mandates continue to be benchmarked individually to Russell 1000 Value, S&P 500, and Russell 2000. Confirmed switch from the Russell 3000-based index-fund benchmark used through FY2002 to the S&P 1500 by the FY2003 CAFR.",MSCI EAFE Stock Index.,,"Lehman Bros. Aggregate Bond Index (still named 'Lehman Bros.' as of the Oct 2008 IPS, despite Barclays' Nov 2008 acquisition of Lehman's fixed-income index business).","NCREIF (National Council of Real Estate Investment Fiduciaries) Properties Index is the IPS 'representative index'; the CAFR performance tables label the total real-estate return series 'Blended NCREIF/Wilshire' (Wilshire REIT Index / NAREIT Equity Index apply to the public-real-estate-securities sleeve, and the Lehman Investment Grade CMBS Index to the externally managed CMBS program).",Alternative Investments: S&P 500 Stock Index (Plus 5%).,,,iMoneyNet(TM) Money Fund Averages/All Taxable.,"Mortgages (target 8%, range 5-11% per the Oct 2008 IPS) benchmarked to 'U.S. Treasury Rate + Market Derived Spread' -- a pricing convention, not a market index.",IPS,NYStateTRS_InvPolStmt_2008_78.pdf.pdf,/Kevin/RevolvingDoor/CAFR2024/78_New York State Teachers/NYStateTRS_InvPolStmt_2008_78.pdf.pdf,2008,,,High,,,,,,,,,,,,,,,,,,,,,,,,,,,,,single-pass-only,pilot-batch-1-sonnet,2026-09-22,
78,New York State Teachers,NY,2015,2015,2016,"Per the Oct 2014 IPS (~FY2015 targets): Domestic Equity 37% (32-42%)/S&P Composite 1500 Index, International Equity 18% (14-22%)/MSCI ACWI Ex-U.S. Index, Domestic Fixed Income 17% (13-22%)/Barclays U.S. Aggregate Float Adjusted Bond Index, Real Estate 10% (6-14%)/'NFI-ODCE Index, FTSE/EPRA NAREIT Developed ex U.S. Index, Wilshire U.S. REIT Index', Mortgages 8% (5-11%)/'MSCI/IPD Giliberto Levy Index (nonpublic debt), Barclays CMBS Index (public CMBS)', Private Equity 7% (4-12%)/S&P500+5%, Global Bonds 2% (0-3%)/Barclays Global Aggregate Float Adjusted Bond Index (hedged), Short Term Investments 1% (0-4%)/iMoneyNet.",S&P Composite 1500 Index (unchanged).,MSCI ACWI Ex-U.S. Index (unchanged).,,Domestic: Barclays U.S. Aggregate Float Adjusted Bond Index. Global Bonds (2% target): Barclays Global Aggregate Float Adjusted Bond Index (hedged).,"Real Estate: NFI-ODCE Index, FTSE/EPRA NAREIT Developed ex U.S. Index, Wilshire U.S. REIT Index (unchanged 3-index blend). Mortgages (8% target) benchmark changed from 'Treasury Rate + Market Derived Spread' to MSCI/IPD Giliberto Levy Index (nonpublic debt) and Barclays CMBS Index (public CMBS).",'Alternative Investments' asset class formally renamed 'Private Equity' in this IPS; benchmark unchanged: S&P 500 Index (Plus 5%).,,,iMoneyNet Money Fund Average(TM)/All Taxable. Cash target raised to 1% (0-4%) from 0% (0-5%) in the prior period.,,IPS,NYStateTRS_InvPolStmt_2014_78.pdf.pdf,/Kevin/RevolvingDoor/CAFR2024/78_New York State Teachers/NYStateTRS_InvPolStmt_2014_78.pdf.pdf,2014,,,Medium,,,,,,,,,,,,,,,,,,,,,,,,,,,,,single-pass-only,pilot-batch-1-sonnet,2026-09-22,"REVIEWED 2026-09-22: same-year-IPS flag is a false positive -- NYSTRS Investment Policy Manuals are dated October of year Y but reflect Board decisions made through the preceding July meeting; since NYSTRS FYE is 6/30, a July-Y decision governs FY(Y+1), not FY(Y). Spot-checked the 2011 edition (explicitly: 'At its July 2011 meeting, the Board adopted the ACWI ex-US index...'), confirming this pattern; the original research pass already assigned each edition to the correct (Y+1) fiscal year."
78,New York State Teachers,NY,2018,2018,2018,"Per the Oct 2017 IPS (~FY2018 targets): Domestic Equity 35% (31-39%)/S&P Composite 1500 Index, International Equity 18% (14-22%)/MSCI ACWI Ex-U.S. Index, Domestic Fixed Income 16% (12-20%)/Bloomberg Barclays U.S. Aggregate Float Adjusted Bond Index, Real Estate Equity 11% (6-16%, renamed from 'Real Estate')/expanded blend, Real Estate Debt 7% (3-11%)/Giliberto-Levy + Bloomberg Barclays CMBS blend, Private Equity 8% (3-13%)/S&P500+5%, Private Debt 1% (0-5%, NEW)/S&P/LSTA Leveraged Loan Index (Plus 3%), Global Bonds 2% (0-3%), High Yield Bonds 1% (0-3%), Short Term Investments 1% (0-4%)/iMoneyNet.",S&P Composite 1500 Index (unchanged).,MSCI ACWI Ex-U.S. Index (unchanged).,,Domestic: Bloomberg Barclays U.S. Aggregate Float Adjusted Bond Index. Global Bonds (2%): Bloomberg Barclays Global Aggregate Float Adjusted Bond Index (hedged to USD). High Yield Bonds (1%): The Bank of America Merrill Lynch BB-B US High Yield Constrained Index.,"Real Estate Equity (11% target, renamed from 'Real Estate'): NFI-ODCE Index (private assets), FTSE/EPRA NAREIT Developed ex U.S. Index, FTSE/EPRA NAREIT Developed Global Index, FTSE NAREIT Preferred Stock Index, Wilshire U.S. Real Estate Investment Trust Index -- broadened from the 3-index blend of the prior period. Real Estate Debt (7% target): Giliberto-Levy Index Commercial Mortgage (nonpublic debt), Bloomberg Barclays CMBS Index (public CMBS).",Private Equity (8% target): S&P 500 Index (Plus 5%). New Private Debt sleeve (1% target): S&P/LSTA Leveraged Loan Index (Plus 3%).,,,iMoneyNet Money Fund Average(TM)/All Taxable.,,IPS,NYStateTRS_InvPolStmt_2017_78.pdf.pdf,/Kevin/RevolvingDoor/CAFR2024/78_New York State Teachers/NYStateTRS_InvPolStmt_2017_78.pdf.pdf,2017,,,Medium,,,,,,,,,,,,,,,,,,,,,,,,,,,,,single-pass-only,pilot-batch-1-sonnet,2026-09-22,"REVIEWED 2026-09-22: same-year-IPS flag is a false positive -- NYSTRS Investment Policy Manuals are dated October of year Y but reflect Board decisions made through the preceding July meeting; since NYSTRS FYE is 6/30, a July-Y decision governs FY(Y+1), not FY(Y). Spot-checked the 2011 edition (explicitly: 'At its July 2011 meeting, the Board adopted the ACWI ex-US index...'), confirming this pattern; the original research pass already assigned each edition to the correct (Y+1) fiscal year."
78,New York State Teachers,NY,2021,2020,2021,"Total Fund is measured against a composite the CAFR literally labels the 'Blended Benchmark' -- the weighted combination of the asset-class policy benchmarks below at Board target allocation (targets unchanged from the prior period): Domestic Equity 33% (29-37%), International Equity 16% (12-20%), Global Equity 4% (0-8%), Domestic Fixed Income 16% (12-20%), Real Estate Equity 11% (6-16%), Real Estate Debt 7% (3-11%), Private Equity 8% (3-13%), Private Debt 1% (0-5%), Global Bonds 2% (0-3%), High Yield Bonds 1% (0-3%), Short Term Investments 1% (0-4%). Per the FY2020 CAFR, FY2020 1/3/5/10/30-yr Blended Benchmark returns were 5.3%/7.5%/7.5%/9.8%/8.4% vs. Total Fund actual 3.5%/6.5%/6.8%/9.6%/8.6%.","S&P Composite 1500 Index -- as of October 1, 2019 this became the sole representative benchmark for the whole Domestic Equity asset class. FY2020 CAFR: benchmark returned 6.1%/9.9%/10.1%/13.7%/9.8% (1/3/5/10/30-yr) vs. actual 6.0%/9.7%/9.9%/13.7%/9.8%. FY2021 CAFR narrative: 'The System's policy benchmark for domestic equities, the S&P 1500, rose 42.1%' (portfolio returned 42.3%).","MSCI ACWI Ex-U.S. Index. FY2021 CAFR: 'the System's policy benchmark, the MSCI All Country World Ex-U.S. Index, rising 35.7%' (portfolio returned 36.9%).",MSCI ACWI Index. FY2021 CAFR: global equities 'outperforming the MSCI All Country World Index by 5.2%'.,Domestic: Bloomberg Barclays U.S. Aggregate Float Adjusted Bond Index. Global Bonds (2% target): updated to the Bloomberg Barclays Global Aggregate Float Adjusted Ex-CNY Bond Index (in USD hedged to USD) per the Oct 2020 IPS -- Chinese government bonds excluded (already shown in the FY2020 CAFR). High Yield Bonds (1% target): The Intercontinental Exchange (ICE)/Bank of America Merrill Lynch (BofAML) BB-B US High Yield Constrained Index.,"Real Estate Equity (11% target): NCREIF-ODCE Index -- simplified from the prior 5-index blend, effective January 1, 2020. Real Estate Debt (7% target): Giliberto-Levy Custom Index -- simplified from the prior blend, effective January 1, 2020. FY2020 CAFR: Real Estate Debt benchmark returned 5.7%/5.3%/4.8%/5.0%/7.8% (1/3/5/10/30-yr) vs actual 4.1%/4.7%/4.7%/5.4%/7.3%; FY2021 CAFR: Real Estate Equity portfolio 'returned 19.3% for the fiscal year, compared to the policy benchmark of 7.1%', with an 11.0% target (6.0-16.0% range).",Private Equity (8% target): S&P 500 Index (Plus 5%). Private Debt (1% target): S&P/LSTA Leveraged Loan Index (Plus 3%); FY2021 CAFR notes the 3-year private debt program return of 9.7% 'versus the stated benchmark of 7.4%'.,,,iMoneyNet Money Fund Average(TM)/All Taxable. FY2021 CAFR: 1-yr/5-yr benchmark return 0.0%/0.9% vs. actual 0.1%/1.3%.,,CAFR,NY_NY-NYSTRS_CAFR_2020_78.pdf.pdf,/Kevin/RevolvingDoor/CAFR2024/78_New York State Teachers/NY_NY-NYSTRS_CAFR_2020_78.pdf.pdf,2020,,,High,,,,,,,,,,,,,,,,,,,,,,,,,,,,,single-pass-only,pilot-batch-1-sonnet,2026-09-22,
78,New York State Teachers,NY,2001,2001,2002,"No explicit named 'Total Fund' benchmark row appears in the CAFR performance tables for FY2001-2002; the System's approach is an implied blend of the asset-class benchmarks below, weighted at the Board's target allocation. Targets as of 6/30/2001: Domestic Equity 55% (45-65%), International Equity 9% (4-15%), Emerging Markets Equity 1% (0-2%), Real Estate 6% (3-9%), Alternative Investments 3% (1-5%), Domestic Fixed Income 20% (15-30%), Mortgages 6% (3-10%), Cash Equivalents 0% (0-2%). Revised at the July 26, 2001 Board mtg. (effect for FY2002): Domestic Equity 55%, International Equity 10% (Emerging Markets Equity folded in), Real Estate 6%, Alternatives 3%, Domestic Fixed Income 20%, Mortgages 6%, Cash 0%.","Reported as one 'Domestic Equity' total blending several manager-level benchmarks: Russell 3000 (NYSTRS Index Fund / Value Tilt), Russell 1000 Value (NYSTRS Value Index Fund), S&P 500 (Total Active Large Cap Management), Russell 2000 (Total Active Small Cap Management).","MSCI EAFE (Europe, Australasia, Far East) Stock Index. Emerging Market Equities benchmarked separately to the MSCI Emerging Markets Free Index in FY2001 (folded into the International Equity target/benchmark by FY2002).",,Lehman Bros. Aggregate Bond Index (Domestic Fixed Income). The Mortgages sleeve is not paired with a named market index in these CAFR tables.,CAFR performance tables label this bucket 'Blended NCREIF/Wilshire [REIT]' -- the National Council of Real Estate Investment Fiduciaries (NCREIF) Properties Index blended with the Wilshire REIT Index for the public-real-estate-securities sleeve.,Alternative Investments: S&P 500 Stock Index (Plus 5%).,,,iMoneyNet(TM) Money Fund Averages/All Taxable (Short Term Investments).,Mortgages tracked as its own target-allocation bucket but not paired with a named market benchmark in the FY2001-2002 CAFR performance tables.,CAFR,NY_NY-NYSTRS_CAFR_2002_78.pdf.pdf,/Kevin/RevolvingDoor/CAFR2024/78_New York State Teachers/NY_NY-NYSTRS_CAFR_2002_78.pdf.pdf,2002,,,High,,,,,,,,,,,,,,,,,,,,,,,,,,,,,single-pass-only,pilot-batch-1-sonnet,2026-09-22,
78,New York State Teachers,NY,2007,2003,2009,"No explicit named 'Total Fund' benchmark row in the CAFR tables through this window; implied composite = the asset-class benchmarks below weighted at Board target allocation. Per the Oct 2006 IPS (~FY2007 targets): Domestic Equity 51% (41-61%)/S&P Super Composite 1500, International Equity 10% (6-14%)/MSCI EAFE, Domestic Fixed Income 18% (11-25%)/Lehman Bros. Aggregate, Real Estate 8% (5-11%)/NCREIF Properties Index, Mortgages 8% (5-11%)/Treasury+spread, Alternative Investments 5% (2-8%)/S&P500+5%, Short Term 0% (0-5%)/iMoneyNet. Per the Oct 2008 IPS (~FY2009 targets), same representative indices with revised weights: Domestic Equity 42% (35-49%), International Equity 15% (11-19%), Domestic Fixed Income 18% (13-23%), Real Estate 10% (6-14%), Mortgages 8% (5-11%), Alternative Investments 7% (4-12%), Short Term 0% (0-5%).","S&P (Super) Composite 1500 Index is the IPS 'representative index' for Domestic Equity as a whole and the benchmark for the internally managed passive Index/Growth Tilt/Value Tilt funds; active sub-mandates continue to be benchmarked individually to Russell 1000 Value, S&P 500, and Russell 2000. Confirmed switch from the Russell 3000-based index-fund benchmark used through FY2002 to the S&P 1500 by the FY2003 CAFR.",MSCI EAFE Stock Index.,,"Lehman Bros. Aggregate Bond Index (still named 'Lehman Bros.' as of the Oct 2008 IPS, despite Barclays' Nov 2008 acquisition of Lehman's fixed-income index business).","NCREIF (National Council of Real Estate Investment Fiduciaries) Properties Index is the IPS 'representative index'; the CAFR performance tables label the total real-estate return series 'Blended NCREIF/Wilshire' (Wilshire REIT Index / NAREIT Equity Index apply to the public-real-estate-securities sleeve, and the Lehman Investment Grade CMBS Index to the externally managed CMBS program).",Alternative Investments: S&P 500 Stock Index (Plus 5%).,,,iMoneyNet(TM) Money Fund Averages/All Taxable.,"Mortgages (target 8%, range 5-11% per the Oct 2008 IPS) benchmarked to 'U.S. Treasury Rate + Market Derived Spread' -- a pricing convention, not a market index.",IPS,NYStateTRS_InvPolStmt_2008_78.pdf.pdf,/Kevin/RevolvingDoor/CAFR2024/78_New York State Teachers/NYStateTRS_InvPolStmt_2008_78.pdf.pdf,2008,,,High,,,,,,,,,,,,,,,,,,,,,,,,,,,,,single-pass-only,pilot-batch-1-sonnet,2026-09-22,
78,New York State Teachers,NY,2004,2003,2009,"No explicit named 'Total Fund' benchmark row in the CAFR tables through this window; implied composite = the asset-class benchmarks below weighted at Board target allocation. Per the Oct 2006 IPS (~FY2007 targets): Domestic Equity 51% (41-61%)/S&P Super Composite 1500, International Equity 10% (6-14%)/MSCI EAFE, Domestic Fixed Income 18% (11-25%)/Lehman Bros. Aggregate, Real Estate 8% (5-11%)/NCREIF Properties Index, Mortgages 8% (5-11%)/Treasury+spread, Alternative Investments 5% (2-8%)/S&P500+5%, Short Term 0% (0-5%)/iMoneyNet. Per the Oct 2008 IPS (~FY2009 targets), same representative indices with revised weights: Domestic Equity 42% (35-49%), International Equity 15% (11-19%), Domestic Fixed Income 18% (13-23%), Real Estate 10% (6-14%), Mortgages 8% (5-11%), Alternative Investments 7% (4-12%), Short Term 0% (0-5%).","S&P (Super) Composite 1500 Index is the IPS 'representative index' for Domestic Equity as a whole and the benchmark for the internally managed passive Index/Growth Tilt/Value Tilt funds; active sub-mandates continue to be benchmarked individually to Russell 1000 Value, S&P 500, and Russell 2000. Confirmed switch from the Russell 3000-based index-fund benchmark used through FY2002 to the S&P 1500 by the FY2003 CAFR.",MSCI EAFE Stock Index.,,"Lehman Bros. Aggregate Bond Index (still named 'Lehman Bros.' as of the Oct 2008 IPS, despite Barclays' Nov 2008 acquisition of Lehman's fixed-income index business).","NCREIF (National Council of Real Estate Investment Fiduciaries) Properties Index is the IPS 'representative index'; the CAFR performance tables label the total real-estate return series 'Blended NCREIF/Wilshire' (Wilshire REIT Index / NAREIT Equity Index apply to the public-real-estate-securities sleeve, and the Lehman Investment Grade CMBS Index to the externally managed CMBS program).",Alternative Investments: S&P 500 Stock Index (Plus 5%).,,,iMoneyNet(TM) Money Fund Averages/All Taxable.,"Mortgages (target 8%, range 5-11% per the Oct 2008 IPS) benchmarked to 'U.S. Treasury Rate + Market Derived Spread' -- a pricing convention, not a market index.",IPS,NYStateTRS_InvPolStmt_2008_78.pdf.pdf,/Kevin/RevolvingDoor/CAFR2024/78_New York State Teachers/NYStateTRS_InvPolStmt_2008_78.pdf.pdf,2008,,,High,,,,,,,,,,,,,,,,,,,,,,,,,,,,,single-pass-only,pilot-batch-1-sonnet,2026-09-22,
78,New York State Teachers,NY,2010,2010,2011,"Implied composite (no named 'Total Fund' index found for these years) per the Oct 2010 IPS (~FY2011 targets): Domestic Equity 42% (35-49%)/S&P Super Composite 1500, International Equity 15% (11-19%)/'MSCI EAFE Stock Index and ACWI EX-US Stock Index', Domestic Fixed Income 18% (13-23%)/Barclays Capital U.S. Float Adjusted Aggregate Bond Index, Real Estate 10% (6-14%)/NCREIF Open-End Diversified Core Equity (ODCE) Fund Index, Mortgages 8% (5-11%)/Treasury+spread, Alternative Investments 7% (4-12%)/S&P500+5%, Short Term 0% (0-5%)/iMoneyNet.",S&P Super Composite 1500 (unchanged).,"Transitional/dual: the IPS lists 'MSCI EAFE Stock Index and ACWI EX-US Stock Index' jointly as the representative index for International Equity, indicating a benchmark change in progress toward pure ACWI ex-US (completed by the Oct 2012 IPS).",,"Barclays Capital U.S. Float Adjusted Aggregate Bond Index -- renamed/updated from 'Lehman Bros. Aggregate'. The CMBS sub-index changed from the Lehman Investment-Grade CMBS Index to the Barclays Capital U.S. Investment-Grade CMBS Index in December 2008, per the IPS footnote.","National Council of Real Estate Investment Fiduciaries Open-End Diversified Core Equity (NCREIF ODCE) Fund Index -- new representative index for Real Estate, replacing the plain NCREIF Properties Index used through the Oct 2008 IPS.",Alternative Investments: S&P 500 Stock Index (Plus 5%).,,,iMoneyNet(TM) Money Fund Averages/All Taxable.,No Global Bonds asset class yet (added starting the following Oct 2011 IPS).,IPS,NYStateTRS_InvPolStmt_2010_78.pdf.pdf,/Kevin/RevolvingDoor/CAFR2024/78_New York State Teachers/NYStateTRS_InvPolStmt_2010_78.pdf.pdf,2010,,,Medium,,,,,,,,,,,,,,,,,,,,,,,,,,,,,single-pass-only,pilot-batch-1-sonnet,2026-09-22,
83,NY State & Local ERS,NY,2003,2001,2008,"No published blended/composite 'Policy Index' for the Total Fund. The CAFR Investment Results table reports the Total Fund's actual time-weighted return and evaluates performance asset-class-by-asset-class against the named benchmarks below, implicitly weighted per the Fund's target asset allocation.","Russell 3000 Index (""a broad market index""); internally managed index funds separately tracked Standard & Poor's 500 and Standard & Poor's 400 (Midcap)",Europe Australia Far East (EAFE) Index / MSCI EAFE Index; MSCI Emerging Markets Index reported as a separate 'Emerging Market Equity' line,"MSCI All Country World (Free) Index -- used for the Fund's globally-mandated equity composite, reported as a separate 'Global Equity' line alongside Domestic/International Equity from FY2004 CAFR onward","Lehman Brothers Aggregate (Bond) Index (primary core fixed income benchmark); Salomon Smith Barney LPF Index (secondary/legacy fixed-income comparator, reported alongside Lehman Aggregate in every sampled CAFR through FY2007)",National Council of Real Estate Investment Fiduciaries (NCREIF) [Property] Index -- explicitly named as a listed 'Benchmark' starting in the FY2007 CAFR; FY2001/FY2004 CAFRs report an 'Equity Real Estate' return with no benchmark index named,,,,,FY2001 CAFR: a 'Tactical Asset Account' composite used a custom 60% S&P 500 / 40% Lehman Brothers 20+ Year Treasury Index blended benchmark. No cash/short-term benchmark index is ever named in any sampled CAFR (short-term investment returns are reported without a named comparator).,CAFR,NY_NY-ERS-PFRS_CAFR_2007_83_84.pdf.pdf,/Kevin/RevolvingDoor/CAFR2024/83_NY State & Local ERS/NY_NY-ERS-PFRS_CAFR_2007_83_84.pdf.pdf,2007,,,Medium,,,,,,,,,,,,,,,,,,,,,,,,,,,,,single-pass-only,pilot-batch-1-sonnet,2026-09-22,
83,NY State & Local ERS,NY,2006,2001,2008,"No published blended/composite 'Policy Index' for the Total Fund. The CAFR Investment Results table reports the Total Fund's actual time-weighted return and evaluates performance asset-class-by-asset-class against the named benchmarks below, implicitly weighted per the Fund's target asset allocation.","Russell 3000 Index (""a broad market index""); internally managed index funds separately tracked Standard & Poor's 500 and Standard & Poor's 400 (Midcap)",Europe Australia Far East (EAFE) Index / MSCI EAFE Index; MSCI Emerging Markets Index reported as a separate 'Emerging Market Equity' line,"MSCI All Country World (Free) Index -- used for the Fund's globally-mandated equity composite, reported as a separate 'Global Equity' line alongside Domestic/International Equity from FY2004 CAFR onward","Lehman Brothers Aggregate (Bond) Index (primary core fixed income benchmark); Salomon Smith Barney LPF Index (secondary/legacy fixed-income comparator, reported alongside Lehman Aggregate in every sampled CAFR through FY2007)",National Council of Real Estate Investment Fiduciaries (NCREIF) [Property] Index -- explicitly named as a listed 'Benchmark' starting in the FY2007 CAFR; FY2001/FY2004 CAFRs report an 'Equity Real Estate' return with no benchmark index named,,,,,FY2001 CAFR: a 'Tactical Asset Account' composite used a custom 60% S&P 500 / 40% Lehman Brothers 20+ Year Treasury Index blended benchmark. No cash/short-term benchmark index is ever named in any sampled CAFR (short-term investment returns are reported without a named comparator).,CAFR,NY_NY-ERS-PFRS_CAFR_2007_83_84.pdf.pdf,/Kevin/RevolvingDoor/CAFR2024/83_NY State & Local ERS/NY_NY-ERS-PFRS_CAFR_2007_83_84.pdf.pdf,2007,,,Medium,,,,,,,,,,,,,,,,,,,,,,,,,,,,,single-pass-only,pilot-batch-1-sonnet,2026-09-22,
83,NY State & Local ERS,NY,2012,2011,2012,No published blended/composite Policy Index. Effective FY2011 the Fund adopted a 'Global Equity strategic plan' that restructured public-equity reporting: the Investment Results table now reports a single combined 'Global Equity' line (replacing separate Domestic Equity / International Equity lines) benchmarked to the MSCI All Country World Index Free; other asset classes continue to be reported and benchmarked individually as below.,"Russell 3000 Index (still used as the domestic-equity market benchmark within manager-composite reporting, e.g. ""the domestic equity portfolio returned 17.7 percent... as compared to 17.4 percent for the domestic equity market as represented by the Russell 3000 Index"")",MSCI EAFE Index / MSCI All Country World Index Free Net (ex-US context) / MSCI Emerging Markets Index at the manager-composite level,"MSCI All Country World Index Free (Net, FY2012 wording: ""MSCI All Country World Index Free Net"")",Barclays Capital Aggregate Bond Index; Salomon Smith Barney LPF Index (still reported); Salomon Smith Barney Inflation Linked Index,National Council of Real Estate Investment Fiduciaries (NCREIF),Cambridge U.S. Private Equity Index,HFRX Global Hedge Fund Index (now listed explicitly in the formal Benchmarks table),,,,CAFR,NY_NY-ERS-PFRS_CAFR_2011_83_84.pdf.pdf,/Kevin/RevolvingDoor/CAFR2024/83_NY State & Local ERS/NY_NY-ERS-PFRS_CAFR_2011_83_84.pdf.pdf,2011,,,High,,,,,,,,,,,,,,,,,,,,,,,,,,,,,single-pass-only,pilot-batch-1-sonnet,2026-09-22,
83,NY State & Local ERS,NY,2009,2009,2009,,,,,,,,,,,,CAFR,,,2009,,,Low,,,,,,,,,,,,,,,,,,,,,,,,,,,,,single-pass-only,pilot-batch-1-sonnet,2026-09-22,
83,NY State & Local ERS,NY,2015,2013,2015,No published blended/composite Policy Index; Total Fund and 'Global Equity' and other asset classes reported against the named benchmarks below.,Russell 3000 Index / Russell 1000 Index / Russell 2000 Index / Russell MidCap Index (manager-composite level),MSCI ACWI ex U.S. / MSCI EAFE Index / MSCI Emerging Markets Index (manager-composite level),MSCI All Country World Index Free,Barclays Capital Aggregate Bond Index. Salomon Smith Barney Inflation Linked Index continues for the TIPS sleeve (confirmed FY2013); Salomon Smith Barney LPF Index no longer appears in the FY2013 CAFR (dropped from disclosure -- last seen in FY2012),National Council of Real Estate Investment Fiduciaries (NCREIF),Cambridge U.S. Private Equity Index,HFRX Global Hedge Fund Index,,,,CAFR,NY_NY-ERS-PFRS_CAFR_2013_83_84.pdf.pdf,/Kevin/RevolvingDoor/CAFR2024/83_NY State & Local ERS/NY_NY-ERS-PFRS_CAFR_2013_83_84.pdf.pdf,2013,,,Medium,,,,,,,,,,,,,,,,,,,,,,,,,,,,,single-pass-only,pilot-batch-1-sonnet,2026-09-22,
83,NY State & Local ERS,NY,2018,2018,2019,No published blended/composite Policy Index; Total Fund ('Public Equity' by FY2019 naming) and asset-class returns reported against the named benchmarks below.,Russell 3000 Index; Russell Top 200 (S&P 500 to 1/1/16); Russell Midcap (S&P 400 Mid Cap to 1/1/16); Russell 2000 Index,"MSCI ACWI Ex U.S. IMI (effective 1/1/2017, replacing MSCI ACWI Ex U.S.); MSCI EAFE Index; MSCI Emerging Markets Index","MSCI All Country World Index Free (FY2018) / MSCI All Country World Index (FY2019 naming, 'Free' suffix dropped)",Bloomberg Barclays [Capital] U.S. Aggregate Bond Index (renamed from Barclays Capital between the FY2017 and FY2018 CAFRs); Bloomberg Barclays [Capital] U.S. TIPS Index; Non Core Fixed Income Blended Benchmark,"National Council of Real Estate Investment Fiduciaries (NCREIF) Property (Gross) Index, one-quarter lag (per the FY2021 CAFR's footnote describing pre-4/1/2019 methodology)",Cambridge U.S. Private Equity Index,HFRX Global Hedge Fund Index,U.S. CPI +5%,,'Opportunistic Funds' remains a separately reported line (FY2019: 7.29% return) with no disclosed benchmark index.,CAFR,NY_NY-ERS-PFRS_CAFR_2018_83_84.pdf.pdf,/Kevin/RevolvingDoor/CAFR2024/83_NY State & Local ERS/NY_NY-ERS-PFRS_CAFR_2018_83_84.pdf.pdf,2018,,,High,,,,,,,,,,,,,,,,,,,,,,,,,,,,,single-pass-only,pilot-batch-1-sonnet,2026-09-22,
83,NY State & Local ERS,NY,2021,2021,2021,No published blended/composite Policy Index; Total Fund and asset-class returns reported against the named benchmarks below.,Russell 3000 Index; Russell Top 200 (S&P 500 to 1/1/16); Russell 1000 Index,MSCI ACWI ex U.S. IMI; MSCI EAFE Index; MSCI Emerging Markets (EM) Index,MSCI All Country World Index (ACWI),Bloomberg Barclays Aggregate Bond Index,"""Real Estate Benchmark"": asset-weighted blend of quarter-lagged benchmarks -- Core Real Estate proxied to NCREIF NFI ODCE (Net) Index; Non-Core Real Estate proxied to the same index with a 100 basis point annual premium (continuing the methodology effective 4/1/2019)",Cambridge U.S. Private Equity Index (1Q Lag),"Opportunistic Funds and Absolute Return Strategy are now combined into a single reported line, 'Opportunistic/Absolute Return Strategy Funds (O/ARS)', benchmarked to 'CRF Actuarial Return + 2%' (replacing the prior HFRI Asset-Weighted Composite Index benchmark)",U.S. CPI + 5%,,"A new 'Credit' asset class is reported for the first time, benchmarked to the 'Credit Suisse Leveraged Loan Index + 2.5%'.",CAFR,NY_NY-ERS-PFRS_CAFR_2021_83_84.pdf.pdf,/Kevin/RevolvingDoor/CAFR2024/83_NY State & Local ERS/NY_NY-ERS-PFRS_CAFR_2021_83_84.pdf.pdf,2021,,,High,,,,,,,,,,,,,,,,,,,,,,,,,,,,,single-pass-only,pilot-batch-1-sonnet,2026-09-22,
83,NY State & Local ERS,NY,2001,2001,2008,"No published blended/composite 'Policy Index' for the Total Fund. The CAFR Investment Results table reports the Total Fund's actual time-weighted return and evaluates performance asset-class-by-asset-class against the named benchmarks below, implicitly weighted per the Fund's target asset allocation.","Russell 3000 Index (""a broad market index""); internally managed index funds separately tracked Standard & Poor's 500 and Standard & Poor's 400 (Midcap)",Europe Australia Far East (EAFE) Index / MSCI EAFE Index; MSCI Emerging Markets Index reported as a separate 'Emerging Market Equity' line,"MSCI All Country World (Free) Index -- used for the Fund's globally-mandated equity composite, reported as a separate 'Global Equity' line alongside Domestic/International Equity from FY2004 CAFR onward","Lehman Brothers Aggregate (Bond) Index (primary core fixed income benchmark); Salomon Smith Barney LPF Index (secondary/legacy fixed-income comparator, reported alongside Lehman Aggregate in every sampled CAFR through FY2007)",National Council of Real Estate Investment Fiduciaries (NCREIF) [Property] Index -- explicitly named as a listed 'Benchmark' starting in the FY2007 CAFR; FY2001/FY2004 CAFRs report an 'Equity Real Estate' return with no benchmark index named,,,,,FY2001 CAFR: a 'Tactical Asset Account' composite used a custom 60% S&P 500 / 40% Lehman Brothers 20+ Year Treasury Index blended benchmark. No cash/short-term benchmark index is ever named in any sampled CAFR (short-term investment returns are reported without a named comparator).,CAFR,NY_NY-ERS-PFRS_CAFR_2007_83_84.pdf.pdf,/Kevin/RevolvingDoor/CAFR2024/83_NY State & Local ERS/NY_NY-ERS-PFRS_CAFR_2007_83_84.pdf.pdf,2007,,,Medium,,,,,,,,,,,,,,,,,,,,,,,,,,,,,single-pass-only,pilot-batch-1-sonnet,2026-09-22,
83,NY State & Local ERS,NY,2004,2001,2008,"No published blended/composite 'Policy Index' for the Total Fund. The CAFR Investment Results table reports the Total Fund's actual time-weighted return and evaluates performance asset-class-by-asset-class against the named benchmarks below, implicitly weighted per the Fund's target asset allocation.","Russell 3000 Index (""a broad market index""); internally managed index funds separately tracked Standard & Poor's 500 and Standard & Poor's 400 (Midcap)",Europe Australia Far East (EAFE) Index / MSCI EAFE Index; MSCI Emerging Markets Index reported as a separate 'Emerging Market Equity' line,"MSCI All Country World (Free) Index -- used for the Fund's globally-mandated equity composite, reported as a separate 'Global Equity' line alongside Domestic/International Equity from FY2004 CAFR onward","Lehman Brothers Aggregate (Bond) Index (primary core fixed income benchmark); Salomon Smith Barney LPF Index (secondary/legacy fixed-income comparator, reported alongside Lehman Aggregate in every sampled CAFR through FY2007)",National Council of Real Estate Investment Fiduciaries (NCREIF) [Property] Index -- explicitly named as a listed 'Benchmark' starting in the FY2007 CAFR; FY2001/FY2004 CAFRs report an 'Equity Real Estate' return with no benchmark index named,,,,,FY2001 CAFR: a 'Tactical Asset Account' composite used a custom 60% S&P 500 / 40% Lehman Brothers 20+ Year Treasury Index blended benchmark. No cash/short-term benchmark index is ever named in any sampled CAFR (short-term investment returns are reported without a named comparator).,CAFR,NY_NY-ERS-PFRS_CAFR_2007_83_84.pdf.pdf,/Kevin/RevolvingDoor/CAFR2024/83_NY State & Local ERS/NY_NY-ERS-PFRS_CAFR_2007_83_84.pdf.pdf,2007,,,Medium,,,,,,,,,,,,,,,,,,,,,,,,,,,,,single-pass-only,pilot-batch-1-sonnet,2026-09-22,
83,NY State & Local ERS,NY,2010,2010,2010,No published blended/composite Policy Index; Total Fund and each asset class's actual return are reported against the named benchmarks below.,Russell 3000 Index,MSCI All Country World Index Free ex US (ACWI ex US),,Barclays Capital Aggregate Bond Index (renamed from Lehman Brothers Aggregate following Barclays' Nov. 2008 acquisition of Lehman's index business); Salomon Smith Barney LPF Index (still reported as a secondary comparator); Salomon Smith Barney Inflation Linked Index (for the Treasury Inflation Indexed Securities sleeve),National Council of Real Estate Investment Fiduciaries (NCREIF),Cambridge US Private Equity Index (first confirmed appearance in the sampled CAFRs),"HFRX (Global Hedge Fund Index) -- referenced narratively in the Investment section text (""...the HFRX, which returned 12.9 percent"") as the comparator for the Absolute Return Strategy portfolio; not yet listed in the formal 'Benchmarks' summary table for this year",,,,CAFR,NY_NY-ERS-PFRS_CAFR_2010_83_84.pdf.pdf,/Kevin/RevolvingDoor/CAFR2024/83_NY State & Local ERS/NY_NY-ERS-PFRS_CAFR_2010_83_84.pdf.pdf,2010,,,High,,,,,,,,,,,,,,,,,,,,,,,,,,,,,single-pass-only,pilot-batch-1-sonnet,2026-09-22,
83,NY State & Local ERS,NY,2007,2001,2008,"No published blended/composite 'Policy Index' for the Total Fund. The CAFR Investment Results table reports the Total Fund's actual time-weighted return and evaluates performance asset-class-by-asset-class against the named benchmarks below, implicitly weighted per the Fund's target asset allocation.","Russell 3000 Index (""a broad market index""); internally managed index funds separately tracked Standard & Poor's 500 and Standard & Poor's 400 (Midcap)",Europe Australia Far East (EAFE) Index / MSCI EAFE Index; MSCI Emerging Markets Index reported as a separate 'Emerging Market Equity' line,"MSCI All Country World (Free) Index -- used for the Fund's globally-mandated equity composite, reported as a separate 'Global Equity' line alongside Domestic/International Equity from FY2004 CAFR onward","Lehman Brothers Aggregate (Bond) Index (primary core fixed income benchmark); Salomon Smith Barney LPF Index (secondary/legacy fixed-income comparator, reported alongside Lehman Aggregate in every sampled CAFR through FY2007)",National Council of Real Estate Investment Fiduciaries (NCREIF) [Property] Index -- explicitly named as a listed 'Benchmark' starting in the FY2007 CAFR; FY2001/FY2004 CAFRs report an 'Equity Real Estate' return with no benchmark index named,,,,,FY2001 CAFR: a 'Tactical Asset Account' composite used a custom 60% S&P 500 / 40% Lehman Brothers 20+ Year Treasury Index blended benchmark. No cash/short-term benchmark index is ever named in any sampled CAFR (short-term investment returns are reported without a named comparator).,CAFR,NY_NY-ERS-PFRS_CAFR_2007_83_84.pdf.pdf,/Kevin/RevolvingDoor/CAFR2024/83_NY State & Local ERS/NY_NY-ERS-PFRS_CAFR_2007_83_84.pdf.pdf,2007,,,Medium,,,,,,,,,,,,,,,,,,,,,,,,,,,,,single-pass-only,pilot-batch-1-sonnet,2026-09-22,
83,NY State & Local ERS,NY,2013,2013,2015,No published blended/composite Policy Index; Total Fund and 'Global Equity' and other asset classes reported against the named benchmarks below.,Russell 3000 Index / Russell 1000 Index / Russell 2000 Index / Russell MidCap Index (manager-composite level),MSCI ACWI ex U.S. / MSCI EAFE Index / MSCI Emerging Markets Index (manager-composite level),MSCI All Country World Index Free,Barclays Capital Aggregate Bond Index. Salomon Smith Barney Inflation Linked Index continues for the TIPS sleeve (confirmed FY2013); Salomon Smith Barney LPF Index no longer appears in the FY2013 CAFR (dropped from disclosure -- last seen in FY2012),National Council of Real Estate Investment Fiduciaries (NCREIF),Cambridge U.S. Private Equity Index,HFRX Global Hedge Fund Index,,,,CAFR,NY_NY-ERS-PFRS_CAFR_2013_83_84.pdf.pdf,/Kevin/RevolvingDoor/CAFR2024/83_NY State & Local ERS/NY_NY-ERS-PFRS_CAFR_2013_83_84.pdf.pdf,2013,,,Medium,,,,,,,,,,,,,,,,,,,,,,,,,,,,,single-pass-only,pilot-batch-1-sonnet,2026-09-22,
83,NY State & Local ERS,NY,2019,2018,2019,No published blended/composite Policy Index; Total Fund ('Public Equity' by FY2019 naming) and asset-class returns reported against the named benchmarks below.,Russell 3000 Index; Russell Top 200 (S&P 500 to 1/1/16); Russell Midcap (S&P 400 Mid Cap to 1/1/16); Russell 2000 Index,"MSCI ACWI Ex U.S. IMI (effective 1/1/2017, replacing MSCI ACWI Ex U.S.); MSCI EAFE Index; MSCI Emerging Markets Index","MSCI All Country World Index Free (FY2018) / MSCI All Country World Index (FY2019 naming, 'Free' suffix dropped)",Bloomberg Barclays [Capital] U.S. Aggregate Bond Index (renamed from Barclays Capital between the FY2017 and FY2018 CAFRs); Bloomberg Barclays [Capital] U.S. TIPS Index; Non Core Fixed Income Blended Benchmark,"National Council of Real Estate Investment Fiduciaries (NCREIF) Property (Gross) Index, one-quarter lag (per the FY2021 CAFR's footnote describing pre-4/1/2019 methodology)",Cambridge U.S. Private Equity Index,HFRX Global Hedge Fund Index,U.S. CPI +5%,,'Opportunistic Funds' remains a separately reported line (FY2019: 7.29% return) with no disclosed benchmark index.,CAFR,NY_NY-ERS-PFRS_CAFR_2018_83_84.pdf.pdf,/Kevin/RevolvingDoor/CAFR2024/83_NY State & Local ERS/NY_NY-ERS-PFRS_CAFR_2018_83_84.pdf.pdf,2018,,,High,,,,,,,,,,,,,,,,,,,,,,,,,,,,,single-pass-only,pilot-batch-1-sonnet,2026-09-22,
83,NY State & Local ERS,NY,2016,2016,2016,No published blended/composite Policy Index; Total Fund and asset-class returns reported against the named benchmarks below.,Russell 3000 Index at the aggregate level; effective 1/1/2016 the Fund's internally managed large-cap and mid-cap index funds switched their tracking benchmarks from Standard & Poor's 500 / Standard & Poor's 400 to the FTSE Russell Top 200 and Russell Midcap indices,MSCI ACWI ex U.S. / MSCI EAFE Index / MSCI Emerging Markets Index (manager-composite level),MSCI All Country World Index Free,Barclays Capital Aggregate Bond Index; Barclays Capital U.S. TIPS Index (renamed from Salomon Smith Barney Inflation Linked Index by this year),National Council of Real Estate Investment Fiduciaries (NCREIF),Cambridge U.S. Private Equity Index,HFRX Global Hedge Fund Index,,,"A new 'Opportunistic Alternatives' line (4.00% return) is reported for the first time this year, with no benchmark index disclosed. 'Real Assets' and 'Non Core Fixed Income' as distinct benchmarked categories are not yet present (they first appear in the FY2017 CAFR).",CAFR,NY_NY-ERS-PFRS_CAFR_2016_83_84.pdf.pdf,/Kevin/RevolvingDoor/CAFR2024/83_NY State & Local ERS/NY_NY-ERS-PFRS_CAFR_2016_83_84.pdf.pdf,2016,,,High,,,,,,,,,,,,,,,,,,,,,,,,,,,,,single-pass-only,pilot-batch-1-sonnet,2026-09-22,
83,NY State & Local ERS,NY,2005,2001,2008,"No published blended/composite 'Policy Index' for the Total Fund. The CAFR Investment Results table reports the Total Fund's actual time-weighted return and evaluates performance asset-class-by-asset-class against the named benchmarks below, implicitly weighted per the Fund's target asset allocation.","Russell 3000 Index (""a broad market index""); internally managed index funds separately tracked Standard & Poor's 500 and Standard & Poor's 400 (Midcap)",Europe Australia Far East (EAFE) Index / MSCI EAFE Index; MSCI Emerging Markets Index reported as a separate 'Emerging Market Equity' line,"MSCI All Country World (Free) Index -- used for the Fund's globally-mandated equity composite, reported as a separate 'Global Equity' line alongside Domestic/International Equity from FY2004 CAFR onward","Lehman Brothers Aggregate (Bond) Index (primary core fixed income benchmark); Salomon Smith Barney LPF Index (secondary/legacy fixed-income comparator, reported alongside Lehman Aggregate in every sampled CAFR through FY2007)",National Council of Real Estate Investment Fiduciaries (NCREIF) [Property] Index -- explicitly named as a listed 'Benchmark' starting in the FY2007 CAFR; FY2001/FY2004 CAFRs report an 'Equity Real Estate' return with no benchmark index named,,,,,FY2001 CAFR: a 'Tactical Asset Account' composite used a custom 60% S&P 500 / 40% Lehman Brothers 20+ Year Treasury Index blended benchmark. No cash/short-term benchmark index is ever named in any sampled CAFR (short-term investment returns are reported without a named comparator).,CAFR,NY_NY-ERS-PFRS_CAFR_2007_83_84.pdf.pdf,/Kevin/RevolvingDoor/CAFR2024/83_NY State & Local ERS/NY_NY-ERS-PFRS_CAFR_2007_83_84.pdf.pdf,2007,,,Medium,,,,,,,,,,,,,,,,,,,,,,,,,,,,,single-pass-only,pilot-batch-1-sonnet,2026-09-22,
83,NY State & Local ERS,NY,2002,2001,2008,"No published blended/composite 'Policy Index' for the Total Fund. The CAFR Investment Results table reports the Total Fund's actual time-weighted return and evaluates performance asset-class-by-asset-class against the named benchmarks below, implicitly weighted per the Fund's target asset allocation.","Russell 3000 Index (""a broad market index""); internally managed index funds separately tracked Standard & Poor's 500 and Standard & Poor's 400 (Midcap)",Europe Australia Far East (EAFE) Index / MSCI EAFE Index; MSCI Emerging Markets Index reported as a separate 'Emerging Market Equity' line,"MSCI All Country World (Free) Index -- used for the Fund's globally-mandated equity composite, reported as a separate 'Global Equity' line alongside Domestic/International Equity from FY2004 CAFR onward","Lehman Brothers Aggregate (Bond) Index (primary core fixed income benchmark); Salomon Smith Barney LPF Index (secondary/legacy fixed-income comparator, reported alongside Lehman Aggregate in every sampled CAFR through FY2007)",National Council of Real Estate Investment Fiduciaries (NCREIF) [Property] Index -- explicitly named as a listed 'Benchmark' starting in the FY2007 CAFR; FY2001/FY2004 CAFRs report an 'Equity Real Estate' return with no benchmark index named,,,,,FY2001 CAFR: a 'Tactical Asset Account' composite used a custom 60% S&P 500 / 40% Lehman Brothers 20+ Year Treasury Index blended benchmark. No cash/short-term benchmark index is ever named in any sampled CAFR (short-term investment returns are reported without a named comparator).,CAFR,NY_NY-ERS-PFRS_CAFR_2007_83_84.pdf.pdf,/Kevin/RevolvingDoor/CAFR2024/83_NY State & Local ERS/NY_NY-ERS-PFRS_CAFR_2007_83_84.pdf.pdf,2007,,,Medium,,,,,,,,,,,,,,,,,,,,,,,,,,,,,single-pass-only,pilot-batch-1-sonnet,2026-09-22,
83,NY State & Local ERS,NY,2008,2001,2008,"No published blended/composite 'Policy Index' for the Total Fund. The CAFR Investment Results table reports the Total Fund's actual time-weighted return and evaluates performance asset-class-by-asset-class against the named benchmarks below, implicitly weighted per the Fund's target asset allocation.","Russell 3000 Index (""a broad market index""); internally managed index funds separately tracked Standard & Poor's 500 and Standard & Poor's 400 (Midcap)",Europe Australia Far East (EAFE) Index / MSCI EAFE Index; MSCI Emerging Markets Index reported as a separate 'Emerging Market Equity' line,"MSCI All Country World (Free) Index -- used for the Fund's globally-mandated equity composite, reported as a separate 'Global Equity' line alongside Domestic/International Equity from FY2004 CAFR onward","Lehman Brothers Aggregate (Bond) Index (primary core fixed income benchmark); Salomon Smith Barney LPF Index (secondary/legacy fixed-income comparator, reported alongside Lehman Aggregate in every sampled CAFR through FY2007)",National Council of Real Estate Investment Fiduciaries (NCREIF) [Property] Index -- explicitly named as a listed 'Benchmark' starting in the FY2007 CAFR; FY2001/FY2004 CAFRs report an 'Equity Real Estate' return with no benchmark index named,,,,,FY2001 CAFR: a 'Tactical Asset Account' composite used a custom 60% S&P 500 / 40% Lehman Brothers 20+ Year Treasury Index blended benchmark. No cash/short-term benchmark index is ever named in any sampled CAFR (short-term investment returns are reported without a named comparator).,CAFR,NY_NY-ERS-PFRS_CAFR_2007_83_84.pdf.pdf,/Kevin/RevolvingDoor/CAFR2024/83_NY State & Local ERS/NY_NY-ERS-PFRS_CAFR_2007_83_84.pdf.pdf,2007,,,Medium,,,,,,,,,,,,,,,,,,,,,,,,,,,,,single-pass-only,pilot-batch-1-sonnet,2026-09-22,
83,NY State & Local ERS,NY,2011,2011,2012,No published blended/composite Policy Index. Effective FY2011 the Fund adopted a 'Global Equity strategic plan' that restructured public-equity reporting: the Investment Results table now reports a single combined 'Global Equity' line (replacing separate Domestic Equity / International Equity lines) benchmarked to the MSCI All Country World Index Free; other asset classes continue to be reported and benchmarked individually as below.,"Russell 3000 Index (still used as the domestic-equity market benchmark within manager-composite reporting, e.g. ""the domestic equity portfolio returned 17.7 percent... as compared to 17.4 percent for the domestic equity market as represented by the Russell 3000 Index"")",MSCI EAFE Index / MSCI All Country World Index Free Net (ex-US context) / MSCI Emerging Markets Index at the manager-composite level,"MSCI All Country World Index Free (Net, FY2012 wording: ""MSCI All Country World Index Free Net"")",Barclays Capital Aggregate Bond Index; Salomon Smith Barney LPF Index (still reported); Salomon Smith Barney Inflation Linked Index,National Council of Real Estate Investment Fiduciaries (NCREIF),Cambridge U.S. Private Equity Index,HFRX Global Hedge Fund Index (now listed explicitly in the formal Benchmarks table),,,,CAFR,NY_NY-ERS-PFRS_CAFR_2011_83_84.pdf.pdf,/Kevin/RevolvingDoor/CAFR2024/83_NY State & Local ERS/NY_NY-ERS-PFRS_CAFR_2011_83_84.pdf.pdf,2011,,,High,,,,,,,,,,,,,,,,,,,,,,,,,,,,,single-pass-only,pilot-batch-1-sonnet,2026-09-22,
83,NY State & Local ERS,NY,2017,2017,2017,No published blended/composite Policy Index; Total Fund and asset-class returns reported against the named benchmarks below.,Russell 3000 Index; Russell Top 200 (S&P 500 to 1/1/16); Russell Midcap (S&P 400 Mid Cap to 1/1/16),MSCI ACWI ex U.S. / MSCI EAFE Index / MSCI Emerging Markets Index,MSCI All Country World Index Free,Barclays Capital Aggregate Bond Index; Barclays Capital U.S. TIPS Index; Non Core Fixed Income Blended Benchmark (newly disclosed this year),National Council of Real Estate Investment Fiduciaries (NCREIF),Cambridge U.S. Private Equity Index,HFRX Global Hedge Fund Index (for 'Absolute Return Strategy'); 'Opportunistic Funds' is now a separate reported line but still has no disclosed benchmark,"U.S. CPI +5% (Real Assets first disclosed with an explicit benchmark this year; the Real Assets portfolio itself ""first launched in 2014"" per the narrative, but no benchmark was shown for it until this FY2017 CAFR)",,,CAFR,NY_NY-ERS-PFRS_CAFR_2017_83_84.pdf.pdf,/Kevin/RevolvingDoor/CAFR2024/83_NY State & Local ERS/NY_NY-ERS-PFRS_CAFR_2017_83_84.pdf.pdf,2017,,,High,,,,,,,,,,,,,,,,,,,,,,,,,,,,,single-pass-only,pilot-batch-1-sonnet,2026-09-22,
83,NY State & Local ERS,NY,2014,2013,2015,No published blended/composite Policy Index; Total Fund and 'Global Equity' and other asset classes reported against the named benchmarks below.,Russell 3000 Index / Russell 1000 Index / Russell 2000 Index / Russell MidCap Index (manager-composite level),MSCI ACWI ex U.S. / MSCI EAFE Index / MSCI Emerging Markets Index (manager-composite level),MSCI All Country World Index Free,Barclays Capital Aggregate Bond Index. Salomon Smith Barney Inflation Linked Index continues for the TIPS sleeve (confirmed FY2013); Salomon Smith Barney LPF Index no longer appears in the FY2013 CAFR (dropped from disclosure -- last seen in FY2012),National Council of Real Estate Investment Fiduciaries (NCREIF),Cambridge U.S. Private Equity Index,HFRX Global Hedge Fund Index,,,,CAFR,NY_NY-ERS-PFRS_CAFR_2013_83_84.pdf.pdf,/Kevin/RevolvingDoor/CAFR2024/83_NY State & Local ERS/NY_NY-ERS-PFRS_CAFR_2013_83_84.pdf.pdf,2013,,,Medium,,,,,,,,,,,,,,,,,,,,,,,,,,,,,single-pass-only,pilot-batch-1-sonnet,2026-09-22,
83,NY State & Local ERS,NY,2020,2020,2020,No published blended/composite Policy Index; Total Fund and asset-class returns reported against the named benchmarks below.,Russell 3000 Index (component of MSCI ACWI-benchmarked 'Public Equity'),MSCI ACWI Ex U.S. IMI; MSCI EAFE Index; MSCI Emerging Markets Index,MSCI All Country World Index,Bloomberg Barclays U.S. Aggregate Bond Index; Bloomberg Barclays U.S. TIPS Index; Non-Core Fixed Income Blended Benchmark,"""Real Estate Benchmark"": effective April 1, 2019, an asset-weighted blend of quarter-lagged benchmarks -- Core Real Estate proxied to the NCREIF NFI ODCE (Net) Index; Non-Core Real Estate proxied to the same index with a 100 basis point annual premium",Cambridge U.S. Private Equity Index (1Q Lag),HFRI Asset-Weighted Composite Index (replacing HFRX Global Hedge Fund Index as the Absolute Return Strategy benchmark this year),U.S. CPI + 5%,,'Opportunistic Funds' remains separately reported with no disclosed benchmark.,CAFR,NY_NY-ERS-PFRS_CAFR_2020_83_84.pdf.pdf,/Kevin/RevolvingDoor/CAFR2024/83_NY State & Local ERS/NY_NY-ERS-PFRS_CAFR_2020_83_84.pdf.pdf,2020,,,High,,,,,,,,,,,,,,,,,,,,,,,,,,,,,single-pass-only,pilot-batch-1-sonnet,2026-09-22,
85,Ohio PERS,OH,2020,2018,2021,"DB Fund Custom Defined Benefit Benchmark = policy weight (reset quarterly) of underlying asset/sub-asset class benchmarks: 39% Public Equity (U.S. = Russell 3000 Index, target made static at 19% of total fund effective 4/1/2018; Non-U.S. = custom 55% MSCI World ex-U.S. Standard / 10% MSCI World ex-U.S. Small Cap / 31% MSCI Emerging Markets Standard / 4% MSCI Emerging Markets Small Cap, target made static at 20% of total fund effective 4/1/2018) + 23% Fixed Income (custom benchmark based on target weights of: 10.3% Core Fixed = Bloomberg Barclays U.S. Aggregate Index; 1% Core Plus = 65% Bloomberg Barclays U.S. Aggregate Index/35% Bloomberg Barclays VLI BB Index; 6% Emerging Markets Debt = 50% JPM EMBI Global/50% JPM GBI-EM Global Diversified; Floating Rate Debt = Credit Suisse Leveraged Loan Index; 1% Securitized Debt = 50% Bloomberg Barclays Non-Agency Investment Grade CMBS: BBB Total Return Index/50% Bloomberg Barclays Non-Agency CMBS Agg Eligible Total Return Index; 2% TIPS = Bloomberg Barclays U.S. TIPS Index; 1.7% High Yield = Bloomberg Barclays U.S. High Yield Index; 1% U.S. Treasury = Bloomberg Barclays U.S. Treasury Index) + 31% Alternatives (10% Private Equity = State Street Private Equity Index [SSPEI]; 10% Real Estate = Net NFI-ODCE + 85 bps; 8% Hedge Funds = custom HFRI blend per the Annual Investment Plan; 2% Opportunistic = market weight of underlying; 1% Commodities = S&P GSCI Total Return Index; 5% Risk Parity = HFR Risk Parity Vol 15 Institutional Index; 2% GTAA = market weight of underlying)","Russell 3000 Index (target allocation made static at 19% of total fund effective 4/1/2018, replacing the market-weight-floating U.S./Non-U.S. split used since 2009-2010)","Custom benchmark: 55% MSCI World Index ex U.S. Standard, 10% MSCI World Index ex U.S. Small Cap, 31% MSCI Emerging Markets Standard, 4% MSCI Emerging Markets Small Cap (target allocation made static at 20% of total fund effective 4/1/2018)",,"Custom benchmark based on target weights of underlying sub-asset benchmarks, including Bloomberg Barclays U.S. Aggregate Index (Core Fixed), a new Core Plus sleeve (65% Bloomberg Barclays U.S. Aggregate/35% Bloomberg Barclays VLI BB Index), a JPM Emerging Markets Debt blend, Credit Suisse Leveraged Loan Index, a reworked 50/50 Non-Agency CMBS Securitized Debt blend, and Bloomberg Barclays TIPS/High Yield/Treasury indices",Net NFI-ODCE plus 85 basis points,State Street Private Equity Index (SSPEI),Custom benchmark using the HFRI single-strategy indices weighted per the target allocations listed in the Annual Investment Plan,"Commodities: S&P GSCI Total Return Index; Risk Parity benchmarked to the HFR Risk Parity Vol 15 Institutional Index (newly adopted, replacing market-value weight of underlying); GTAA benchmarked to market value weight of underlying portfolio benchmarks",,,IPS,OhioPERS_InvPolStmt_March2018_85.pdf.pdf,/Kevin/RevolvingDoor/CAFR2024/85_Ohio PERS/OhioPERS_InvPolStmt_March2018_85.pdf.pdf,2018,,,Medium,,,,,,,,,,,,,,,,,,,,,,,,,,,,,single-pass-only,pilot-batch-1-sonnet,2026-09-22,
85,Ohio PERS,OH,2003,2003,2004,Custom Policy Index = 46% Domestic Equity (Russell 3000 Stock Index) + 20% Global Bonds (Lehman Universal Index) + 23% International (MSCI All Country World Free Index ex-U.S.) + 9% Real Estate (Custom Real Estate Index) + 1% Private Equity (Russell 3000 + 300 bps) + 1% Short-Term Investments (90-day U.S. Treasury Bill),Russell 3000 Stock Index,MSCI All Country World Free Index ex-U.S.,,Lehman Universal Index,"Custom Real Estate Index: 60% NCREIF Property Index + 20% Wilshire Real Estate Securities Index + 20% Giliberto-Levy Commercial Mortgage Performance Index, adjusted for fees",Russell 3000 Stock Index + 300 basis points,,,90-day U.S. Treasury Bill,"Targets identical for Full Year 2003 and Full Year 2004: Domestic Equity 46%, Global Bonds 20%, International 23%, Real Estate 9%, Private Equity 1.0%, Short-Term 1.0%. FY2004 actual Total Portfolio return 12.50% (1-yr) vs. Custom Benchmark 12.38%.",CAFR,OH_OH-OPERS_CAFR_2004_85.pdf.pdf,/Kevin/RevolvingDoor/CAFR2024/85_Ohio PERS/OH_OH-OPERS_CAFR_2004_85.pdf.pdf,2004,,,High,,,,,,,,,,,,,,,,,,,,,,,,,,,,,single-pass-only,pilot-batch-1-sonnet,2026-09-22,
85,Ohio PERS,OH,2006,2006,2006,"Defined Benefit Portfolio policy benchmark = 45.6% U.S. Equity (Russell 3000) + 24.6% Universal Bond (Barclays Universal Index) + 20.0% Non-U.S. Equity (MSCI ACWI ex-U.S., net) + 6.5% Private Real Estate (NCREIF Property Index) + 1.0% REITS (DJ Wilshire RESI, full cap) + 1.3% Private Equity (Russell 3000, quarter lag, + 300 bps) + 1.0% Cash Equivalents (90-day U.S. Treasury Bill)",Russell 3000 Stock Index,MSCI ACWI ex-U.S. (net),,Barclays Universal Index,NCREIF Property Index (no fee deduction from 1/1/2006) plus DJ Wilshire Real Estate Securities Index REIT sleeve (full market cap; 20 bps deducted prior to 1/1/2006),Russell 3000 Stock Index (quarter lag) + 300 basis points,,,90-day U.S. Treasury Bill,"OPERS' Statement of Investment Objectives and Policies was revised September 19, 2006, setting forward TARGETS of 43% U.S. Equity / 1% Opportunistic Fund, 20% Non-U.S. Equity (MSCI ACWI Free ex-U.S.), 8% Real Estate (Custom Real Estate Index), 5% Private Equity (Russell 3000+300bps), 24% Global Bonds (60% Lehman U.S. Universal Index / 40% Lehman Long Government/Credit Index), residual Cash (91-day T-Bill) -- see OhioPERS_InvPolStmt_September2006_85.pdf.pdf. These targets were phased in gradually; the actual FY2006 allocation reported in the CAFR (cited as this record's source) still reflects the prior policy mix.",CAFR,OH_OH-OPERS_CAFR_2008_85.pdf.pdf,/Kevin/RevolvingDoor/CAFR2024/85_Ohio PERS/OH_OH-OPERS_CAFR_2008_85.pdf.pdf,2008,,,High,,,,,,,,,,,,,,,,,,,,,,,,,,,,,single-pass-only,pilot-batch-1-sonnet,2026-09-22,
85,Ohio PERS,OH,2012,2012,2012,Policy benchmark = 45% Public Equity (U.S. = Russell 3000 Stock Index; Non-U.S. = custom 55% MSCI World ex-U.S. Standard / 10% MSCI World ex-U.S. Small Cap / 31% MSCI Emerging Markets Standard / 4% MSCI Emerging Markets Small Cap) + 27% Fixed Income (13% Core Fixed = custom Barclays Capital Aggregate Index weighting capped at 25% Treasuries/gov't-related; 0.5% Internal Credit = Barclays Credit Corporate Index; 3% Emerging Market Debt = 50% JP Morgan EMBI Global/50% JPM GBI-EM Global Diversified; 1% Floating Rate Debt = Credit Suisse Leveraged Loan Index; 1% Securitized Debt = CMBS component of U.S. Aggregate Index + 200 bps; 5% High Yield = Barclays U.S. High Yield Index; 1.5% Global High Yield = Barclays Global High Yield Index; 2% Liquidity = Merrill Lynch 3-month U.S. Treasury Bill Index) + 28% Alternatives (10% Private Equity = Russell 3000 + 300 bps; 10% Real Estate = NCREIF Property Index; 6% Hedge Funds = minimum of 700 bps or 3-month LIBOR + 400 bps; 2% Opportunistic = market weight of underlying portfolio benchmarks),Russell 3000 Stock Index,"Custom benchmark: 55% MSCI World Index ex U.S. Standard, 10% MSCI World Index ex U.S. Small Cap, 31% MSCI Emerging Markets Standard, 4% MSCI Emerging Markets Small Cap",,Core Fixed = custom Barclays Capital Aggregate Index weighting capped at 25% Treasuries/gov't-related; Internal Credit = Barclays Credit Corporate Index; Emerging Market Debt = 50% JPM EMBI Global/50% JPM GBI-EM Global Diversified; Floating Rate Debt = Credit Suisse Leveraged Loan Index; Securitized Debt = CMBS component of U.S. Aggregate Index + 200 bps; High Yield = Barclays U.S. High Yield Index; Global High Yield = Barclays Global High Yield Index; Liquidity = Merrill Lynch 3-month U.S. Treasury Bill Index,NCREIF Property Index,Russell 3000 Stock Index + 300 basis points,Minimum of 700 basis points or 3-month LIBOR + 400 basis points,,Merrill Lynch 3-month U.S. Treasury Bill Index (Liquidity sleeve),Opportunistic sleeve (2%) benchmarked to market weight of underlying portfolio benchmarks.,IPS,OhioPERS_InvPolStmt_January2012_85.pdf.pdf,/Kevin/RevolvingDoor/CAFR2024/85_Ohio PERS/OhioPERS_InvPolStmt_January2012_85.pdf.pdf,2012,,,High,,,,,,,,,,,,,,,,,,,,,,,,,,,,,single-pass-only,pilot-batch-1-sonnet,2026-09-22,
85,Ohio PERS,OH,2009,2008,2009,"Defined Benefit Portfolio policy benchmark = 43.4% U.S. Equity (Russell 3000) + 0.2% Opportunistic (LIBOR, 2-month lag, + 4%) + 14.4% Universal Bond (Barclays Universal Index) + 9.6% Long-Duration Bond (Barclays U.S. Long Government/Credit Bond Index) + 20.0% Non-U.S. Equity (MSCI ACWI ex-U.S., net) + 7.0% Private Real Estate (NCREIF Property Index, quarter lag) + 1.0% REITS (DJ Wilshire RESI, adjusted cap) + 4.4% Private Equity (Russell 3000, quarter lag, + 300 bps) + 0.0% Cash. DB Portfolio return -27.15% vs. policy benchmark -27.06% for 2008.",Russell 3000 Stock Index,MSCI ACWI ex-U.S. (net),,Barclays Universal Index (core sleeve) plus Barclays U.S. Long Government/Credit Bond Index (long-duration sleeve),NCREIF Property Index (quarter lag) plus DJ Wilshire Real Estate Securities Index REIT sleeve (adjusted cap),Russell 3000 Stock Index (quarter lag) + 300 basis points,Opportunistic sleeve: LIBOR (2-month lag) + 4%,,90-day U.S. Treasury Bill,,CAFR,OH_OH-OPERS_CAFR_2008_85.pdf.pdf,/Kevin/RevolvingDoor/CAFR2024/85_Ohio PERS/OH_OH-OPERS_CAFR_2008_85.pdf.pdf,2008,,,Medium,,,,,,,,,,,,,,,,,,,,,,,,,,,,,single-pass-only,pilot-batch-1-sonnet,2026-09-22,"REVIEWED 2026-09-22: same-year-IPS flag is a false positive -- OhioPERS_InvPolStmt_November2009_85.pdf.pdf (revised 11/18/2009) governs the last ~6 weeks of calendar/FY2009 at most; OPERS' own revision history shows no change between 11/14/2007 and 11/18/2009, so the prior (2007) policy governed virtually all of FY2009. Already correctly assigned to the FY2010 record."
85,Ohio PERS,OH,2015,2015,2015,Policy benchmark = 39% Public Equity (U.S. = Russell 3000 Index; Non-U.S. = custom 55% MSCI World ex-U.S. Standard / 10% MSCI World ex-U.S. Small Cap / 31% MSCI Emerging Markets Standard / 4% MSCI Emerging Markets Small Cap) + 23% Fixed Income (market value weight of: 10% Core Fixed; 6% Emerging Markets Debt = 50% JPM EMBI Global/50% JPM GBI-EM Global Diversified; Floating Rate Debt = Credit Suisse Leveraged Loan Index; 1% Securitized Debt = Non-Agency CMBS component of Barclays U.S. Aggregate Index + 200 bps; 1% TIPS = Barclays U.S. TIPS Index; 3% High Yield = Barclays U.S. High Yield Index; 1% Global High Yield = Barclays Global High Yield Index; 1% U.S. Treasury sleeve) + 31% Alternatives (10% Private Equity = State Street Private Equity Index [SSPEI]; 10% Real Estate = Net NFI-ODCE + 85 bps; 8% Hedge Funds = custom HFRI blend; 2% Opportunistic = market weight of underlying; 1% Commodities = S&P GSCI Total Return Index; 5% Risk Parity = market weight of underlying; 2% GTAA = market weight of underlying),Russell 3000 Index,"Custom benchmark: 55% MSCI World Index ex U.S. Standard, 10% MSCI World Index ex U.S. Small Cap, 31% MSCI Emerging Markets Standard, 4% MSCI Emerging Markets Small Cap",,"Market value weight of underlying sub-asset benchmarks, now including a dedicated 1% U.S. Treasury sleeve; Securitized Debt benchmark narrowed to the Non-Agency CMBS component of the Barclays U.S. Aggregate Index plus 200 bps",Net NFI-ODCE plus 85 basis points,State Street Private Equity Index (SSPEI),Custom benchmark using the HFRI single-strategy indices weighted per the target allocations in the Hedge Funds Policy,Commodities: S&P GSCI Total Return Index; Risk Parity and GTAA benchmarked to market value weight of underlying portfolio benchmarks,,,IPS,OhioPERS_InvPolStmt_February2015_85.pdf.pdf,/Kevin/RevolvingDoor/CAFR2024/85_Ohio PERS/OhioPERS_InvPolStmt_February2015_85.pdf.pdf,2015,,,High,,,,,,,,,,,,,,,,,,,,,,,,,,,,,single-pass-only,pilot-batch-1-sonnet,2026-09-22,
85,Ohio PERS,OH,2021,2018,2021,"DB Fund Custom Defined Benefit Benchmark = policy weight (reset quarterly) of underlying asset/sub-asset class benchmarks: 39% Public Equity (U.S. = Russell 3000 Index, target made static at 19% of total fund effective 4/1/2018; Non-U.S. = custom 55% MSCI World ex-U.S. Standard / 10% MSCI World ex-U.S. Small Cap / 31% MSCI Emerging Markets Standard / 4% MSCI Emerging Markets Small Cap, target made static at 20% of total fund effective 4/1/2018) + 23% Fixed Income (custom benchmark based on target weights of: 10.3% Core Fixed = Bloomberg Barclays U.S. Aggregate Index; 1% Core Plus = 65% Bloomberg Barclays U.S. Aggregate Index/35% Bloomberg Barclays VLI BB Index; 6% Emerging Markets Debt = 50% JPM EMBI Global/50% JPM GBI-EM Global Diversified; Floating Rate Debt = Credit Suisse Leveraged Loan Index; 1% Securitized Debt = 50% Bloomberg Barclays Non-Agency Investment Grade CMBS: BBB Total Return Index/50% Bloomberg Barclays Non-Agency CMBS Agg Eligible Total Return Index; 2% TIPS = Bloomberg Barclays U.S. TIPS Index; 1.7% High Yield = Bloomberg Barclays U.S. High Yield Index; 1% U.S. Treasury = Bloomberg Barclays U.S. Treasury Index) + 31% Alternatives (10% Private Equity = State Street Private Equity Index [SSPEI]; 10% Real Estate = Net NFI-ODCE + 85 bps; 8% Hedge Funds = custom HFRI blend per the Annual Investment Plan; 2% Opportunistic = market weight of underlying; 1% Commodities = S&P GSCI Total Return Index; 5% Risk Parity = HFR Risk Parity Vol 15 Institutional Index; 2% GTAA = market weight of underlying)","Russell 3000 Index (target allocation made static at 19% of total fund effective 4/1/2018, replacing the market-weight-floating U.S./Non-U.S. split used since 2009-2010)","Custom benchmark: 55% MSCI World Index ex U.S. Standard, 10% MSCI World Index ex U.S. Small Cap, 31% MSCI Emerging Markets Standard, 4% MSCI Emerging Markets Small Cap (target allocation made static at 20% of total fund effective 4/1/2018)",,"Custom benchmark based on target weights of underlying sub-asset benchmarks, including Bloomberg Barclays U.S. Aggregate Index (Core Fixed), a new Core Plus sleeve (65% Bloomberg Barclays U.S. Aggregate/35% Bloomberg Barclays VLI BB Index), a JPM Emerging Markets Debt blend, Credit Suisse Leveraged Loan Index, a reworked 50/50 Non-Agency CMBS Securitized Debt blend, and Bloomberg Barclays TIPS/High Yield/Treasury indices",Net NFI-ODCE plus 85 basis points,State Street Private Equity Index (SSPEI),Custom benchmark using the HFRI single-strategy indices weighted per the target allocations listed in the Annual Investment Plan,"Commodities: S&P GSCI Total Return Index; Risk Parity benchmarked to the HFR Risk Parity Vol 15 Institutional Index (newly adopted, replacing market-value weight of underlying); GTAA benchmarked to market value weight of underlying portfolio benchmarks",,,IPS,OhioPERS_InvPolStmt_March2018_85.pdf.pdf,/Kevin/RevolvingDoor/CAFR2024/85_Ohio PERS/OhioPERS_InvPolStmt_March2018_85.pdf.pdf,2018,,,Medium,,,,,,,,,,,,,,,,,,,,,,,,,,,,,single-pass-only,pilot-batch-1-sonnet,2026-09-22,
85,Ohio PERS,OH,2018,2018,2021,"DB Fund Custom Defined Benefit Benchmark = policy weight (reset quarterly) of underlying asset/sub-asset class benchmarks: 39% Public Equity (U.S. = Russell 3000 Index, target made static at 19% of total fund effective 4/1/2018; Non-U.S. = custom 55% MSCI World ex-U.S. Standard / 10% MSCI World ex-U.S. Small Cap / 31% MSCI Emerging Markets Standard / 4% MSCI Emerging Markets Small Cap, target made static at 20% of total fund effective 4/1/2018) + 23% Fixed Income (custom benchmark based on target weights of: 10.3% Core Fixed = Bloomberg Barclays U.S. Aggregate Index; 1% Core Plus = 65% Bloomberg Barclays U.S. Aggregate Index/35% Bloomberg Barclays VLI BB Index; 6% Emerging Markets Debt = 50% JPM EMBI Global/50% JPM GBI-EM Global Diversified; Floating Rate Debt = Credit Suisse Leveraged Loan Index; 1% Securitized Debt = 50% Bloomberg Barclays Non-Agency Investment Grade CMBS: BBB Total Return Index/50% Bloomberg Barclays Non-Agency CMBS Agg Eligible Total Return Index; 2% TIPS = Bloomberg Barclays U.S. TIPS Index; 1.7% High Yield = Bloomberg Barclays U.S. High Yield Index; 1% U.S. Treasury = Bloomberg Barclays U.S. Treasury Index) + 31% Alternatives (10% Private Equity = State Street Private Equity Index [SSPEI]; 10% Real Estate = Net NFI-ODCE + 85 bps; 8% Hedge Funds = custom HFRI blend per the Annual Investment Plan; 2% Opportunistic = market weight of underlying; 1% Commodities = S&P GSCI Total Return Index; 5% Risk Parity = HFR Risk Parity Vol 15 Institutional Index; 2% GTAA = market weight of underlying)","Russell 3000 Index (target allocation made static at 19% of total fund effective 4/1/2018, replacing the market-weight-floating U.S./Non-U.S. split used since 2009-2010)","Custom benchmark: 55% MSCI World Index ex U.S. Standard, 10% MSCI World Index ex U.S. Small Cap, 31% MSCI Emerging Markets Standard, 4% MSCI Emerging Markets Small Cap (target allocation made static at 20% of total fund effective 4/1/2018)",,"Custom benchmark based on target weights of underlying sub-asset benchmarks, including Bloomberg Barclays U.S. Aggregate Index (Core Fixed), a new Core Plus sleeve (65% Bloomberg Barclays U.S. Aggregate/35% Bloomberg Barclays VLI BB Index), a JPM Emerging Markets Debt blend, Credit Suisse Leveraged Loan Index, a reworked 50/50 Non-Agency CMBS Securitized Debt blend, and Bloomberg Barclays TIPS/High Yield/Treasury indices",Net NFI-ODCE plus 85 basis points,State Street Private Equity Index (SSPEI),Custom benchmark using the HFRI single-strategy indices weighted per the target allocations listed in the Annual Investment Plan,"Commodities: S&P GSCI Total Return Index; Risk Parity benchmarked to the HFR Risk Parity Vol 15 Institutional Index (newly adopted, replacing market-value weight of underlying); GTAA benchmarked to market value weight of underlying portfolio benchmarks",,,IPS,OhioPERS_InvPolStmt_March2018_85.pdf.pdf,/Kevin/RevolvingDoor/CAFR2024/85_Ohio PERS/OhioPERS_InvPolStmt_March2018_85.pdf.pdf,2018,,,Medium,,,,,,,,,,,,,,,,,,,,,,,,,,,,,single-pass-only,pilot-batch-1-sonnet,2026-09-22,
85,Ohio PERS,OH,2001,2001,2002,"Custom Policy Index = 47% Domestic Equity (Russell 3000 Stock Index, transitioning from S&P 1500/Russell 3000 Blend effective 2/1/2001 to Russell 3000 effective 12/1/2001) + 20% Global Bonds (Lehman Universal Index effective 12/1/2001, previously Lehman Aggregate/SSB BIG Index) + 23% International (MSCI All Country World Free Index ex-U.S.) + 9% Real Estate (Custom Real Estate Index) + 0.6% Private Equity (Russell 3000 + 300 bps effective 12/1/2001, previously S&P 500) + 0.4% Short-Term Investments (90-day U.S. Treasury Bill)",Russell 3000 Stock Index (effective 12/1/2001; S&P 1500/Russell 3000 Blend used 2/1/2001-11/30/2001),MSCI All Country World Free Index ex-U.S.,,Lehman Universal Index (effective 12/1/2001; Lehman Aggregate Index used earlier in 2001),"Custom Real Estate Index: 60% NCREIF Property Index + 20% Wilshire Real Estate Securities Index + 20% Giliberto-Levy Commercial Mortgage Performance Index, adjusted for fees",Russell 3000 Stock Index + 300 basis points (effective 12/1/2001; S&P 500 used earlier),,,90-day U.S. Treasury Bill,"Asset allocation targets per CAFR historical table: Domestic Equity 47%, Global Bonds 20%, International 23%, Real Estate 9%, Private Equity 0.6%, Short-Term 0.4% (identical for Full Year 2001 and Full Year 2002).",CAFR,OH_OH-OPERS_CAFR_2004_85.pdf.pdf,/Kevin/RevolvingDoor/CAFR2024/85_Ohio PERS/OH_OH-OPERS_CAFR_2004_85.pdf.pdf,2004,,,High,,,,,,,,,,,,,,,,,,,,,,,,,,,,,single-pass-only,pilot-batch-1-sonnet,2026-09-22,
85,Ohio PERS,OH,2007,2007,2007,"Defined Benefit Portfolio policy benchmark = 45.4% U.S. Equity (Russell 3000) + 0.1% Opportunistic (LIBOR, 2-month lag, + 4%) + 16.2% Universal Bond (Barclays Universal Index) + 8.6% Long-Duration Bond (Barclays U.S. Long Government/Credit Bond Index) + 20.0% Non-U.S. Equity (MSCI ACWI ex-U.S., net) + 6.2% Private Real Estate (NCREIF Property Index) + 1.0% REITS (DJ Wilshire RESI; full cap through 6/30/2007, adjusted cap from 7/1/2007) + 2.5% Private Equity (Russell 3000, quarter lag, + 300 bps) + 0.0% Cash",Russell 3000 Stock Index,MSCI ACWI ex-U.S. (net),,Barclays Universal Index (core sleeve) plus Barclays U.S. Long Government/Credit Bond Index (long-duration sleeve),"NCREIF Property Index plus DJ Wilshire Real Estate Securities Index REIT sleeve (full market cap through 6/30/2007, adjusted cap thereafter)",Russell 3000 Stock Index (quarter lag) + 300 basis points,Opportunistic sleeve: LIBOR (2-month lag) + 4%,,90-day U.S. Treasury Bill (target weight 0.0% for FY2007),,CAFR,OH_OH-OPERS_CAFR_2008_85.pdf.pdf,/Kevin/RevolvingDoor/CAFR2024/85_Ohio PERS/OH_OH-OPERS_CAFR_2008_85.pdf.pdf,2008,,,High,,,,,,,,,,,,,,,,,,,,,,,,,,,,,single-pass-only,pilot-batch-1-sonnet,2026-09-22,
85,Ohio PERS,OH,2004,2003,2004,Custom Policy Index = 46% Domestic Equity (Russell 3000 Stock Index) + 20% Global Bonds (Lehman Universal Index) + 23% International (MSCI All Country World Free Index ex-U.S.) + 9% Real Estate (Custom Real Estate Index) + 1% Private Equity (Russell 3000 + 300 bps) + 1% Short-Term Investments (90-day U.S. Treasury Bill),Russell 3000 Stock Index,MSCI All Country World Free Index ex-U.S.,,Lehman Universal Index,"Custom Real Estate Index: 60% NCREIF Property Index + 20% Wilshire Real Estate Securities Index + 20% Giliberto-Levy Commercial Mortgage Performance Index, adjusted for fees",Russell 3000 Stock Index + 300 basis points,,,90-day U.S. Treasury Bill,"Targets identical for Full Year 2003 and Full Year 2004: Domestic Equity 46%, Global Bonds 20%, International 23%, Real Estate 9%, Private Equity 1.0%, Short-Term 1.0%. FY2004 actual Total Portfolio return 12.50% (1-yr) vs. Custom Benchmark 12.38%.",CAFR,OH_OH-OPERS_CAFR_2004_85.pdf.pdf,/Kevin/RevolvingDoor/CAFR2024/85_Ohio PERS/OH_OH-OPERS_CAFR_2004_85.pdf.pdf,2004,,,High,,,,,,,,,,,,,,,,,,,,,,,,,,,,,single-pass-only,pilot-batch-1-sonnet,2026-09-22,
85,Ohio PERS,OH,2010,2010,2010,Policy benchmark = 25% U.S. Equity (Russell 3000 Stock Index) + 25% Non-U.S. Equity (MSCI All Country World Index ex-U.S.) + 2% Liquidity (91-day U.S. Treasury Bills) + 9% Core Fixed (Barclays U.S. Aggregate Bond Index) + 9% Long Bonds (Barclays U.S. Long Government/Credit Index) + 5% High Yield (Barclays U.S. High Yield Index) + 10% Private Equity (Russell 3000 Stock Index + 300 basis points) + 10% Real Estate (NCREIF Property Index) + 3% Hedge Funds/Opportunistic (3-month LIBOR + 4 percentage points) + 2% Infrastructure (CPI + 5 percentage points),Russell 3000 Stock Index,MSCI All Country World Index ex-U.S.,,"91-day U.S. Treasury Bills (Liquidity, 2%); Barclays U.S. Aggregate Bond Index (Core Fixed, 9%); Barclays U.S. Long Government/Credit Index (Long Bonds, 9%); Barclays U.S. High Yield Index (High Yield, 5%)",NCREIF Property Index,Russell 3000 Stock Index + 300 basis points,3-month LIBOR + 4 percentage points,Infrastructure: CPI + 5 percentage points,91-day U.S. Treasury Bills,Structure: 50% Public Equity / 25% Public Fixed Income / 25% Alternatives. U.S./Non-U.S. equity split was a fixed 25%/25% at this revision (not yet market-weight floating).,IPS,OhioPERS_InvPolStmt_November2009_85.pdf.pdf,/Kevin/RevolvingDoor/CAFR2024/85_Ohio PERS/OhioPERS_InvPolStmt_November2009_85.pdf.pdf,2009,,,High,,,,,,,,,,,,,,,,,,,,,,,,,,,,,single-pass-only,pilot-batch-1-sonnet,2026-09-22,
85,Ohio PERS,OH,2013,2013,2013,Policy benchmark = 42.5% Public Equity (U.S. = Russell 3000 Index; Non-U.S. = custom 55% MSCI World ex-U.S. Standard / 10% MSCI World ex-U.S. Small Cap / 31% MSCI Emerging Markets Standard / 4% MSCI Emerging Markets Small Cap) + 24.5% Fixed Income (10% Core Fixed = custom Barclays Capital Aggregate Index weighting capped at 25% Treasuries/gov't-related; 3% Emerging Markets Debt = 50% JPM EMBI Global/50% JPM GBI-EM Global Diversified; 1% Floating Rate Debt = Credit Suisse Leveraged Loan Index; 1% Securitized Debt = CMBS component of Barclays U.S. Aggregate Index + 200 bps; 1% TIPS = Barclays U.S. TIPS Index; 5% High Yield = Barclays U.S. High Yield Index; 1.5% Global High Yield = Barclays Global High Yield Index; 2% Liquidity = Merrill Lynch 3-month U.S. Treasury Bill Index) + 29% Alternatives (10% Private Equity = 60% Russell 3000 Index/40% MSCI ACWI ex U.S. IMI + 300 bps; 10% Real Estate = Net NFI-ODCE + 85 bps; 6% Hedge Funds = minimum of 700 bps or 3-month LIBOR + 400 bps; 2% Opportunistic = market weight of underlying; 1% Commodities = S&P GSCI Total Return Index; 2% Risk Parity = market weight of underlying; 2% GTAA = market weight of underlying),Russell 3000 Index,"Custom benchmark: 55% MSCI World Index ex U.S. Standard, 10% MSCI World Index ex U.S. Small Cap, 31% MSCI Emerging Markets Standard, 4% MSCI Emerging Markets Small Cap",,Market value weight of underlying sub-asset benchmarks: Core Fixed = custom Barclays Capital Aggregate Index weighting (max 25% Treasuries/gov't-related); Emerging Markets Debt = 50% JPM EMBI Global/50% JPM GBI-EM Global Diversified; Floating Rate Debt = Credit Suisse Leveraged Loan Index; Securitized Debt = CMBS component of Barclays U.S. Aggregate Index + 200 bps; TIPS = Barclays U.S. TIPS Index; High Yield = Barclays U.S. High Yield Index; Global High Yield = Barclays Global High Yield Index; Liquidity = Merrill Lynch 3-month U.S. Treasury Bill Index,Net NFI-ODCE plus 85 basis points,60% Russell 3000 Index and 40% MSCI ACWI ex U.S. IMI plus 300 basis points,Minimum of 700 basis points or 3-month LIBOR + 400 basis points,Commodities: Standard & Poor's-Goldman Sachs Commodity Index Total Return; Risk Parity and GTAA sleeves benchmarked to market value weight of underlying portfolio benchmarks,Merrill Lynch 3-month U.S. Treasury Bill Index (Liquidity sleeve),,IPS,OhioPERS_InvPolStmt_2013_85.pdf.pdf,/Kevin/RevolvingDoor/CAFR2024/85_Ohio PERS/OhioPERS_InvPolStmt_2013_85.pdf.pdf,2013,,,High,,,,,,,,,,,,,,,,,,,,,,,,,,,,,single-pass-only,pilot-batch-1-sonnet,2026-09-22,
85,Ohio PERS,OH,2019,2018,2021,"DB Fund Custom Defined Benefit Benchmark = policy weight (reset quarterly) of underlying asset/sub-asset class benchmarks: 39% Public Equity (U.S. = Russell 3000 Index, target made static at 19% of total fund effective 4/1/2018; Non-U.S. = custom 55% MSCI World ex-U.S. Standard / 10% MSCI World ex-U.S. Small Cap / 31% MSCI Emerging Markets Standard / 4% MSCI Emerging Markets Small Cap, target made static at 20% of total fund effective 4/1/2018) + 23% Fixed Income (custom benchmark based on target weights of: 10.3% Core Fixed = Bloomberg Barclays U.S. Aggregate Index; 1% Core Plus = 65% Bloomberg Barclays U.S. Aggregate Index/35% Bloomberg Barclays VLI BB Index; 6% Emerging Markets Debt = 50% JPM EMBI Global/50% JPM GBI-EM Global Diversified; Floating Rate Debt = Credit Suisse Leveraged Loan Index; 1% Securitized Debt = 50% Bloomberg Barclays Non-Agency Investment Grade CMBS: BBB Total Return Index/50% Bloomberg Barclays Non-Agency CMBS Agg Eligible Total Return Index; 2% TIPS = Bloomberg Barclays U.S. TIPS Index; 1.7% High Yield = Bloomberg Barclays U.S. High Yield Index; 1% U.S. Treasury = Bloomberg Barclays U.S. Treasury Index) + 31% Alternatives (10% Private Equity = State Street Private Equity Index [SSPEI]; 10% Real Estate = Net NFI-ODCE + 85 bps; 8% Hedge Funds = custom HFRI blend per the Annual Investment Plan; 2% Opportunistic = market weight of underlying; 1% Commodities = S&P GSCI Total Return Index; 5% Risk Parity = HFR Risk Parity Vol 15 Institutional Index; 2% GTAA = market weight of underlying)","Russell 3000 Index (target allocation made static at 19% of total fund effective 4/1/2018, replacing the market-weight-floating U.S./Non-U.S. split used since 2009-2010)","Custom benchmark: 55% MSCI World Index ex U.S. Standard, 10% MSCI World Index ex U.S. Small Cap, 31% MSCI Emerging Markets Standard, 4% MSCI Emerging Markets Small Cap (target allocation made static at 20% of total fund effective 4/1/2018)",,"Custom benchmark based on target weights of underlying sub-asset benchmarks, including Bloomberg Barclays U.S. Aggregate Index (Core Fixed), a new Core Plus sleeve (65% Bloomberg Barclays U.S. Aggregate/35% Bloomberg Barclays VLI BB Index), a JPM Emerging Markets Debt blend, Credit Suisse Leveraged Loan Index, a reworked 50/50 Non-Agency CMBS Securitized Debt blend, and Bloomberg Barclays TIPS/High Yield/Treasury indices",Net NFI-ODCE plus 85 basis points,State Street Private Equity Index (SSPEI),Custom benchmark using the HFRI single-strategy indices weighted per the target allocations listed in the Annual Investment Plan,"Commodities: S&P GSCI Total Return Index; Risk Parity benchmarked to the HFR Risk Parity Vol 15 Institutional Index (newly adopted, replacing market-value weight of underlying); GTAA benchmarked to market value weight of underlying portfolio benchmarks",,,IPS,OhioPERS_InvPolStmt_March2018_85.pdf.pdf,/Kevin/RevolvingDoor/CAFR2024/85_Ohio PERS/OhioPERS_InvPolStmt_March2018_85.pdf.pdf,2018,,,Medium,,,,,,,,,,,,,,,,,,,,,,,,,,,,,single-pass-only,pilot-batch-1-sonnet,2026-09-22,
85,Ohio PERS,OH,2016,2016,2016,Policy benchmark = 39% Public Equity (U.S. = Russell 3000 Index; Non-U.S. = custom 55% MSCI World ex-U.S. Standard / 10% MSCI World ex-U.S. Small Cap / 31% MSCI Emerging Markets Standard / 4% MSCI Emerging Markets Small Cap) + 23% Fixed Income (market value weight of: 10% Core Fixed = Barclays Capital Aggregate Index; 6% Emerging Markets Debt = 50% JPM EMBI Global/50% JPM GBI-EM Global Diversified; Floating Rate Debt = Credit Suisse Leveraged Loan Index; 1% Securitized Debt = Non-Agency CMBS component of Barclays U.S. Aggregate Index + 200 bps; 1% TIPS = Barclays U.S. TIPS Index; 3% High Yield = Barclays U.S. High Yield Index; 1% Global High Yield = Barclays Global High Yield Index; 1% U.S. Treasury = Barclays U.S. Treasury Index) + 31% Alternatives (10% Private Equity = SSPEI; 10% Real Estate = Net NFI-ODCE + 85 bps; 8% Hedge Funds = custom HFRI blend per the Annual Investment Plan; 2% Opportunistic = market weight of underlying; 1% Commodities = S&P GSCI Total Return Index; 5% Risk Parity = market weight of underlying; 2% GTAA = market weight of underlying),Russell 3000 Index,"Custom benchmark: 55% MSCI World Index ex U.S. Standard, 10% MSCI World Index ex U.S. Small Cap, 31% MSCI Emerging Markets Standard, 4% MSCI Emerging Markets Small Cap",,Market value weight of underlying sub-asset benchmarks: Core Fixed = Barclays Capital Aggregate Index (custom weighting variant dropped); Emerging Markets Debt = 50% JPM EMBI Global/50% JPM GBI-EM Global Diversified; Floating Rate Debt = Credit Suisse Leveraged Loan Index; Securitized Debt = Non-Agency CMBS component of Barclays U.S. Aggregate Index + 200 bps; TIPS = Barclays U.S. TIPS Index; High Yield = Barclays U.S. High Yield Index; Global High Yield = Barclays Global High Yield Index; U.S. Treasury = Barclays U.S. Treasury Index,Net NFI-ODCE plus 85 basis points,State Street Private Equity Index (SSPEI),Custom benchmark using the HFRI single-strategy indices weighted per the target allocations listed in the Annual Investment Plan,Commodities: S&P GSCI Total Return Index; Risk Parity and GTAA benchmarked to market value weight of underlying portfolio benchmarks,,,IPS,OhioPERS_InvPolStmt_January2016_85.pdf.pdf,/Kevin/RevolvingDoor/CAFR2024/85_Ohio PERS/OhioPERS_InvPolStmt_January2016_85.pdf.pdf,2016,,,High,,,,,,,,,,,,,,,,,,,,,,,,,,,,,single-pass-only,pilot-batch-1-sonnet,2026-09-22,
85,Ohio PERS,OH,2005,2005,2005,"Defined Benefit Portfolio policy benchmark = 46.1% U.S. Equity (Russell 3000) + 25.9% Universal Bond (Barclays/Lehman Universal Index) + 20.0% Non-U.S. Equity (MSCI ACWI ex-U.S., net) + 6.1% Private Real Estate (NCREIF Property Index, less 100 bps annual fee deduction) + 0.9% Private Equity (Russell 3000, quarter lag, + 300 bps) + 1.0% Cash Equivalents (90-day U.S. Treasury Bill)",Russell 3000 Stock Index,MSCI ACWI ex-U.S. (net),,Barclays (Lehman) Universal Index,NCREIF Property Index (100 basis points deducted annually prior to 1/1/2006),Russell 3000 Stock Index (quarter lag) + 300 basis points,,,90-day U.S. Treasury Bill,"2005 was the first year OPERS reported its Health Care assets as a separate portfolio from the Defined Benefit portfolio; figures here are the DB (pension) portfolio only. No Opportunistic, REITS or Long-Duration Bond sleeves existed yet.",CAFR,OH_OH-OPERS_CAFR_2008_85.pdf.pdf,/Kevin/RevolvingDoor/CAFR2024/85_Ohio PERS/OH_OH-OPERS_CAFR_2008_85.pdf.pdf,2008,,,High,,,,,,,,,,,,,,,,,,,,,,,,,,,,,single-pass-only,pilot-batch-1-sonnet,2026-09-22,
85,Ohio PERS,OH,2002,2001,2002,"Custom Policy Index = 47% Domestic Equity (Russell 3000 Stock Index, transitioning from S&P 1500/Russell 3000 Blend effective 2/1/2001 to Russell 3000 effective 12/1/2001) + 20% Global Bonds (Lehman Universal Index effective 12/1/2001, previously Lehman Aggregate/SSB BIG Index) + 23% International (MSCI All Country World Free Index ex-U.S.) + 9% Real Estate (Custom Real Estate Index) + 0.6% Private Equity (Russell 3000 + 300 bps effective 12/1/2001, previously S&P 500) + 0.4% Short-Term Investments (90-day U.S. Treasury Bill)",Russell 3000 Stock Index (effective 12/1/2001; S&P 1500/Russell 3000 Blend used 2/1/2001-11/30/2001),MSCI All Country World Free Index ex-U.S.,,Lehman Universal Index (effective 12/1/2001; Lehman Aggregate Index used earlier in 2001),"Custom Real Estate Index: 60% NCREIF Property Index + 20% Wilshire Real Estate Securities Index + 20% Giliberto-Levy Commercial Mortgage Performance Index, adjusted for fees",Russell 3000 Stock Index + 300 basis points (effective 12/1/2001; S&P 500 used earlier),,,90-day U.S. Treasury Bill,"Asset allocation targets per CAFR historical table: Domestic Equity 47%, Global Bonds 20%, International 23%, Real Estate 9%, Private Equity 0.6%, Short-Term 0.4% (identical for Full Year 2001 and Full Year 2002).",CAFR,OH_OH-OPERS_CAFR_2004_85.pdf.pdf,/Kevin/RevolvingDoor/CAFR2024/85_Ohio PERS/OH_OH-OPERS_CAFR_2004_85.pdf.pdf,2004,,,High,,,,,,,,,,,,,,,,,,,,,,,,,,,,,single-pass-only,pilot-batch-1-sonnet,2026-09-22,
85,Ohio PERS,OH,2008,2008,2009,"Defined Benefit Portfolio policy benchmark = 43.4% U.S. Equity (Russell 3000) + 0.2% Opportunistic (LIBOR, 2-month lag, + 4%) + 14.4% Universal Bond (Barclays Universal Index) + 9.6% Long-Duration Bond (Barclays U.S. Long Government/Credit Bond Index) + 20.0% Non-U.S. Equity (MSCI ACWI ex-U.S., net) + 7.0% Private Real Estate (NCREIF Property Index, quarter lag) + 1.0% REITS (DJ Wilshire RESI, adjusted cap) + 4.4% Private Equity (Russell 3000, quarter lag, + 300 bps) + 0.0% Cash. DB Portfolio return -27.15% vs. policy benchmark -27.06% for 2008.",Russell 3000 Stock Index,MSCI ACWI ex-U.S. (net),,Barclays Universal Index (core sleeve) plus Barclays U.S. Long Government/Credit Bond Index (long-duration sleeve),NCREIF Property Index (quarter lag) plus DJ Wilshire Real Estate Securities Index REIT sleeve (adjusted cap),Russell 3000 Stock Index (quarter lag) + 300 basis points,Opportunistic sleeve: LIBOR (2-month lag) + 4%,,90-day U.S. Treasury Bill,,CAFR,OH_OH-OPERS_CAFR_2008_85.pdf.pdf,/Kevin/RevolvingDoor/CAFR2024/85_Ohio PERS/OH_OH-OPERS_CAFR_2008_85.pdf.pdf,2008,,,Medium,,,,,,,,,,,,,,,,,,,,,,,,,,,,,single-pass-only,pilot-batch-1-sonnet,2026-09-22,
85,Ohio PERS,OH,2014,2014,2014,Policy benchmark = 39% Public Equity (U.S. = Russell 3000 Index; Non-U.S. = custom 55% MSCI World ex-U.S. Standard / 10% MSCI World ex-U.S. Small Cap / 31% MSCI Emerging Markets Standard / 4% MSCI Emerging Markets Small Cap) + 23% Fixed Income (market value weight of: 10% Core Fixed = custom weight of Barclays Capital Aggregate Index variants; 6% Emerging Markets Debt = 50% JPM EMBI Global/50% JPM GBI-EM Global Diversified; 1% Floating Rate Debt = Credit Suisse Leveraged Loan Index; 1% Securitized Debt = CMBS component of Barclays U.S. Aggregate Index + 200 bps; 1% TIPS = Barclays U.S. TIPS Index; 3% High Yield = Barclays U.S. High Yield Index; 1% Global High Yield = Barclays Global High Yield Index) + 31% Alternatives (10% Private Equity = 60% Russell 3000/40% MSCI ACWI ex-U.S. IMI + 300 bps; 10% Real Estate = Net NFI-ODCE + 85 bps; 8% Hedge Funds = custom HFRI single-strategy blend per the Hedge Funds Policy; 2% Opportunistic = market weight of underlying; 1% Commodities = S&P GSCI Total Return Index; 5% Risk Parity = market weight of underlying; 2% GTAA = market weight of underlying),Russell 3000 Index,"Custom benchmark: 55% MSCI World Index ex U.S. Standard, 10% MSCI World Index ex U.S. Small Cap, 31% MSCI Emerging Markets Standard, 4% MSCI Emerging Markets Small Cap",,"Market value weight of underlying sub-asset benchmarks, including a custom Barclays Capital Aggregate-based Core Fixed benchmark, a JPM Emerging Markets Debt blend, Credit Suisse Leveraged Loan Index, and Barclays TIPS/High Yield/Global High Yield indices",Net NFI-ODCE plus 85 basis points,60% Russell 3000 Index and 40% MSCI ACWI ex U.S. IMI plus 300 basis points,Custom benchmark using the HFRI single-strategy indices weighted per the target allocations in the Hedge Funds Policy,Commodities: S&P GSCI Total Return Index; Risk Parity and GTAA benchmarked to market value weight of underlying portfolio benchmarks,,,IPS,OhioPERS_InvPolStmt_February2014_85.pdf.pdf,/Kevin/RevolvingDoor/CAFR2024/85_Ohio PERS/OhioPERS_InvPolStmt_February2014_85.pdf.pdf,2014,,,High,,,,,,,,,,,,,,,,,,,,,,,,,,,,,single-pass-only,pilot-batch-1-sonnet,2026-09-22,
85,Ohio PERS,OH,2011,2011,2011,"Policy benchmark = 50% Public Equity (U.S. = Russell 3000 Stock Index; Non-U.S. = MSCI All Country World Index ex-U.S. IMI, transitioning during 2011 to a custom 65% MSCI ACWI ex-U.S. IMI / 35% MSCI Emerging Markets Index; U.S./Non-U.S. split reset quarterly to market weight of the MSCI ACWI IMI) + 25% Public Fixed Income (2% Liquidity = 91-day U.S. Treasury Bills; 18% Core Fixed = Barclays U.S. Aggregate Bond Index; 5% High Yield = Barclays U.S. High Yield Index) + 25% Alternatives (10% Private Equity/Infrastructure = Russell 3000 + 300 bps; 10% Real Estate = NCREIF Property Index; 3% Hedge Funds = 3-month LIBOR + 400 bps; 2% Opportunistic = market weight of underlying portfolio benchmarks)",Russell 3000 Stock Index,"MSCI All Country World Index ex-U.S. IMI, transitioning during 2011 to a custom 65% MSCI ACWI ex-U.S. IMI / 35% MSCI Emerging Markets Index",,"91-day U.S. Treasury Bills (Liquidity, 2%); Barclays U.S. Aggregate Bond Index (Core Fixed, 18%); Barclays U.S. High Yield Index (High Yield, 5%)",NCREIF Property Index,Russell 3000 Stock Index + 300 basis points (combined Private Equity/Infrastructure sleeve),3-month LIBOR + 400 basis points,,91-day U.S. Treasury Bills,Opportunistic sleeve (2%) benchmarked to market weight of underlying portfolio benchmarks.,IPS,OhioPERS_InvPolStmt_December2010_85.pdf.pdf,/Kevin/RevolvingDoor/CAFR2024/85_Ohio PERS/OhioPERS_InvPolStmt_December2010_85.pdf.pdf,2010,,,High,,,,,,,,,,,,,,,,,,,,,,,,,,,,,single-pass-only,pilot-batch-1-sonnet,2026-09-22,
85,Ohio PERS,OH,2017,2017,2017,Policy benchmark = 39% Public Equity (U.S. = Russell 3000 Index; Non-U.S. = custom 55% MSCI World ex-U.S. Standard / 10% MSCI World ex-U.S. Small Cap / 31% MSCI Emerging Markets Standard / 4% MSCI Emerging Markets Small Cap) + 23% Fixed Income (custom benchmark based on target weights of: 9% Core Fixed = Bloomberg Barclays U.S. Aggregate Index; 7% Emerging Markets Debt = 50% JPM EMBI Global/50% JPM GBI-EM Global Diversified; Floating Rate Debt = Credit Suisse Leveraged Loan Index; 1% Securitized Debt = Non-Agency CMBS component of Bloomberg Barclays U.S. Aggregate Index + 200 bps; 2% TIPS = Bloomberg Barclays U.S. TIPS Index; 3% High Yield = Bloomberg Barclays U.S. High Yield Index; 1% U.S. Treasury = Bloomberg Barclays U.S. Treasury Index) + 31% Alternatives (10% Private Equity = SSPEI; 10% Real Estate = Net NFI-ODCE + 85 bps; 8% Hedge Funds = custom HFRI blend per the Annual Investment Plan; 2% Opportunistic = market weight of underlying; 1% Commodities = S&P GSCI Total Return Index; 5% Risk Parity = market weight of underlying; 2% GTAA = market weight of underlying),Russell 3000 Index,"Custom benchmark: 55% MSCI World Index ex U.S. Standard, 10% MSCI World Index ex U.S. Small Cap, 31% MSCI Emerging Markets Standard, 4% MSCI Emerging Markets Small Cap",,Custom benchmark based on target weights of underlying sub-asset benchmarks: Core Fixed = Bloomberg Barclays U.S. Aggregate Index; Emerging Markets Debt = 50% JPM EMBI Global/50% JPM GBI-EM Global Diversified; Floating Rate Debt = Credit Suisse Leveraged Loan Index; Securitized Debt = Non-Agency CMBS component of Bloomberg Barclays U.S. Aggregate Index + 200 bps; TIPS = Bloomberg Barclays U.S. TIPS Index; High Yield = Bloomberg Barclays U.S. High Yield Index; U.S. Treasury = Bloomberg Barclays U.S. Treasury Index,Net NFI-ODCE plus 85 basis points,State Street Private Equity Index (SSPEI),Custom benchmark using the HFRI single-strategy indices weighted per the target allocations listed in the Annual Investment Plan,Commodities: S&P GSCI Total Return Index; Risk Parity and GTAA benchmarked to market value weight of underlying portfolio benchmarks,,,IPS,OhioPERS_InvPolStmt_February2017_85.pdf.pdf,/Kevin/RevolvingDoor/CAFR2024/85_Ohio PERS/OhioPERS_InvPolStmt_February2017_85.pdf.pdf,2017,,,High,,,,,,,,,,,,,,,,,,,,,,,,,,,,,single-pass-only,pilot-batch-1-sonnet,2026-09-22,
108,Texas Teachers,TX,2016,2015,2016,"Target-weighted blend per the TRS Investment Policy Statement adopted 9/18/2014, effective 10/1/2014. Global Equity (57% target): USA - MSCI USA Investible Market, 18% target (13-23% range); Non-US Developed - MSCI EAFE and Canada, 13% target (8-18% range); Emerging Markets - MSCI EM, 9% target (4-14% range); Directional Hedge Funds - HFRI Fund of Funds Composite, 4% target (0-10% range); Private Equity - Customized State Street Private Equity Index (SSPEI), 1-quarter lagged, 13% target (8-18% range). Stable Value (16% target): US Treasuries - Barclays Capital (BarCap) Long Treasury Index, 11% target (0-20% range); Absolute Return - 3-month LIBOR + 2%, 0% target (0-20% range); Stable Value Hedge Funds - HFRI Fund of Funds Conservative, 4% target (0-10% range); Cash - Citigroup 90-day US Treasury, 1% target (0-5% range). Real Return (22% target): Global Inflation Linked Bonds - BarCap US Treasury TIPS Index, 3% target (0-8% range); Real Assets - NCREIF ODCE, 1-quarter lagged, 16% target (11-21% range); Energy and Natural Resources - 75% Cambridge Associates Natural Resources Index / 25% quarterly CPI, 1-quarter lagged, 3% target (0-8% range); Commodities - Goldman Sachs Commodity Index, 0% target (0-5% range). Risk Parity - Risk Parity Benchmark (a composite of risk-parity managers), 5% target (0-10% range, becoming a fixed 5% weight commencing 10/1/2016). TOTAL FUND = Target-weighted Blend, 100%.","MSCI USA Investible Market (target 18%, range 13-23%)","MSCI EAFE and Canada (Non-US Developed, target 13%) and MSCI EM (Emerging Markets, target 9%)",,"Barclays Capital (BarCap) Long Treasury Index (US Treasuries, target 11%); BarCap US Treasury TIPS Index (Global Inflation Linked Bonds, target 3%)","NCREIF ODCE (Open-End Diversified Core Equity), 1-quarter lagged (Real Assets, target 16%, range 11-21%)","Customized State Street Private Equity Index (SSPEI), 1-quarter lagged (target 13%)",Directional Hedge Funds - HFRI Fund of Funds Composite (target 4%); Stable Value Hedge Funds - HFRI Fund of Funds Conservative (target 4%); Absolute Return - 3-month LIBOR + 2% (target 0%),"Energy and Natural Resources: 75% Cambridge Associates Natural Resources Index / 25% quarterly CPI, 1-quarter lagged (target 3%); Commodities: Goldman Sachs Commodity Index (target 0%)",Citigroup 90-day US Treasury (target 1%),"Risk Parity is a distinct top-level sleeve (target 5%) benchmarked to a custom Risk Parity Benchmark computed from a group of risk-parity managers, not folded into Global Equity or Stable Value.",IPS,TX_TRS_InvPolStmt_2014_108.pdf.pdf,/Kevin/RevolvingDoor/CAFR2024/108_Texas Teachers/TX_TRS_InvPolStmt_2014_108.pdf.pdf,2014,,,High,,,,,,,,,,,,,,,,,,,,,,,,,,,,,single-pass-only,pilot-batch-1-sonnet,2026-09-22,
108,Texas Teachers,TX,2005,2005,2007,"42% S&P 500 / 7.5% S&P 400 / 3% S&P 600 / 13% MSCI ACWI Free ex-US / 28.5% LB Aggregate / 1% SB High Yield Market Index / 3% Private Equity Composite / 1.5% Absolute Return Composite / 0.5% 91-day T-Bill, in effect through 1/2005; then, effective approximately 2/2005: 50% Total Domestic Equity Composite / 13.4% MSCI ACWI ex-US / 28.35% LB Aggregate / 2.06% Citigroup High Yield Index / 4.12% Private Equity Composite (3 years at 0, then Russell 2000 + 500 bps) / 1.55% Absolute Return Composite (70% 3-month LIBOR / 30% S&P 500) / 0.52% 91-day T-Bill, in effect through 9/2007.","Domestic Equity Composite: 76.29% S&P 500 / 15.46% S&P 400 / 8.25% S&P 600 (index established 1/1999, unchanged through this period)",MSCI ACWI Free ex-US,,99.6% LB Aggregate / 0.4% SB High Yield Market Index through 1/2005; 93.22% LB Aggregate / 6.78% Citigroup High Yield Index through 3/2006; LB Universal thereafter through 9/2007,NCREIF Property Index (1-quarter lag) + 200 bps (index established 4/2006; first real-estate fund investment made 2/2006),"3 years at 0%, then Russell 2000 + 500 bps",70% 3-month LIBOR / 30% S&P 500,,91-day Treasury Bill / Citigroup 90-day US Treasury,,CAFR,TX_TX-TRS_CAFR_2006_108.pdf.pdf,/Kevin/RevolvingDoor/CAFR2024/108_Texas Teachers/TX_TX-TRS_CAFR_2006_108.pdf.pdf,2006,,,High,,,,,,,,,,,,,,,,,,,,,,,,,,,,,single-pass-only,pilot-batch-1-sonnet,2026-09-22,
108,Texas Teachers,TX,2002,2001,2004,"42% S&P 500 / 7.5% S&P 400 / 3% S&P 600 / 13% MSCI ACWI Free ex-US / 28.5% Salomon Brothers (SB) Large Pension Fund Index / 1% SB High Yield Market Index / 3% Private Equity Composite (3 years at 0%, then Russell 2000 + 500 bps) / 1.5% Absolute Return Composite (6-Month T-Bill + 300 bps through 3/2003, then 70% 3-month LIBOR / 30% S&P 500) / 0.5% 91-day T-Bill, in effect through 6/2004; from 7/2004 through 1/2005 an identical-weight formula substituted the Lehman Brothers (LB) Aggregate for the SB Large Pension Fund Index name only.",Domestic Equity Composite (index established 1/1999): 42% S&P 500 / 6% S&P 400 / 2% S&P 600 / 50% S&P 1500 through 6/2000; 80% S&P 500 / 14.29% S&P 400 / 5.71% S&P 600 through 6/2004,85% MSCI EAFE ex-Japan / 15% Japan through 12/1999; MSCI EAFE through 6/2000; MSCI ACWI Free ex-US thereafter,,LB Aggregate through 12/1995; Salomon Brothers (SB) Large Pension Fund Index through 12/2002; 99.6% SB Large Pension Fund Index / 0.4% SB High Yield Market Index through 6/2004,,"3 years at 0%, then Russell 2000 + 500 bps",6-Month T-Bill + 300 bps through 3/2003; then 70% 3-month LIBOR / 30% S&P 500,,91-day Treasury Bill,"TRS had no dedicated real estate or commodities program during this period; the trust was organized simply into Equities, Fixed Income, Alternative Assets and Short-Term per the FY2001 CAFR asset-allocation table.",CAFR,TX_TX-TRS_CAFR_2006_108.pdf.pdf,/Kevin/RevolvingDoor/CAFR2024/108_Texas Teachers/TX_TX-TRS_CAFR_2006_108.pdf.pdf,2006,,,High,,,,,,,,,,,,,,,,,,,,,,,,,,,,,single-pass-only,pilot-batch-1-sonnet,2026-09-22,
108,Texas Teachers,TX,2008,2008,2008,"15% Russell 1000 Growth / 15% Russell 1000 Value / 5% Russell 2000 / 15% MSCI EAFE + Canada / 5% MSCI EM / 5% Russell 3000 + 5% / 10% Lehman Long Treasuries / 4% 3-month LIBOR + 2% / 5% Lehman Intermediate Gov-Credit / 1% Citigroup 90-day US Treasury / 10% Lehman Global Inflation Linked Bonds / 4% Real Estate Composite / 1% US Core CPI + 5% / 3% Goldman Sachs Commodity Index / 2% NAREIT, effective 10/1/2007 through 9/2008.",15% Russell 1000 Growth / 15% Russell 1000 Value / 5% Russell 2000,15% MSCI EAFE + Canada / 5% MSCI EM,,10% Lehman Long Treasuries / 5% Lehman Intermediate Gov-Credit / 10% Lehman Global Inflation Linked Bonds,Real Estate Composite Index (80% Real Estate Composite Index / 20% US Core CPI + 5% during this fiscal year),Russell 3000 + 500 bps,3-month LIBOR + 2%,3% Goldman Sachs Commodity Index; 2% NAREIT Index; 1% US Core CPI + 5%,Citigroup 90-day US Treasury,,CAFR,TX_TX-TRS_CAFR_2012_108.pdf.pdf,/Kevin/RevolvingDoor/CAFR2024/108_Texas Teachers/TX_TX-TRS_CAFR_2012_108.pdf.pdf,2012,,,High,,,,,,,,,,,,,,,,,,,,,,,,,,,,,single-pass-only,pilot-batch-1-sonnet,2026-09-22,
108,Texas Teachers,TX,2011,2011,2011,"5% MSCI Small Cap / 20% MSCI USA / 15% MSCI EAFE + Canada / 10% MSCI EM / 15% BC Long Treasuries / 4% 3-month LIBOR + 2% / 1% Citigroup 90-day US Treasury / 8% BC US TIPS / 2% MSCI US REIT / 10% SSPEI, 1-quarter lagged / 2% Goldman Sachs Commodity Index / 8% NCREIF Open Ended (ODCE) fund, lagged, effective 10/1/2010 through 9/2011.",5% MSCI Small Cap / 20% MSCI USA,15% MSCI EAFE + Canada / 10% MSCI EM,,15% BC Long Treasuries / 8% BC US TIPS,"NCREIF Open Ended (ODCE) fund, lagged","SSPEI (State Street Private Equity Index), 1-quarter lagged",3-month LIBOR + 2%,2% Goldman Sachs Commodity Index; 2% MSCI US REIT,Citigroup 90-day US Treasury,,CAFR,TX_TX-TRS_CAFR_2011_108.pdf.pdf,/Kevin/RevolvingDoor/CAFR2024/108_Texas Teachers/TX_TX-TRS_CAFR_2011_108.pdf.pdf,2011,,,High,,,,,,,,,,,,,,,,,,,,,,,,,,,,,single-pass-only,pilot-batch-1-sonnet,2026-09-22,
108,Texas Teachers,TX,2017,2017,2018,"Target-weighted blend per the TRS Investment Policy Statement adopted 9/23/2016, effective 10/1/2016. Same overall Global Equity / Stable Value / Real Return / Risk Parity structure as the 10/1/2014 IPS, with two changes: Real Return (22% target) now allocates Global Inflation Linked Bonds (BarCap US TIPS) 3%, Real Assets (NCREIF ODCE, 1-quarter lagged) reduced to 14% target (9-19% range, down from 16%/11-21%), Energy Natural Resources and Infrastructure expanded to 40% Cambridge Associates Natural Resources / 40% Cambridge Associates Infrastructure / 20% quarterly CPI, 1-quarter lagged, 5% target (up from 3%); and Risk Parity (Risk Parity Benchmark) is now a fixed 5% target rather than a floating weight. TOTAL FUND = Target-weighted Blend, 100%.","MSCI USA Investible Market (target 18%, range 13-23%)","MSCI EAFE and Canada (Non-US Developed, target 13%) and MSCI EM (Emerging Markets, target 9%)",,"Barclays Capital (BarCap) Long Treasury Index (US Treasuries, target 11%); BarCap US Treasury TIPS Index (Global Inflation Linked Bonds, target 3%)","NCREIF ODCE (Open-End Diversified Core Equity), 1-quarter lagged (Real Assets, target 14%, range 9-19%)","Customized State Street Private Equity Index (SSPEI), 1-quarter lagged (target 13%)",Directional Hedge Funds - HFRI Fund of Funds Composite (target 4%); Stable Value Hedge Funds - HFRI Fund of Funds Conservative (target 4%); Absolute Return - 3-month LIBOR + 2% (target 0%),"Energy, Natural Resources and Infrastructure: 40% Cambridge Associates Natural Resources Index / 40% Cambridge Associates Infrastructure Index / 20% quarterly CPI, 1-quarter lagged (target 5%); Commodities: Goldman Sachs Commodity Index (target 0%)",Citigroup 90-day US Treasury (target 1%),"Risk Parity remains a distinct top-level sleeve, now with a fixed 5% target, benchmarked to the Risk Parity Benchmark (a composite of risk-parity managers).",IPS,TX_TRS_InvPolStmt_2016_108.pdf.pdf,/Kevin/RevolvingDoor/CAFR2024/108_Texas Teachers/TX_TRS_InvPolStmt_2016_108.pdf.pdf,2016,,,High,,,,,,,,,,,,,,,,,,,,,,,,,,,,,single-pass-only,pilot-batch-1-sonnet,2026-09-22,
108,Texas Teachers,TX,2014,2012,2014,"2% MSCI Small Cap / 18% MSCI USA / 15% MSCI EAFE + Canada / 10% MSCI EM / 13% BC Long Treasuries / 4% HFRI FOF: Conservative Index / 5% HFRI Fund of Funds Composite / 1% Citigroup 90-day US Treasury / 5% BC US TIPS / 2% MSCI US REIT / 12% SSPEI, 1-quarter lagged / 13% NCREIF Open Ended (ODCE) fund, lagged, effective 10/1/2011 (part of a Board-approved change increasing the Global Equity policy target from 60% to 62% and decreasing Stable Value from 20% to 18%, and adding a Directional Hedge Fund allocation per Texas Legislature authorization). Remained in effect through fiscal year 2014, superseded by the Investment Policy Statement effective 10/1/2014.",2% MSCI Small Cap / 18% MSCI USA,15% MSCI EAFE + Canada / 10% MSCI EM,,13% BC Long Treasuries / 5% BC US TIPS,"NCREIF Open Ended (ODCE) fund, lagged (12-13% target weight)","SSPEI (State Street Private Equity Index), 1-quarter lagged","4% HFRI FOF: Conservative Index (Stable Value Hedge Funds) / 5% HFRI Fund of Funds Composite (Directional Hedge Funds, added as of 9/2011)","2% MSCI US REIT; broader Real Return composite benchmark = 25% BC US TIPS / 65% NCREIF Open Ended (ODCE) Net, 1-quarter lagged / 10% MSCI US REIT",Citigroup 90-day US Treasury,,CAFR,TX_TX-TRS_CAFR_2012_108.pdf.pdf,/Kevin/RevolvingDoor/CAFR2024/108_Texas Teachers/TX_TX-TRS_CAFR_2012_108.pdf.pdf,2012,,,Medium,,,,,,,,,,,,,,,,,,,,,,,,,,,,,single-pass-only,pilot-batch-1-sonnet,2026-09-22,"REVIEWED 2026-09-22: same-year-IPS flag is a false positive -- TX_TRS_InvPolStmt_2014_108.pdf.pdf states 'Adopted September 18, 2014 to be effective October 1, 2014'; TRS Texas FYE is August 31, so 10/1/2014 falls in FY2015, not FY2014. Already correctly used for the FY2015 record."
108,Texas Teachers,TX,2020,2019,2021,"Target-weighted blend per the TRS Investment Policy Statement adopted 9/21/2018, effective 10/1/2018. Same overall Global Equity (57% target) / Real Return (22% target) framework as the 10/1/2016 IPS, with these changes: Stable Value target reduced to 15% (US Treasuries BarCap Long Treasury 11%, Absolute Return 3-month LIBOR+2% 0%, Stable Value Hedge Funds HFRI FoF Conservative 4%) as Cash is moved out of Stable Value into a new Asset Allocation Leverage category (Citigroup 90-day US Treasury, Net Asset Allocation Leverage target 1%, range 0-5%); and Risk Parity (5% target) is now benchmarked to the HFR Risk Parity Vol 10 Institutional Index rather than a custom manager-based composite. No subsequent IPS, CAFR, or AV Investment Section covering FY2019-2021 could be fetched to independently re-confirm this structure remained unchanged, so this is carried forward as the latest verified policy.","MSCI USA Investible Market (target 18%, range 13-23%)","MSCI EAFE and Canada (Non-US Developed, target 13%) and MSCI EM (Emerging Markets, target 9%)",,"Barclays Capital (BarCap) Long Treasury Index (US Treasuries, target 11%); BarCap US Treasury TIPS Index (Global Inflation Linked Bonds, target 3%)","NCREIF ODCE (Open-End Diversified Core Equity), 1-quarter lagged (asset class renamed 'Real Estate' from 'Real Assets'; target 14%, range 9-19%)","Customized State Street Private Equity Index (SSPEI), 1-quarter lagged (target 13%)",Directional Hedge Funds - HFRI Fund of Funds Composite (target 4%); Stable Value Hedge Funds - HFRI Fund of Funds Conservative (target 4%); Absolute Return - 3-month LIBOR + 2% (target 0%); Risk Parity - HFR Risk Parity Vol 10 Institutional Index (target 5%),"Energy, Natural Resources and Infrastructure: 40% Cambridge Associates Natural Resources Index / 40% Cambridge Associates Infrastructure Index / 20% quarterly CPI, 1-quarter lagged (target 5%); Commodities: Goldman Sachs Commodity Index (target 0%)","Citigroup 90-day US Treasury, reported under a new 'Asset Allocation Leverage' category rather than Stable Value (target 1%, Net Asset Allocation Leverage target 1%)",Risk Parity is a distinct top-level sleeve (target 5%) now benchmarked to the HFR Risk Parity Vol 10 Institutional Index.,IPS,TX_TRS_InvPolStmt_2018_108.pdf.pdf,/Kevin/RevolvingDoor/CAFR2024/108_Texas Teachers/TX_TRS_InvPolStmt_2018_108.pdf.pdf,2018,,,Medium,,,,,,,,,,,,,,,,,,,,,,,,,,,,,single-pass-only,pilot-batch-1-sonnet,2026-09-22,
108,Texas Teachers,TX,2003,2001,2004,"42% S&P 500 / 7.5% S&P 400 / 3% S&P 600 / 13% MSCI ACWI Free ex-US / 28.5% Salomon Brothers (SB) Large Pension Fund Index / 1% SB High Yield Market Index / 3% Private Equity Composite (3 years at 0%, then Russell 2000 + 500 bps) / 1.5% Absolute Return Composite (6-Month T-Bill + 300 bps through 3/2003, then 70% 3-month LIBOR / 30% S&P 500) / 0.5% 91-day T-Bill, in effect through 6/2004; from 7/2004 through 1/2005 an identical-weight formula substituted the Lehman Brothers (LB) Aggregate for the SB Large Pension Fund Index name only.",Domestic Equity Composite (index established 1/1999): 42% S&P 500 / 6% S&P 400 / 2% S&P 600 / 50% S&P 1500 through 6/2000; 80% S&P 500 / 14.29% S&P 400 / 5.71% S&P 600 through 6/2004,85% MSCI EAFE ex-Japan / 15% Japan through 12/1999; MSCI EAFE through 6/2000; MSCI ACWI Free ex-US thereafter,,LB Aggregate through 12/1995; Salomon Brothers (SB) Large Pension Fund Index through 12/2002; 99.6% SB Large Pension Fund Index / 0.4% SB High Yield Market Index through 6/2004,,"3 years at 0%, then Russell 2000 + 500 bps",6-Month T-Bill + 300 bps through 3/2003; then 70% 3-month LIBOR / 30% S&P 500,,91-day Treasury Bill,"TRS had no dedicated real estate or commodities program during this period; the trust was organized simply into Equities, Fixed Income, Alternative Assets and Short-Term per the FY2001 CAFR asset-allocation table.",CAFR,TX_TX-TRS_CAFR_2006_108.pdf.pdf,/Kevin/RevolvingDoor/CAFR2024/108_Texas Teachers/TX_TX-TRS_CAFR_2006_108.pdf.pdf,2006,,,High,,,,,,,,,,,,,,,,,,,,,,,,,,,,,single-pass-only,pilot-batch-1-sonnet,2026-09-22,
108,Texas Teachers,TX,2006,2005,2007,"42% S&P 500 / 7.5% S&P 400 / 3% S&P 600 / 13% MSCI ACWI Free ex-US / 28.5% LB Aggregate / 1% SB High Yield Market Index / 3% Private Equity Composite / 1.5% Absolute Return Composite / 0.5% 91-day T-Bill, in effect through 1/2005; then, effective approximately 2/2005: 50% Total Domestic Equity Composite / 13.4% MSCI ACWI ex-US / 28.35% LB Aggregate / 2.06% Citigroup High Yield Index / 4.12% Private Equity Composite (3 years at 0, then Russell 2000 + 500 bps) / 1.55% Absolute Return Composite (70% 3-month LIBOR / 30% S&P 500) / 0.52% 91-day T-Bill, in effect through 9/2007.","Domestic Equity Composite: 76.29% S&P 500 / 15.46% S&P 400 / 8.25% S&P 600 (index established 1/1999, unchanged through this period)",MSCI ACWI Free ex-US,,99.6% LB Aggregate / 0.4% SB High Yield Market Index through 1/2005; 93.22% LB Aggregate / 6.78% Citigroup High Yield Index through 3/2006; LB Universal thereafter through 9/2007,NCREIF Property Index (1-quarter lag) + 200 bps (index established 4/2006; first real-estate fund investment made 2/2006),"3 years at 0%, then Russell 2000 + 500 bps",70% 3-month LIBOR / 30% S&P 500,,91-day Treasury Bill / Citigroup 90-day US Treasury,,CAFR,TX_TX-TRS_CAFR_2006_108.pdf.pdf,/Kevin/RevolvingDoor/CAFR2024/108_Texas Teachers/TX_TX-TRS_CAFR_2006_108.pdf.pdf,2006,,,High,,,,,,,,,,,,,,,,,,,,,,,,,,,,,single-pass-only,pilot-batch-1-sonnet,2026-09-22,
108,Texas Teachers,TX,2012,2012,2014,"2% MSCI Small Cap / 18% MSCI USA / 15% MSCI EAFE + Canada / 10% MSCI EM / 13% BC Long Treasuries / 4% HFRI FOF: Conservative Index / 5% HFRI Fund of Funds Composite / 1% Citigroup 90-day US Treasury / 5% BC US TIPS / 2% MSCI US REIT / 12% SSPEI, 1-quarter lagged / 13% NCREIF Open Ended (ODCE) fund, lagged, effective 10/1/2011 (part of a Board-approved change increasing the Global Equity policy target from 60% to 62% and decreasing Stable Value from 20% to 18%, and adding a Directional Hedge Fund allocation per Texas Legislature authorization). Remained in effect through fiscal year 2014, superseded by the Investment Policy Statement effective 10/1/2014.",2% MSCI Small Cap / 18% MSCI USA,15% MSCI EAFE + Canada / 10% MSCI EM,,13% BC Long Treasuries / 5% BC US TIPS,"NCREIF Open Ended (ODCE) fund, lagged (12-13% target weight)","SSPEI (State Street Private Equity Index), 1-quarter lagged","4% HFRI FOF: Conservative Index (Stable Value Hedge Funds) / 5% HFRI Fund of Funds Composite (Directional Hedge Funds, added as of 9/2011)","2% MSCI US REIT; broader Real Return composite benchmark = 25% BC US TIPS / 65% NCREIF Open Ended (ODCE) Net, 1-quarter lagged / 10% MSCI US REIT",Citigroup 90-day US Treasury,,CAFR,TX_TX-TRS_CAFR_2012_108.pdf.pdf,/Kevin/RevolvingDoor/CAFR2024/108_Texas Teachers/TX_TX-TRS_CAFR_2012_108.pdf.pdf,2012,,,Medium,,,,,,,,,,,,,,,,,,,,,,,,,,,,,single-pass-only,pilot-batch-1-sonnet,2026-09-22,
108,Texas Teachers,TX,2009,2009,2009,"10% Russell 1000 Growth / 10% Russell 1000 Value / 5% Russell 2000 / 8% MSCI EAFE + Canada / 5% MSCI EM / 15% MSCI World / 7% Russell 3000 + 5% / 12% BC Long Treasuries / 4% 3-month LIBOR + 2% / 3% BC Intermediate Gov-Credit / 1% Citigroup 90-day US Treasury / 5% BC Global Inflation Linked Bonds / 5% BC US TIPS / 5% Real Estate Composite / 1% US Core CPI + 5% / 2% Goldman Sachs Commodity Index / 2% NAREIT, effective 10/1/2008 through 9/2009.",10% Russell 1000 Growth / 10% Russell 1000 Value / 5% Russell 2000,8% MSCI EAFE + Canada / 5% MSCI EM,15% MSCI World,12% Barclays Capital (BC) Long Treasuries / 3% BC Intermediate Gov-Credit / 5% BC Global Inflation Linked Bonds / 5% BC US TIPS,Real Estate Composite Index (83% Real Estate Composite Index / 17% US Core CPI + 5% during this fiscal year),Russell 3000 + 500 bps,3-month LIBOR + 2%,2% Goldman Sachs Commodity Index; 2% NAREIT Index; 1% US Core CPI + 5%,Citigroup 90-day US Treasury,,CAFR,TX_TX-TRS_CAFR_2012_108.pdf.pdf,/Kevin/RevolvingDoor/CAFR2024/108_Texas Teachers/TX_TX-TRS_CAFR_2012_108.pdf.pdf,2012,,,High,,,,,,,,,,,,,,,,,,,,,,,,,,,,,single-pass-only,pilot-batch-1-sonnet,2026-09-22,
108,Texas Teachers,TX,2015,2015,2016,"Target-weighted blend per the TRS Investment Policy Statement adopted 9/18/2014, effective 10/1/2014. Global Equity (57% target): USA - MSCI USA Investible Market, 18% target (13-23% range); Non-US Developed - MSCI EAFE and Canada, 13% target (8-18% range); Emerging Markets - MSCI EM, 9% target (4-14% range); Directional Hedge Funds - HFRI Fund of Funds Composite, 4% target (0-10% range); Private Equity - Customized State Street Private Equity Index (SSPEI), 1-quarter lagged, 13% target (8-18% range). Stable Value (16% target): US Treasuries - Barclays Capital (BarCap) Long Treasury Index, 11% target (0-20% range); Absolute Return - 3-month LIBOR + 2%, 0% target (0-20% range); Stable Value Hedge Funds - HFRI Fund of Funds Conservative, 4% target (0-10% range); Cash - Citigroup 90-day US Treasury, 1% target (0-5% range). Real Return (22% target): Global Inflation Linked Bonds - BarCap US Treasury TIPS Index, 3% target (0-8% range); Real Assets - NCREIF ODCE, 1-quarter lagged, 16% target (11-21% range); Energy and Natural Resources - 75% Cambridge Associates Natural Resources Index / 25% quarterly CPI, 1-quarter lagged, 3% target (0-8% range); Commodities - Goldman Sachs Commodity Index, 0% target (0-5% range). Risk Parity - Risk Parity Benchmark (a composite of risk-parity managers), 5% target (0-10% range, becoming a fixed 5% weight commencing 10/1/2016). TOTAL FUND = Target-weighted Blend, 100%.","MSCI USA Investible Market (target 18%, range 13-23%)","MSCI EAFE and Canada (Non-US Developed, target 13%) and MSCI EM (Emerging Markets, target 9%)",,"Barclays Capital (BarCap) Long Treasury Index (US Treasuries, target 11%); BarCap US Treasury TIPS Index (Global Inflation Linked Bonds, target 3%)","NCREIF ODCE (Open-End Diversified Core Equity), 1-quarter lagged (Real Assets, target 16%, range 11-21%)","Customized State Street Private Equity Index (SSPEI), 1-quarter lagged (target 13%)",Directional Hedge Funds - HFRI Fund of Funds Composite (target 4%); Stable Value Hedge Funds - HFRI Fund of Funds Conservative (target 4%); Absolute Return - 3-month LIBOR + 2% (target 0%),"Energy and Natural Resources: 75% Cambridge Associates Natural Resources Index / 25% quarterly CPI, 1-quarter lagged (target 3%); Commodities: Goldman Sachs Commodity Index (target 0%)",Citigroup 90-day US Treasury (target 1%),"Risk Parity is a distinct top-level sleeve (target 5%) benchmarked to a custom Risk Parity Benchmark computed from a group of risk-parity managers, not folded into Global Equity or Stable Value.",IPS,TX_TRS_InvPolStmt_2014_108.pdf.pdf,/Kevin/RevolvingDoor/CAFR2024/108_Texas Teachers/TX_TRS_InvPolStmt_2014_108.pdf.pdf,2014,,,High,,,,,,,,,,,,,,,,,,,,,,,,,,,,,single-pass-only,pilot-batch-1-sonnet,2026-09-22,
108,Texas Teachers,TX,2018,2017,2018,"Target-weighted blend per the TRS Investment Policy Statement adopted 9/23/2016, effective 10/1/2016. Same overall Global Equity / Stable Value / Real Return / Risk Parity structure as the 10/1/2014 IPS, with two changes: Real Return (22% target) now allocates Global Inflation Linked Bonds (BarCap US TIPS) 3%, Real Assets (NCREIF ODCE, 1-quarter lagged) reduced to 14% target (9-19% range, down from 16%/11-21%), Energy Natural Resources and Infrastructure expanded to 40% Cambridge Associates Natural Resources / 40% Cambridge Associates Infrastructure / 20% quarterly CPI, 1-quarter lagged, 5% target (up from 3%); and Risk Parity (Risk Parity Benchmark) is now a fixed 5% target rather than a floating weight. TOTAL FUND = Target-weighted Blend, 100%.","MSCI USA Investible Market (target 18%, range 13-23%)","MSCI EAFE and Canada (Non-US Developed, target 13%) and MSCI EM (Emerging Markets, target 9%)",,"Barclays Capital (BarCap) Long Treasury Index (US Treasuries, target 11%); BarCap US Treasury TIPS Index (Global Inflation Linked Bonds, target 3%)","NCREIF ODCE (Open-End Diversified Core Equity), 1-quarter lagged (Real Assets, target 14%, range 9-19%)","Customized State Street Private Equity Index (SSPEI), 1-quarter lagged (target 13%)",Directional Hedge Funds - HFRI Fund of Funds Composite (target 4%); Stable Value Hedge Funds - HFRI Fund of Funds Conservative (target 4%); Absolute Return - 3-month LIBOR + 2% (target 0%),"Energy, Natural Resources and Infrastructure: 40% Cambridge Associates Natural Resources Index / 40% Cambridge Associates Infrastructure Index / 20% quarterly CPI, 1-quarter lagged (target 5%); Commodities: Goldman Sachs Commodity Index (target 0%)",Citigroup 90-day US Treasury (target 1%),"Risk Parity remains a distinct top-level sleeve, now with a fixed 5% target, benchmarked to the Risk Parity Benchmark (a composite of risk-parity managers).",IPS,TX_TRS_InvPolStmt_2016_108.pdf.pdf,/Kevin/RevolvingDoor/CAFR2024/108_Texas Teachers/TX_TRS_InvPolStmt_2016_108.pdf.pdf,2016,,,High,,,,,,,,,,,,,,,,,,,,,,,,,,,,,single-pass-only,pilot-batch-1-sonnet,2026-09-22,
108,Texas Teachers,TX,2021,2019,2021,"Target-weighted blend per the TRS Investment Policy Statement adopted 9/21/2018, effective 10/1/2018. Same overall Global Equity (57% target) / Real Return (22% target) framework as the 10/1/2016 IPS, with these changes: Stable Value target reduced to 15% (US Treasuries BarCap Long Treasury 11%, Absolute Return 3-month LIBOR+2% 0%, Stable Value Hedge Funds HFRI FoF Conservative 4%) as Cash is moved out of Stable Value into a new Asset Allocation Leverage category (Citigroup 90-day US Treasury, Net Asset Allocation Leverage target 1%, range 0-5%); and Risk Parity (5% target) is now benchmarked to the HFR Risk Parity Vol 10 Institutional Index rather than a custom manager-based composite. No subsequent IPS, CAFR, or AV Investment Section covering FY2019-2021 could be fetched to independently re-confirm this structure remained unchanged, so this is carried forward as the latest verified policy.","MSCI USA Investible Market (target 18%, range 13-23%)","MSCI EAFE and Canada (Non-US Developed, target 13%) and MSCI EM (Emerging Markets, target 9%)",,"Barclays Capital (BarCap) Long Treasury Index (US Treasuries, target 11%); BarCap US Treasury TIPS Index (Global Inflation Linked Bonds, target 3%)","NCREIF ODCE (Open-End Diversified Core Equity), 1-quarter lagged (asset class renamed 'Real Estate' from 'Real Assets'; target 14%, range 9-19%)","Customized State Street Private Equity Index (SSPEI), 1-quarter lagged (target 13%)",Directional Hedge Funds - HFRI Fund of Funds Composite (target 4%); Stable Value Hedge Funds - HFRI Fund of Funds Conservative (target 4%); Absolute Return - 3-month LIBOR + 2% (target 0%); Risk Parity - HFR Risk Parity Vol 10 Institutional Index (target 5%),"Energy, Natural Resources and Infrastructure: 40% Cambridge Associates Natural Resources Index / 40% Cambridge Associates Infrastructure Index / 20% quarterly CPI, 1-quarter lagged (target 5%); Commodities: Goldman Sachs Commodity Index (target 0%)","Citigroup 90-day US Treasury, reported under a new 'Asset Allocation Leverage' category rather than Stable Value (target 1%, Net Asset Allocation Leverage target 1%)",Risk Parity is a distinct top-level sleeve (target 5%) now benchmarked to the HFR Risk Parity Vol 10 Institutional Index.,IPS,TX_TRS_InvPolStmt_2018_108.pdf.pdf,/Kevin/RevolvingDoor/CAFR2024/108_Texas Teachers/TX_TRS_InvPolStmt_2018_108.pdf.pdf,2018,,,Medium,,,,,,,,,,,,,,,,,,,,,,,,,,,,,single-pass-only,pilot-batch-1-sonnet,2026-09-22,"REVIEWED 2026-09-22: same-year-IPS flag references a known misfiled document -- TX_TRS_InvPolStmt_2021_108.pdf.pdf's actual content is the Texas Municipal Retirement System (TMRS) IPS, a different plan entirely (already identified by the original research pass). Not usable for this row."
108,Texas Teachers,TX,2001,2001,2004,"42% S&P 500 / 7.5% S&P 400 / 3% S&P 600 / 13% MSCI ACWI Free ex-US / 28.5% Salomon Brothers (SB) Large Pension Fund Index / 1% SB High Yield Market Index / 3% Private Equity Composite (3 years at 0%, then Russell 2000 + 500 bps) / 1.5% Absolute Return Composite (6-Month T-Bill + 300 bps through 3/2003, then 70% 3-month LIBOR / 30% S&P 500) / 0.5% 91-day T-Bill, in effect through 6/2004; from 7/2004 through 1/2005 an identical-weight formula substituted the Lehman Brothers (LB) Aggregate for the SB Large Pension Fund Index name only.",Domestic Equity Composite (index established 1/1999): 42% S&P 500 / 6% S&P 400 / 2% S&P 600 / 50% S&P 1500 through 6/2000; 80% S&P 500 / 14.29% S&P 400 / 5.71% S&P 600 through 6/2004,85% MSCI EAFE ex-Japan / 15% Japan through 12/1999; MSCI EAFE through 6/2000; MSCI ACWI Free ex-US thereafter,,LB Aggregate through 12/1995; Salomon Brothers (SB) Large Pension Fund Index through 12/2002; 99.6% SB Large Pension Fund Index / 0.4% SB High Yield Market Index through 6/2004,,"3 years at 0%, then Russell 2000 + 500 bps",6-Month T-Bill + 300 bps through 3/2003; then 70% 3-month LIBOR / 30% S&P 500,,91-day Treasury Bill,"TRS had no dedicated real estate or commodities program during this period; the trust was organized simply into Equities, Fixed Income, Alternative Assets and Short-Term per the FY2001 CAFR asset-allocation table.",CAFR,TX_TX-TRS_CAFR_2006_108.pdf.pdf,/Kevin/RevolvingDoor/CAFR2024/108_Texas Teachers/TX_TX-TRS_CAFR_2006_108.pdf.pdf,2006,,,High,,,,,,,,,,,,,,,,,,,,,,,,,,,,,single-pass-only,pilot-batch-1-sonnet,2026-09-22,
108,Texas Teachers,TX,2004,2001,2004,"42% S&P 500 / 7.5% S&P 400 / 3% S&P 600 / 13% MSCI ACWI Free ex-US / 28.5% Salomon Brothers (SB) Large Pension Fund Index / 1% SB High Yield Market Index / 3% Private Equity Composite (3 years at 0%, then Russell 2000 + 500 bps) / 1.5% Absolute Return Composite (6-Month T-Bill + 300 bps through 3/2003, then 70% 3-month LIBOR / 30% S&P 500) / 0.5% 91-day T-Bill, in effect through 6/2004; from 7/2004 through 1/2005 an identical-weight formula substituted the Lehman Brothers (LB) Aggregate for the SB Large Pension Fund Index name only.",Domestic Equity Composite (index established 1/1999): 42% S&P 500 / 6% S&P 400 / 2% S&P 600 / 50% S&P 1500 through 6/2000; 80% S&P 500 / 14.29% S&P 400 / 5.71% S&P 600 through 6/2004,85% MSCI EAFE ex-Japan / 15% Japan through 12/1999; MSCI EAFE through 6/2000; MSCI ACWI Free ex-US thereafter,,LB Aggregate through 12/1995; Salomon Brothers (SB) Large Pension Fund Index through 12/2002; 99.6% SB Large Pension Fund Index / 0.4% SB High Yield Market Index through 6/2004,,"3 years at 0%, then Russell 2000 + 500 bps",6-Month T-Bill + 300 bps through 3/2003; then 70% 3-month LIBOR / 30% S&P 500,,91-day Treasury Bill,"TRS had no dedicated real estate or commodities program during this period; the trust was organized simply into Equities, Fixed Income, Alternative Assets and Short-Term per the FY2001 CAFR asset-allocation table.",CAFR,TX_TX-TRS_CAFR_2006_108.pdf.pdf,/Kevin/RevolvingDoor/CAFR2024/108_Texas Teachers/TX_TX-TRS_CAFR_2006_108.pdf.pdf,2006,,,High,,,,,,,,,,,,,,,,,,,,,,,,,,,,,single-pass-only,pilot-batch-1-sonnet,2026-09-22,
108,Texas Teachers,TX,2010,2010,2010,"5% MSCI USA Small Cap / 8% MSCI USA Large Cap / 33% MSCI World Net / 6% MSCI EM Net / 4% 3-month LIBOR + 2% / 15% BC Long Treasury / 2% Goldman Sachs Commodity Index / 8% BC US TIPS / 8% SSPEI (State Street Private Equity Index), 1-quarter lagged / 8% NCREIF ODCE Net, 1-quarter lagged / 2% MSCI US REIT / 1% 90-day US Treasury, effective 10/1/2009 through 9/2010.",5% MSCI USA Small Cap / 8% MSCI USA Large Cap,6% MSCI EM Net,33% MSCI World Net,15% BC Long Treasury / 8% BC US TIPS,"NCREIF ODCE (Open-End Diversified Core Equity) Net, 1-quarter lagged","SSPEI (State Street Private Equity Index), 1-quarter lagged",3-month LIBOR + 2%,2% Goldman Sachs Commodity Index; 2% MSCI US REIT,90-day US Treasury,,CAFR,TX_TX-TRS_CAFR_2012_108.pdf.pdf,/Kevin/RevolvingDoor/CAFR2024/108_Texas Teachers/TX_TX-TRS_CAFR_2012_108.pdf.pdf,2012,,,High,,,,,,,,,,,,,,,,,,,,,,,,,,,,,single-pass-only,pilot-batch-1-sonnet,2026-09-22,
108,Texas Teachers,TX,2007,2005,2007,"42% S&P 500 / 7.5% S&P 400 / 3% S&P 600 / 13% MSCI ACWI Free ex-US / 28.5% LB Aggregate / 1% SB High Yield Market Index / 3% Private Equity Composite / 1.5% Absolute Return Composite / 0.5% 91-day T-Bill, in effect through 1/2005; then, effective approximately 2/2005: 50% Total Domestic Equity Composite / 13.4% MSCI ACWI ex-US / 28.35% LB Aggregate / 2.06% Citigroup High Yield Index / 4.12% Private Equity Composite (3 years at 0, then Russell 2000 + 500 bps) / 1.55% Absolute Return Composite (70% 3-month LIBOR / 30% S&P 500) / 0.52% 91-day T-Bill, in effect through 9/2007.","Domestic Equity Composite: 76.29% S&P 500 / 15.46% S&P 400 / 8.25% S&P 600 (index established 1/1999, unchanged through this period)",MSCI ACWI Free ex-US,,99.6% LB Aggregate / 0.4% SB High Yield Market Index through 1/2005; 93.22% LB Aggregate / 6.78% Citigroup High Yield Index through 3/2006; LB Universal thereafter through 9/2007,NCREIF Property Index (1-quarter lag) + 200 bps (index established 4/2006; first real-estate fund investment made 2/2006),"3 years at 0%, then Russell 2000 + 500 bps",70% 3-month LIBOR / 30% S&P 500,,91-day Treasury Bill / Citigroup 90-day US Treasury,,CAFR,TX_TX-TRS_CAFR_2006_108.pdf.pdf,/Kevin/RevolvingDoor/CAFR2024/108_Texas Teachers/TX_TX-TRS_CAFR_2006_108.pdf.pdf,2006,,,High,,,,,,,,,,,,,,,,,,,,,,,,,,,,,single-pass-only,pilot-batch-1-sonnet,2026-09-22,
108,Texas Teachers,TX,2013,2012,2014,"2% MSCI Small Cap / 18% MSCI USA / 15% MSCI EAFE + Canada / 10% MSCI EM / 13% BC Long Treasuries / 4% HFRI FOF: Conservative Index / 5% HFRI Fund of Funds Composite / 1% Citigroup 90-day US Treasury / 5% BC US TIPS / 2% MSCI US REIT / 12% SSPEI, 1-quarter lagged / 13% NCREIF Open Ended (ODCE) fund, lagged, effective 10/1/2011 (part of a Board-approved change increasing the Global Equity policy target from 60% to 62% and decreasing Stable Value from 20% to 18%, and adding a Directional Hedge Fund allocation per Texas Legislature authorization). Remained in effect through fiscal year 2014, superseded by the Investment Policy Statement effective 10/1/2014.",2% MSCI Small Cap / 18% MSCI USA,15% MSCI EAFE + Canada / 10% MSCI EM,,13% BC Long Treasuries / 5% BC US TIPS,"NCREIF Open Ended (ODCE) fund, lagged (12-13% target weight)","SSPEI (State Street Private Equity Index), 1-quarter lagged","4% HFRI FOF: Conservative Index (Stable Value Hedge Funds) / 5% HFRI Fund of Funds Composite (Directional Hedge Funds, added as of 9/2011)","2% MSCI US REIT; broader Real Return composite benchmark = 25% BC US TIPS / 65% NCREIF Open Ended (ODCE) Net, 1-quarter lagged / 10% MSCI US REIT",Citigroup 90-day US Treasury,,CAFR,TX_TX-TRS_CAFR_2012_108.pdf.pdf,/Kevin/RevolvingDoor/CAFR2024/108_Texas Teachers/TX_TX-TRS_CAFR_2012_108.pdf.pdf,2012,,,Medium,,,,,,,,,,,,,,,,,,,,,,,,,,,,,single-pass-only,pilot-batch-1-sonnet,2026-09-22,
108,Texas Teachers,TX,2019,2019,2021,"Target-weighted blend per the TRS Investment Policy Statement adopted 9/21/2018, effective 10/1/2018. Same overall Global Equity (57% target) / Real Return (22% target) framework as the 10/1/2016 IPS, with these changes: Stable Value target reduced to 15% (US Treasuries BarCap Long Treasury 11%, Absolute Return 3-month LIBOR+2% 0%, Stable Value Hedge Funds HFRI FoF Conservative 4%) as Cash is moved out of Stable Value into a new Asset Allocation Leverage category (Citigroup 90-day US Treasury, Net Asset Allocation Leverage target 1%, range 0-5%); and Risk Parity (5% target) is now benchmarked to the HFR Risk Parity Vol 10 Institutional Index rather than a custom manager-based composite. No subsequent IPS, CAFR, or AV Investment Section covering FY2019-2021 could be fetched to independently re-confirm this structure remained unchanged, so this is carried forward as the latest verified policy.","MSCI USA Investible Market (target 18%, range 13-23%)","MSCI EAFE and Canada (Non-US Developed, target 13%) and MSCI EM (Emerging Markets, target 9%)",,"Barclays Capital (BarCap) Long Treasury Index (US Treasuries, target 11%); BarCap US Treasury TIPS Index (Global Inflation Linked Bonds, target 3%)","NCREIF ODCE (Open-End Diversified Core Equity), 1-quarter lagged (asset class renamed 'Real Estate' from 'Real Assets'; target 14%, range 9-19%)","Customized State Street Private Equity Index (SSPEI), 1-quarter lagged (target 13%)",Directional Hedge Funds - HFRI Fund of Funds Composite (target 4%); Stable Value Hedge Funds - HFRI Fund of Funds Conservative (target 4%); Absolute Return - 3-month LIBOR + 2% (target 0%); Risk Parity - HFR Risk Parity Vol 10 Institutional Index (target 5%),"Energy, Natural Resources and Infrastructure: 40% Cambridge Associates Natural Resources Index / 40% Cambridge Associates Infrastructure Index / 20% quarterly CPI, 1-quarter lagged (target 5%); Commodities: Goldman Sachs Commodity Index (target 0%)","Citigroup 90-day US Treasury, reported under a new 'Asset Allocation Leverage' category rather than Stable Value (target 1%, Net Asset Allocation Leverage target 1%)",Risk Parity is a distinct top-level sleeve (target 5%) now benchmarked to the HFR Risk Parity Vol 10 Institutional Index.,IPS,TX_TRS_InvPolStmt_2018_108.pdf.pdf,/Kevin/RevolvingDoor/CAFR2024/108_Texas Teachers/TX_TRS_InvPolStmt_2018_108.pdf.pdf,2018,,,Medium,,,,,,,,,,,,,,,,,,,,,,,,,,,,,single-pass-only,pilot-batch-1-sonnet,2026-09-22,
125,Wisconsin RS,WI,2003,2001,2008,Fixed (Core) Trust Fund objective is to exceed 'a benchmark composed of market indices weighted to reflect adopted asset allocation policies' -- described as a composite of published industry indices and customized benchmarks 'rolled up and weighted to match SWIB's asset allocation targets.' No full weight table or list of component indices is given in the fetchable CAFR narrative for this era.,"Russell 3000 (stated explicitly: 'domestic equities are measured against the Russell 3000 because it represents the mixture of large, medium and small companies held in the WRS domestic equities portfolios')",,,,,,,,,"Variable Trust Fund (a separate, participant-elected, ~9% of WRS assets fund invested 100% in equities): objective is to 'exceed a benchmark composed of market indices weighted to reflect adopted asset allocation policies'; the S&P 500 Index (with income added) is also observed as a secondary comparison; ~40% of the Variable Fund was diversified into international, small- and mid-cap stocks not represented in the S&P 500.",CAFR,"WI_WI-ETF_CAFR_2002_125.pdf.pdf (language cross-checked against WI_WI-ETF_CAFR_2003_125.pdf.pdf, which is nearly identical)",/Kevin/RevolvingDoor/CAFR2024/125_Wisconsin RS/WI_WI-ETF_CAFR_2002_125.pdf.pdf,2002,,,Low,,,,,,,,,,,,,,,,,,,,,,,,,,,,,single-pass-only,pilot-batch-1-sonnet,2026-09-22,
125,Wisconsin RS,WI,2006,2001,2008,Fixed (Core) Trust Fund objective is to exceed 'a benchmark composed of market indices weighted to reflect adopted asset allocation policies' -- described as a composite of published industry indices and customized benchmarks 'rolled up and weighted to match SWIB's asset allocation targets.' No full weight table or list of component indices is given in the fetchable CAFR narrative for this era.,"Russell 3000 (stated explicitly: 'domestic equities are measured against the Russell 3000 because it represents the mixture of large, medium and small companies held in the WRS domestic equities portfolios')",,,,,,,,,"Variable Trust Fund (a separate, participant-elected, ~9% of WRS assets fund invested 100% in equities): objective is to 'exceed a benchmark composed of market indices weighted to reflect adopted asset allocation policies'; the S&P 500 Index (with income added) is also observed as a secondary comparison; ~40% of the Variable Fund was diversified into international, small- and mid-cap stocks not represented in the S&P 500.",CAFR,"WI_WI-ETF_CAFR_2002_125.pdf.pdf (language cross-checked against WI_WI-ETF_CAFR_2003_125.pdf.pdf, which is nearly identical)",/Kevin/RevolvingDoor/CAFR2024/125_Wisconsin RS/WI_WI-ETF_CAFR_2002_125.pdf.pdf,2002,,,Low,,,,,,,,,,,,,,,,,,,,,,,,,,,,,single-pass-only,pilot-batch-1-sonnet,2026-09-22,
125,Wisconsin RS,WI,2012,2012,2012,Core Trust Fund Benchmark updated effective 4/30/2012 to add a Cash component (reflecting portfolio leverage) to the target-allocation-weighted composite of asset-class benchmarks.,Russell 3000,"MSCI-based benchmark (custom net-of-tax, per 1/1/2010 update)",,"Public Fixed Income Benchmark: 67% Bloomberg Barclays Capital Govt/Credit, 12% Citigroup WGBI Unhedged (Net Tax), 5.5% BofA Merrill Lynch US HY Index, 5.5% JPM EMBI Global Diversified, 8% Bloomberg Barclays US Treasuries, 2% Bloomberg Barclays US Treasuries Long",,,,,"3-Month LIBOR + 10bps (Core Trust Fund Cash component added 4/30/2012; carried a negative weight, reflecting that it offsets portfolio leverage rather than being a funded allocation)",Variable Trust Fund Benchmark revised effective 7/1/2012 to 70% Russell 3000 / 30% MSCI All Country World Index (ACWI) ex US (from a prior 69% Russell 3000 / ~31% MSCI ACWI ex US).,IPS,"Wisconsin_InvPolStmt_2017_125.pdf.pdf ('WRS Investment Guidelines,' Revised as of June 27, 2017, Appendix 3)",/Kevin/RevolvingDoor/CAFR2024/125_Wisconsin RS/Wisconsin_InvPolStmt_2017_125.pdf.pdf,2017,,,Medium,,,,,,,,,,,,,,,,,,,,,,,,,,,,,single-pass-only,pilot-batch-1-sonnet,2026-09-22,
125,Wisconsin RS,WI,2009,2009,2009,Same general composite-of-indices structure weighted to target asset allocation; effective 7/1/2009 the international/global equity component of the benchmark moved onto an MSCI basis.,Russell 3000,MSCI-based benchmark adopted effective 7/1/2009 (2017 IPS footnote: 'MSCI effective 7/1/2009'); the specific MSCI variant in use in 2009 is not stated beyond 'MSCI' in the available source -- by the 2017 snapshot the analogous Variable Trust Fund non-US sleeve benchmark is MSCI All Country World Index (ACWI) ex US.,,,,,,,,,IPS,"Wisconsin_InvPolStmt_2017_125.pdf.pdf (actual title: 'SWIB Investment Committee -- Wisconsin Retirement System Investment Guidelines,' Revised as of June 27, 2017; Appendix 3 footnote 3)",/Kevin/RevolvingDoor/CAFR2024/125_Wisconsin RS/Wisconsin_InvPolStmt_2017_125.pdf.pdf,2017,,,Medium,,,,,,,,,,,,,,,,,,,,,,,,,,,,,single-pass-only,pilot-batch-1-sonnet,2026-09-22,
125,Wisconsin RS,WI,2015,2014,2016,"Composite of asset-class benchmarks weighted to target allocation. Per the Dec 31, 2015 CAFR asset-allocation table, the Core Fund still carried separate 'U.S. Equities' (27%) and 'International Equities' (24.5%) target lines at this time (not yet merged into a single 'Global Equities' sleeve). Inflation-protection component benchmark formalized effective 10/1/2014; Multi-Asset component benchmark and several Private Equity/Debt sub-manager benchmarks formalized/updated effective 1/1/2016.",Russell 3000,MSCI-based benchmark (custom net-of-tax),,"Public Fixed Income Benchmark: 67% Bloomberg Barclays Capital Govt/Credit, 12% Citigroup WGBI Unhedged (Net Tax), 5.5% BofA Merrill Lynch US HY Index, 5.5% JPM EMBI Global Diversified, 8% Bloomberg Barclays US Treasuries, 2% Bloomberg Barclays US Treasuries Long",100% NFI-ODCE,Private Equity/Debt: Burgiss Global All Private Equity; Burgiss Buyout equal-weighted by vintage year; Burgiss Venture Capital weighted by vintage year (Wisconsin and non-Wisconsin); Credit Suisse Leveraged Loan Index + 1% (Current Return); Bloomberg Barclays Capital Duration-Adjusted Baa Corporate + 20bps (Private Debt) -- components formalized/updated at various dates from 1/1/2005 through 1/1/2016,,Inflation Sensitive Benchmark (effective 10/1/2014): 'Roll-up' of Bloomberg Barclays Capital TIPS Index and S&P Dow Jones Commodity Index,"3-Month LIBOR + 10bps (Core Trust Fund Cash component, negative weight reflecting leverage)","Multi-Asset Benchmark (effective 1/1/2016): 65% MSCI World Custom Net, 25% Bloomberg Barclays Govt/Credit, 10% Citigroup WGBI Unhedged (Net Tax). Variable Trust Fund Benchmark: 70% Russell 3000 / 30% MSCI ACWI ex US.",CAFR,WI_WI-ETF_CAFR_2015_125.pdf.pdf (asset-allocation table); component-benchmark detail from Wisconsin_InvPolStmt_2017_125.pdf.pdf Appendix 3,/Kevin/RevolvingDoor/CAFR2024/125_Wisconsin RS/WI_WI-ETF_CAFR_2015_125.pdf.pdf,2015,,,Medium,,,,,,,,,,,,,,,,,,,,,,,,,,,,,single-pass-only,pilot-batch-1-sonnet,2026-09-22,
125,Wisconsin RS,WI,2018,2018,2021,"No fetchable primary source from 2018-2021 was found to confirm whether the Core Trust Fund Benchmark composition changed after the May 2017 snapshot. The values below carry forward the last confirmed benchmark (as of May 1, 2017) as a best-available estimate only, and should not be treated as independently confirmed for FY2018-2021.",,,"[Carried forward, unconfirmed for this window] 86% MSCI World / 4% Russell 2000 / 10% MSCI EM (Global Equities, ~50% of Core Trust Fund Benchmark as of the last confirmed (2017) source)","[Carried forward, unconfirmed for this window] Public Fixed Income Benchmark: 67% Bloomberg Barclays Capital Govt/Credit, 12% Citigroup WGBI Unhedged (Net Tax), 5.5% BofA Merrill Lynch US HY Index, 5.5% JPM EMBI Global Diversified, 8% Bloomberg Barclays US Treasuries, 2% Bloomberg Barclays US Treasuries Long","[Carried forward, unconfirmed for this window] 100% NFI-ODCE","[Carried forward, unconfirmed for this window] Roll-up of Burgiss Global All Private Equity, Burgiss US Buyout, Burgiss Venture Capital, Burgiss Index (all weighted vintage year), Credit Suisse Leveraged Loan Index + 1%, and Bloomberg Barclays Capital Duration-Adjusted Baa Corporate + 20bps","[Carried forward, unconfirmed for this window] 3-Month LIBOR + 10bps","[Carried forward, unconfirmed for this window] Inflation Sensitive Benchmark: roll-up of Bloomberg Barclays Capital TIPS Index and S&P Dow Jones Commodity Index","[Carried forward, unconfirmed for this window] 3-Month LIBOR + 10bps (negative/leverage-offset weight)","[Carried forward, unconfirmed] Multi Asset Benchmark: 65% MSCI World, 25% Bloomberg Barclays Capital Govt/Credit, 10% Citigroup WGBI Unhedged (Net Tax). Variable Trust Fund Benchmark: 70% Russell 3000 / 30% MSCI ACWI ex US. Note that LIBOR was being phased out industry-wide starting in 2021-2023, so it is plausible SWIB's cash/hedge-fund/alpha benchmarks were updated to SOFR-based rates in this window, but no document in the archive confirms this for WRS.",IPS,Wisconsin_InvPolStmt_2017_125.pdf.pdf (last confirmed genuine source; carried forward),/Kevin/RevolvingDoor/CAFR2024/125_Wisconsin RS/Wisconsin_InvPolStmt_2017_125.pdf.pdf,2017,,,Low,,,,,,,,,,,,,,,,,,,,,,,,,,,,,single-pass-only,pilot-batch-1-sonnet,2026-09-22,"REVIEWED 2026-09-22: same-year-IPS flag references a known misfiled document -- Wisconsin_InvPolStmt_2018_125.pdf.pdf's actual content is the Teacher Retirement System of Texas (TRS) IPS, a different plan entirely (already identified by the original research pass). Not usable for this row."
125,Wisconsin RS,WI,2021,2018,2021,"No fetchable primary source from 2018-2021 was found to confirm whether the Core Trust Fund Benchmark composition changed after the May 2017 snapshot. The values below carry forward the last confirmed benchmark (as of May 1, 2017) as a best-available estimate only, and should not be treated as independently confirmed for FY2018-2021.",,,"[Carried forward, unconfirmed for this window] 86% MSCI World / 4% Russell 2000 / 10% MSCI EM (Global Equities, ~50% of Core Trust Fund Benchmark as of the last confirmed (2017) source)","[Carried forward, unconfirmed for this window] Public Fixed Income Benchmark: 67% Bloomberg Barclays Capital Govt/Credit, 12% Citigroup WGBI Unhedged (Net Tax), 5.5% BofA Merrill Lynch US HY Index, 5.5% JPM EMBI Global Diversified, 8% Bloomberg Barclays US Treasuries, 2% Bloomberg Barclays US Treasuries Long","[Carried forward, unconfirmed for this window] 100% NFI-ODCE","[Carried forward, unconfirmed for this window] Roll-up of Burgiss Global All Private Equity, Burgiss US Buyout, Burgiss Venture Capital, Burgiss Index (all weighted vintage year), Credit Suisse Leveraged Loan Index + 1%, and Bloomberg Barclays Capital Duration-Adjusted Baa Corporate + 20bps","[Carried forward, unconfirmed for this window] 3-Month LIBOR + 10bps","[Carried forward, unconfirmed for this window] Inflation Sensitive Benchmark: roll-up of Bloomberg Barclays Capital TIPS Index and S&P Dow Jones Commodity Index","[Carried forward, unconfirmed for this window] 3-Month LIBOR + 10bps (negative/leverage-offset weight)","[Carried forward, unconfirmed] Multi Asset Benchmark: 65% MSCI World, 25% Bloomberg Barclays Capital Govt/Credit, 10% Citigroup WGBI Unhedged (Net Tax). Variable Trust Fund Benchmark: 70% Russell 3000 / 30% MSCI ACWI ex US. Note that LIBOR was being phased out industry-wide starting in 2021-2023, so it is plausible SWIB's cash/hedge-fund/alpha benchmarks were updated to SOFR-based rates in this window, but no document in the archive confirms this for WRS.",IPS,Wisconsin_InvPolStmt_2017_125.pdf.pdf (last confirmed genuine source; carried forward),/Kevin/RevolvingDoor/CAFR2024/125_Wisconsin RS/Wisconsin_InvPolStmt_2017_125.pdf.pdf,2017,,,Low,,,,,,,,,,,,,,,,,,,,,,,,,,,,,single-pass-only,pilot-batch-1-sonnet,2026-09-22,
125,Wisconsin RS,WI,2001,2001,2008,Fixed (Core) Trust Fund objective is to exceed 'a benchmark composed of market indices weighted to reflect adopted asset allocation policies' -- described as a composite of published industry indices and customized benchmarks 'rolled up and weighted to match SWIB's asset allocation targets.' No full weight table or list of component indices is given in the fetchable CAFR narrative for this era.,"Russell 3000 (stated explicitly: 'domestic equities are measured against the Russell 3000 because it represents the mixture of large, medium and small companies held in the WRS domestic equities portfolios')",,,,,,,,,"Variable Trust Fund (a separate, participant-elected, ~9% of WRS assets fund invested 100% in equities): objective is to 'exceed a benchmark composed of market indices weighted to reflect adopted asset allocation policies'; the S&P 500 Index (with income added) is also observed as a secondary comparison; ~40% of the Variable Fund was diversified into international, small- and mid-cap stocks not represented in the S&P 500.",CAFR,"WI_WI-ETF_CAFR_2002_125.pdf.pdf (language cross-checked against WI_WI-ETF_CAFR_2003_125.pdf.pdf, which is nearly identical)",/Kevin/RevolvingDoor/CAFR2024/125_Wisconsin RS/WI_WI-ETF_CAFR_2002_125.pdf.pdf,2002,,,Low,,,,,,,,,,,,,,,,,,,,,,,,,,,,,single-pass-only,pilot-batch-1-sonnet,2026-09-22,
125,Wisconsin RS,WI,2007,2001,2008,Fixed (Core) Trust Fund objective is to exceed 'a benchmark composed of market indices weighted to reflect adopted asset allocation policies' -- described as a composite of published industry indices and customized benchmarks 'rolled up and weighted to match SWIB's asset allocation targets.' No full weight table or list of component indices is given in the fetchable CAFR narrative for this era.,"Russell 3000 (stated explicitly: 'domestic equities are measured against the Russell 3000 because it represents the mixture of large, medium and small companies held in the WRS domestic equities portfolios')",,,,,,,,,"Variable Trust Fund (a separate, participant-elected, ~9% of WRS assets fund invested 100% in equities): objective is to 'exceed a benchmark composed of market indices weighted to reflect adopted asset allocation policies'; the S&P 500 Index (with income added) is also observed as a secondary comparison; ~40% of the Variable Fund was diversified into international, small- and mid-cap stocks not represented in the S&P 500.",CAFR,"WI_WI-ETF_CAFR_2002_125.pdf.pdf (language cross-checked against WI_WI-ETF_CAFR_2003_125.pdf.pdf, which is nearly identical)",/Kevin/RevolvingDoor/CAFR2024/125_Wisconsin RS/WI_WI-ETF_CAFR_2002_125.pdf.pdf,2002,,,Low,,,,,,,,,,,,,,,,,,,,,,,,,,,,,single-pass-only,pilot-batch-1-sonnet,2026-09-22,
125,Wisconsin RS,WI,2004,2001,2008,Fixed (Core) Trust Fund objective is to exceed 'a benchmark composed of market indices weighted to reflect adopted asset allocation policies' -- described as a composite of published industry indices and customized benchmarks 'rolled up and weighted to match SWIB's asset allocation targets.' No full weight table or list of component indices is given in the fetchable CAFR narrative for this era.,"Russell 3000 (stated explicitly: 'domestic equities are measured against the Russell 3000 because it represents the mixture of large, medium and small companies held in the WRS domestic equities portfolios')",,,,,,,,,"Variable Trust Fund (a separate, participant-elected, ~9% of WRS assets fund invested 100% in equities): objective is to 'exceed a benchmark composed of market indices weighted to reflect adopted asset allocation policies'; the S&P 500 Index (with income added) is also observed as a secondary comparison; ~40% of the Variable Fund was diversified into international, small- and mid-cap stocks not represented in the S&P 500.",CAFR,"WI_WI-ETF_CAFR_2002_125.pdf.pdf (language cross-checked against WI_WI-ETF_CAFR_2003_125.pdf.pdf, which is nearly identical)",/Kevin/RevolvingDoor/CAFR2024/125_Wisconsin RS/WI_WI-ETF_CAFR_2002_125.pdf.pdf,2002,,,Low,,,,,,,,,,,,,,,,,,,,,,,,,,,,,single-pass-only,pilot-batch-1-sonnet,2026-09-22,
125,Wisconsin RS,WI,2010,2010,2011,Composite of asset-class benchmarks weighted to target asset allocation for the Core/Fixed Trust Fund; effective 1/1/2010 the fixed income component adopted an explicit multi-index blend and the equity component's MSCI benchmark was updated to a custom net-of-tax basis.,Russell 3000,MSCI-based benchmark; beginning 1/1/2010 the tax treatment of the MSCI benchmark was updated to a custom net-of-tax benchmark based on SWIB-specific tax treatment,,"Public Fixed Income Benchmark (effective 1/1/2010, excludes TIPS) -- fixed blend of six components: 67% Bloomberg Barclays Capital Govt/Credit, 12% Citigroup WGBI Unhedged (Net Tax), 5.5% BofA Merrill Lynch US HY Index, 5.5% JPM EMBI Global Diversified, 8% Bloomberg Barclays US Treasuries, 2% Bloomberg Barclays US Treasuries Long",,,,,,Internal sub-portfolio benchmarks per the 2017 IPS Appendix 3 that were already in place in this window: Government/Credit portfolio vs. Bloomberg Barclays Capital Govt/Credit (effective 1/1/2003); Global Fixed Income portfolio vs. Citigroup World Govt Bond Index (Net Tax) (effective 7/1/1999); TIPS portfolio vs. Bloomberg Barclays Capital TIPS Index (effective 1/1/2004).,IPS,"Wisconsin_InvPolStmt_2017_125.pdf.pdf ('WRS Investment Guidelines,' Revised as of June 27, 2017, Appendix 3)",/Kevin/RevolvingDoor/CAFR2024/125_Wisconsin RS/Wisconsin_InvPolStmt_2017_125.pdf.pdf,2017,,,Medium,,,,,,,,,,,,,,,,,,,,,,,,,,,,,single-pass-only,pilot-batch-1-sonnet,2026-09-22,
125,Wisconsin RS,WI,2013,2013,2013,Composite of asset-class benchmarks weighted to target allocation; Real Estate component benchmark formally set effective 1/1/2013.,Russell 3000,MSCI-based benchmark (custom net-of-tax),,"Public Fixed Income Benchmark: 67% Bloomberg Barclays Capital Govt/Credit, 12% Citigroup WGBI Unhedged (Net Tax), 5.5% BofA Merrill Lynch US HY Index, 5.5% JPM EMBI Global Diversified, 8% Bloomberg Barclays US Treasuries, 2% Bloomberg Barclays US Treasuries Long","100% NFI-ODCE (NCREIF Fund Index -- Open End Diversified Core Equity), effective 1/1/2013",,,,"3-Month LIBOR + 10bps (Core Trust Fund Cash component, negative weight reflecting leverage)",Variable Trust Fund Benchmark: 70% Russell 3000 / 30% MSCI ACWI ex US.,IPS,"Wisconsin_InvPolStmt_2017_125.pdf.pdf ('WRS Investment Guidelines,' Revised as of June 27, 2017, Appendix 3, footnote 6)",/Kevin/RevolvingDoor/CAFR2024/125_Wisconsin RS/Wisconsin_InvPolStmt_2017_125.pdf.pdf,2017,,,Medium,,,,,,,,,,,,,,,,,,,,,,,,,,,,,single-pass-only,pilot-batch-1-sonnet,2026-09-22,
125,Wisconsin RS,WI,2019,2018,2021,"No fetchable primary source from 2018-2021 was found to confirm whether the Core Trust Fund Benchmark composition changed after the May 2017 snapshot. The values below carry forward the last confirmed benchmark (as of May 1, 2017) as a best-available estimate only, and should not be treated as independently confirmed for FY2018-2021.",,,"[Carried forward, unconfirmed for this window] 86% MSCI World / 4% Russell 2000 / 10% MSCI EM (Global Equities, ~50% of Core Trust Fund Benchmark as of the last confirmed (2017) source)","[Carried forward, unconfirmed for this window] Public Fixed Income Benchmark: 67% Bloomberg Barclays Capital Govt/Credit, 12% Citigroup WGBI Unhedged (Net Tax), 5.5% BofA Merrill Lynch US HY Index, 5.5% JPM EMBI Global Diversified, 8% Bloomberg Barclays US Treasuries, 2% Bloomberg Barclays US Treasuries Long","[Carried forward, unconfirmed for this window] 100% NFI-ODCE","[Carried forward, unconfirmed for this window] Roll-up of Burgiss Global All Private Equity, Burgiss US Buyout, Burgiss Venture Capital, Burgiss Index (all weighted vintage year), Credit Suisse Leveraged Loan Index + 1%, and Bloomberg Barclays Capital Duration-Adjusted Baa Corporate + 20bps","[Carried forward, unconfirmed for this window] 3-Month LIBOR + 10bps","[Carried forward, unconfirmed for this window] Inflation Sensitive Benchmark: roll-up of Bloomberg Barclays Capital TIPS Index and S&P Dow Jones Commodity Index","[Carried forward, unconfirmed for this window] 3-Month LIBOR + 10bps (negative/leverage-offset weight)","[Carried forward, unconfirmed] Multi Asset Benchmark: 65% MSCI World, 25% Bloomberg Barclays Capital Govt/Credit, 10% Citigroup WGBI Unhedged (Net Tax). Variable Trust Fund Benchmark: 70% Russell 3000 / 30% MSCI ACWI ex US. Note that LIBOR was being phased out industry-wide starting in 2021-2023, so it is plausible SWIB's cash/hedge-fund/alpha benchmarks were updated to SOFR-based rates in this window, but no document in the archive confirms this for WRS.",IPS,Wisconsin_InvPolStmt_2017_125.pdf.pdf (last confirmed genuine source; carried forward),/Kevin/RevolvingDoor/CAFR2024/125_Wisconsin RS/Wisconsin_InvPolStmt_2017_125.pdf.pdf,2017,,,Low,,,,,,,,,,,,,,,,,,,,,,,,,,,,,single-pass-only,pilot-batch-1-sonnet,2026-09-22,
125,Wisconsin RS,WI,2016,2014,2016,"Composite of asset-class benchmarks weighted to target allocation. Per the Dec 31, 2015 CAFR asset-allocation table, the Core Fund still carried separate 'U.S. Equities' (27%) and 'International Equities' (24.5%) target lines at this time (not yet merged into a single 'Global Equities' sleeve). Inflation-protection component benchmark formalized effective 10/1/2014; Multi-Asset component benchmark and several Private Equity/Debt sub-manager benchmarks formalized/updated effective 1/1/2016.",Russell 3000,MSCI-based benchmark (custom net-of-tax),,"Public Fixed Income Benchmark: 67% Bloomberg Barclays Capital Govt/Credit, 12% Citigroup WGBI Unhedged (Net Tax), 5.5% BofA Merrill Lynch US HY Index, 5.5% JPM EMBI Global Diversified, 8% Bloomberg Barclays US Treasuries, 2% Bloomberg Barclays US Treasuries Long",100% NFI-ODCE,Private Equity/Debt: Burgiss Global All Private Equity; Burgiss Buyout equal-weighted by vintage year; Burgiss Venture Capital weighted by vintage year (Wisconsin and non-Wisconsin); Credit Suisse Leveraged Loan Index + 1% (Current Return); Bloomberg Barclays Capital Duration-Adjusted Baa Corporate + 20bps (Private Debt) -- components formalized/updated at various dates from 1/1/2005 through 1/1/2016,,Inflation Sensitive Benchmark (effective 10/1/2014): 'Roll-up' of Bloomberg Barclays Capital TIPS Index and S&P Dow Jones Commodity Index,"3-Month LIBOR + 10bps (Core Trust Fund Cash component, negative weight reflecting leverage)","Multi-Asset Benchmark (effective 1/1/2016): 65% MSCI World Custom Net, 25% Bloomberg Barclays Govt/Credit, 10% Citigroup WGBI Unhedged (Net Tax). Variable Trust Fund Benchmark: 70% Russell 3000 / 30% MSCI ACWI ex US.",CAFR,WI_WI-ETF_CAFR_2015_125.pdf.pdf (asset-allocation table); component-benchmark detail from Wisconsin_InvPolStmt_2017_125.pdf.pdf Appendix 3,/Kevin/RevolvingDoor/CAFR2024/125_Wisconsin RS/WI_WI-ETF_CAFR_2015_125.pdf.pdf,2015,,,Medium,,,,,,,,,,,,,,,,,,,,,,,,,,,,,single-pass-only,pilot-batch-1-sonnet,2026-09-22,
125,Wisconsin RS,WI,2005,2001,2008,Fixed (Core) Trust Fund objective is to exceed 'a benchmark composed of market indices weighted to reflect adopted asset allocation policies' -- described as a composite of published industry indices and customized benchmarks 'rolled up and weighted to match SWIB's asset allocation targets.' No full weight table or list of component indices is given in the fetchable CAFR narrative for this era.,"Russell 3000 (stated explicitly: 'domestic equities are measured against the Russell 3000 because it represents the mixture of large, medium and small companies held in the WRS domestic equities portfolios')",,,,,,,,,"Variable Trust Fund (a separate, participant-elected, ~9% of WRS assets fund invested 100% in equities): objective is to 'exceed a benchmark composed of market indices weighted to reflect adopted asset allocation policies'; the S&P 500 Index (with income added) is also observed as a secondary comparison; ~40% of the Variable Fund was diversified into international, small- and mid-cap stocks not represented in the S&P 500.",CAFR,"WI_WI-ETF_CAFR_2002_125.pdf.pdf (language cross-checked against WI_WI-ETF_CAFR_2003_125.pdf.pdf, which is nearly identical)",/Kevin/RevolvingDoor/CAFR2024/125_Wisconsin RS/WI_WI-ETF_CAFR_2002_125.pdf.pdf,2002,,,Low,,,,,,,,,,,,,,,,,,,,,,,,,,,,,single-pass-only,pilot-batch-1-sonnet,2026-09-22,
125,Wisconsin RS,WI,2002,2001,2008,Fixed (Core) Trust Fund objective is to exceed 'a benchmark composed of market indices weighted to reflect adopted asset allocation policies' -- described as a composite of published industry indices and customized benchmarks 'rolled up and weighted to match SWIB's asset allocation targets.' No full weight table or list of component indices is given in the fetchable CAFR narrative for this era.,"Russell 3000 (stated explicitly: 'domestic equities are measured against the Russell 3000 because it represents the mixture of large, medium and small companies held in the WRS domestic equities portfolios')",,,,,,,,,"Variable Trust Fund (a separate, participant-elected, ~9% of WRS assets fund invested 100% in equities): objective is to 'exceed a benchmark composed of market indices weighted to reflect adopted asset allocation policies'; the S&P 500 Index (with income added) is also observed as a secondary comparison; ~40% of the Variable Fund was diversified into international, small- and mid-cap stocks not represented in the S&P 500.",CAFR,"WI_WI-ETF_CAFR_2002_125.pdf.pdf (language cross-checked against WI_WI-ETF_CAFR_2003_125.pdf.pdf, which is nearly identical)",/Kevin/RevolvingDoor/CAFR2024/125_Wisconsin RS/WI_WI-ETF_CAFR_2002_125.pdf.pdf,2002,,,Low,,,,,,,,,,,,,,,,,,,,,,,,,,,,,single-pass-only,pilot-batch-1-sonnet,2026-09-22,
125,Wisconsin RS,WI,2008,2001,2008,Fixed (Core) Trust Fund objective is to exceed 'a benchmark composed of market indices weighted to reflect adopted asset allocation policies' -- described as a composite of published industry indices and customized benchmarks 'rolled up and weighted to match SWIB's asset allocation targets.' No full weight table or list of component indices is given in the fetchable CAFR narrative for this era.,"Russell 3000 (stated explicitly: 'domestic equities are measured against the Russell 3000 because it represents the mixture of large, medium and small companies held in the WRS domestic equities portfolios')",,,,,,,,,"Variable Trust Fund (a separate, participant-elected, ~9% of WRS assets fund invested 100% in equities): objective is to 'exceed a benchmark composed of market indices weighted to reflect adopted asset allocation policies'; the S&P 500 Index (with income added) is also observed as a secondary comparison; ~40% of the Variable Fund was diversified into international, small- and mid-cap stocks not represented in the S&P 500.",CAFR,"WI_WI-ETF_CAFR_2002_125.pdf.pdf (language cross-checked against WI_WI-ETF_CAFR_2003_125.pdf.pdf, which is nearly identical)",/Kevin/RevolvingDoor/CAFR2024/125_Wisconsin RS/WI_WI-ETF_CAFR_2002_125.pdf.pdf,2002,,,Low,,,,,,,,,,,,,,,,,,,,,,,,,,,,,single-pass-only,pilot-batch-1-sonnet,2026-09-22,
125,Wisconsin RS,WI,2014,2014,2016,"Composite of asset-class benchmarks weighted to target allocation. Per the Dec 31, 2015 CAFR asset-allocation table, the Core Fund still carried separate 'U.S. Equities' (27%) and 'International Equities' (24.5%) target lines at this time (not yet merged into a single 'Global Equities' sleeve). Inflation-protection component benchmark formalized effective 10/1/2014; Multi-Asset component benchmark and several Private Equity/Debt sub-manager benchmarks formalized/updated effective 1/1/2016.",Russell 3000,MSCI-based benchmark (custom net-of-tax),,"Public Fixed Income Benchmark: 67% Bloomberg Barclays Capital Govt/Credit, 12% Citigroup WGBI Unhedged (Net Tax), 5.5% BofA Merrill Lynch US HY Index, 5.5% JPM EMBI Global Diversified, 8% Bloomberg Barclays US Treasuries, 2% Bloomberg Barclays US Treasuries Long",100% NFI-ODCE,Private Equity/Debt: Burgiss Global All Private Equity; Burgiss Buyout equal-weighted by vintage year; Burgiss Venture Capital weighted by vintage year (Wisconsin and non-Wisconsin); Credit Suisse Leveraged Loan Index + 1% (Current Return); Bloomberg Barclays Capital Duration-Adjusted Baa Corporate + 20bps (Private Debt) -- components formalized/updated at various dates from 1/1/2005 through 1/1/2016,,Inflation Sensitive Benchmark (effective 10/1/2014): 'Roll-up' of Bloomberg Barclays Capital TIPS Index and S&P Dow Jones Commodity Index,"3-Month LIBOR + 10bps (Core Trust Fund Cash component, negative weight reflecting leverage)","Multi-Asset Benchmark (effective 1/1/2016): 65% MSCI World Custom Net, 25% Bloomberg Barclays Govt/Credit, 10% Citigroup WGBI Unhedged (Net Tax). Variable Trust Fund Benchmark: 70% Russell 3000 / 30% MSCI ACWI ex US.",CAFR,WI_WI-ETF_CAFR_2015_125.pdf.pdf (asset-allocation table); component-benchmark detail from Wisconsin_InvPolStmt_2017_125.pdf.pdf Appendix 3,/Kevin/RevolvingDoor/CAFR2024/125_Wisconsin RS/WI_WI-ETF_CAFR_2015_125.pdf.pdf,2015,,,Medium,,,,,,,,,,,,,,,,,,,,,,,,,,,,,single-pass-only,pilot-batch-1-sonnet,2026-09-22,
125,Wisconsin RS,WI,2011,2010,2011,Composite of asset-class benchmarks weighted to target asset allocation for the Core/Fixed Trust Fund; effective 1/1/2010 the fixed income component adopted an explicit multi-index blend and the equity component's MSCI benchmark was updated to a custom net-of-tax basis.,Russell 3000,MSCI-based benchmark; beginning 1/1/2010 the tax treatment of the MSCI benchmark was updated to a custom net-of-tax benchmark based on SWIB-specific tax treatment,,"Public Fixed Income Benchmark (effective 1/1/2010, excludes TIPS) -- fixed blend of six components: 67% Bloomberg Barclays Capital Govt/Credit, 12% Citigroup WGBI Unhedged (Net Tax), 5.5% BofA Merrill Lynch US HY Index, 5.5% JPM EMBI Global Diversified, 8% Bloomberg Barclays US Treasuries, 2% Bloomberg Barclays US Treasuries Long",,,,,,Internal sub-portfolio benchmarks per the 2017 IPS Appendix 3 that were already in place in this window: Government/Credit portfolio vs. Bloomberg Barclays Capital Govt/Credit (effective 1/1/2003); Global Fixed Income portfolio vs. Citigroup World Govt Bond Index (Net Tax) (effective 7/1/1999); TIPS portfolio vs. Bloomberg Barclays Capital TIPS Index (effective 1/1/2004).,IPS,"Wisconsin_InvPolStmt_2017_125.pdf.pdf ('WRS Investment Guidelines,' Revised as of June 27, 2017, Appendix 3)",/Kevin/RevolvingDoor/CAFR2024/125_Wisconsin RS/Wisconsin_InvPolStmt_2017_125.pdf.pdf,2017,,,Medium,,,,,,,,,,,,,,,,,,,,,,,,,,,,,single-pass-only,pilot-batch-1-sonnet,2026-09-22,
125,Wisconsin RS,WI,2017,2017,2017,"Core Trust Fund Benchmark (WRS Internal Benchmarks, 'as of May 1, 2017'): target-allocation-weighted aggregation of -- Global Equities 50.0%, Fixed Income 24.5%, Inflation Protection 14.5%, Real Estate 8%, Private Equity/Debt 8%, Multi Asset 4%, Cash (-9%). (Private Equity and Real Estate weights float 5%-11%, with excess taken from Public Equities [PE] or 50/50 from Public Equities and Fixed Income [Real Estate]; Multi-Asset floats 1%-7%, excess taken 50/50 from Public Equities and Fixed Income.) Separately, the Variable Trust Fund Benchmark = 70% Russell 3000 / 30% MSCI All Country World Index (ACWI) ex US.",,,"86% MSCI World / 4% Russell 2000 / 10% MSCI EM (the Global Equities sleeve, 50.0% weight in the Core Trust Fund Benchmark; Core Fund equities are unified into this single Global Equities benchmark rather than split into separate US/international lines as they were as recently as the Dec 2015 CAFR)","Public Fixed Income Benchmark (24.5% of Core Trust Fund; excludes TIPS): 67% Bloomberg Barclays Capital Govt/Credit, 12% Citigroup WGBI Unhedged (Net Tax), 5.5% BofA Merrill Lynch US HY Index, 5.5% JPM EMBI Global Diversified, 8% Bloomberg Barclays US Treasuries, 2% Bloomberg Barclays US Treasuries Long","100% NFI-ODCE (NCREIF Fund Index -- Open End Diversified Core Equity), 8% weight",'Roll-up' of six component benchmarks (8% weight): Burgiss Global All Private Equity; Burgiss US Buyout (weighted vintage year); Burgiss Venture Capital (weighted vintage year); Burgiss Index (weighted vintage year); Credit Suisse Leveraged Loan Index + 1%; Bloomberg Barclays Capital Duration-Adjusted Baa Corporate + 20bps,"3-Month LIBOR + 10bps (Hedge Funds and Tactical Alpha portfolios within SWIB's internally managed Alpha Pool, effective 1/1/2017)",Inflation Sensitive Benchmark (14.5% weight): 'Roll-up' of Bloomberg Barclays Capital TIPS Index and S&P Dow Jones Commodity Index (effective 10/1/2014),"3-Month LIBOR + 10bps (Cash component, -9% weight, reflects leverage; Core Trust Fund Benchmark updated 4/30/2012 to include Cash)","Multi Asset Benchmark (4% weight): 65% MSCI World, 25% Bloomberg Barclays Capital Govt/Credit, 10% Citigroup WGBI Unhedged (Net Tax).",IPS,"Wisconsin_InvPolStmt_2017_125.pdf.pdf (actual title: 'SWIB Investment Committee -- Wisconsin Retirement System Investment Guidelines,' Revised as of June 27, 2017; Appendix 3 'WRS Internal Benchmarks as of May 1, 2017')",/Kevin/RevolvingDoor/CAFR2024/125_Wisconsin RS/Wisconsin_InvPolStmt_2017_125.pdf.pdf,2017,,,High,,,,,,,,,,,,,,,,,,,,,,,,,,,,,single-pass-only,pilot-batch-1-sonnet,2026-09-22,
125,Wisconsin RS,WI,2020,2018,2021,"No fetchable primary source from 2018-2021 was found to confirm whether the Core Trust Fund Benchmark composition changed after the May 2017 snapshot. The values below carry forward the last confirmed benchmark (as of May 1, 2017) as a best-available estimate only, and should not be treated as independently confirmed for FY2018-2021.",,,"[Carried forward, unconfirmed for this window] 86% MSCI World / 4% Russell 2000 / 10% MSCI EM (Global Equities, ~50% of Core Trust Fund Benchmark as of the last confirmed (2017) source)","[Carried forward, unconfirmed for this window] Public Fixed Income Benchmark: 67% Bloomberg Barclays Capital Govt/Credit, 12% Citigroup WGBI Unhedged (Net Tax), 5.5% BofA Merrill Lynch US HY Index, 5.5% JPM EMBI Global Diversified, 8% Bloomberg Barclays US Treasuries, 2% Bloomberg Barclays US Treasuries Long","[Carried forward, unconfirmed for this window] 100% NFI-ODCE","[Carried forward, unconfirmed for this window] Roll-up of Burgiss Global All Private Equity, Burgiss US Buyout, Burgiss Venture Capital, Burgiss Index (all weighted vintage year), Credit Suisse Leveraged Loan Index + 1%, and Bloomberg Barclays Capital Duration-Adjusted Baa Corporate + 20bps","[Carried forward, unconfirmed for this window] 3-Month LIBOR + 10bps","[Carried forward, unconfirmed for this window] Inflation Sensitive Benchmark: roll-up of Bloomberg Barclays Capital TIPS Index and S&P Dow Jones Commodity Index","[Carried forward, unconfirmed for this window] 3-Month LIBOR + 10bps (negative/leverage-offset weight)","[Carried forward, unconfirmed] Multi Asset Benchmark: 65% MSCI World, 25% Bloomberg Barclays Capital Govt/Credit, 10% Citigroup WGBI Unhedged (Net Tax). Variable Trust Fund Benchmark: 70% Russell 3000 / 30% MSCI ACWI ex US. Note that LIBOR was being phased out industry-wide starting in 2021-2023, so it is plausible SWIB's cash/hedge-fund/alpha benchmarks were updated to SOFR-based rates in this window, but no document in the archive confirms this for WRS.",IPS,Wisconsin_InvPolStmt_2017_125.pdf.pdf (last confirmed genuine source; carried forward),/Kevin/RevolvingDoor/CAFR2024/125_Wisconsin RS/Wisconsin_InvPolStmt_2017_125.pdf.pdf,2017,,,Low,,,,,,,,,,,,,,,,,,,,,,,,,,,,,single-pass-only,pilot-batch-1-sonnet,2026-09-22,
