ppd_id,PlanName,StateAbbrev,fy,size_rank,latest_MktAssets_net,status,batch
9,California PERF,CA,2001.0,1.0,4.7732275e+08,pending,
9,California PERF,CA,2002.0,1.0,4.7732275e+08,pending,
9,California PERF,CA,2003.0,1.0,4.7732275e+08,pending,
9,California PERF,CA,2004.0,1.0,4.7732275e+08,pending,
9,California PERF,CA,2005.0,1.0,4.7732275e+08,pending,
9,California PERF,CA,2006.0,1.0,4.7732275e+08,pending,
9,California PERF,CA,2007.0,1.0,4.7732275e+08,pending,
9,California PERF,CA,2008.0,1.0,4.7732275e+08,pending,
9,California PERF,CA,2009.0,1.0,4.7732275e+08,pending,
9,California PERF,CA,2010.0,1.0,4.7732275e+08,pending,
9,California PERF,CA,2011.0,1.0,4.7732275e+08,pending,
9,California PERF,CA,2012.0,1.0,4.7732275e+08,pending,
9,California PERF,CA,2013.0,1.0,4.7732275e+08,pending,
9,California PERF,CA,2014.0,1.0,4.7732275e+08,pending,
9,California PERF,CA,2015.0,1.0,4.7732275e+08,pending,
9,California PERF,CA,2016.0,1.0,4.7732275e+08,pending,
9,California PERF,CA,2017.0,1.0,4.7732275e+08,pending,
9,California PERF,CA,2018.0,1.0,4.7732275e+08,pending,
9,California PERF,CA,2019.0,1.0,4.7732275e+08,pending,
9,California PERF,CA,2020.0,1.0,4.7732275e+08,pending,
9,California PERF,CA,2021.0,1.0,4.7732275e+08,pending,
10,California Teachers,CA,2001.0,2.0,3.1029344e+08,pending,
10,California Teachers,CA,2002.0,2.0,3.1029344e+08,pending,
10,California Teachers,CA,2003.0,2.0,3.1029344e+08,pending,
10,California Teachers,CA,2004.0,2.0,3.1029344e+08,pending,
10,California Teachers,CA,2005.0,2.0,3.1029344e+08,pending,
10,California Teachers,CA,2006.0,2.0,3.1029344e+08,pending,
10,California Teachers,CA,2007.0,2.0,3.1029344e+08,pending,
10,California Teachers,CA,2008.0,2.0,3.1029344e+08,pending,
10,California Teachers,CA,2009.0,2.0,3.1029344e+08,pending,
10,California Teachers,CA,2010.0,2.0,3.1029344e+08,pending,
10,California Teachers,CA,2011.0,2.0,3.1029344e+08,pending,
10,California Teachers,CA,2012.0,2.0,3.1029344e+08,pending,
10,California Teachers,CA,2013.0,2.0,3.1029344e+08,pending,
10,California Teachers,CA,2014.0,2.0,3.1029344e+08,pending,
10,California Teachers,CA,2015.0,2.0,3.1029344e+08,pending,
10,California Teachers,CA,2016.0,2.0,3.1029344e+08,pending,
10,California Teachers,CA,2017.0,2.0,3.1029344e+08,pending,
10,California Teachers,CA,2018.0,2.0,3.1029344e+08,pending,
10,California Teachers,CA,2019.0,2.0,3.1029344e+08,pending,
10,California Teachers,CA,2020.0,2.0,3.1029344e+08,pending,
10,California Teachers,CA,2021.0,2.0,3.1029344e+08,pending,
83,NY State & Local ERS,NY,2001.0,3.0,2.2058058e+08,pending,
83,NY State & Local ERS,NY,2002.0,3.0,2.2058058e+08,pending,
83,NY State & Local ERS,NY,2003.0,3.0,2.2058058e+08,pending,
83,NY State & Local ERS,NY,2004.0,3.0,2.2058058e+08,pending,
83,NY State & Local ERS,NY,2005.0,3.0,2.2058058e+08,pending,
83,NY State & Local ERS,NY,2006.0,3.0,2.2058058e+08,pending,
83,NY State & Local ERS,NY,2007.0,3.0,2.2058058e+08,pending,
83,NY State & Local ERS,NY,2008.0,3.0,2.2058058e+08,pending,
83,NY State & Local ERS,NY,2009.0,3.0,2.2058058e+08,pending,
83,NY State & Local ERS,NY,2010.0,3.0,2.2058058e+08,pending,
83,NY State & Local ERS,NY,2011.0,3.0,2.2058058e+08,pending,
83,NY State & Local ERS,NY,2012.0,3.0,2.2058058e+08,pending,
83,NY State & Local ERS,NY,2013.0,3.0,2.2058058e+08,pending,
83,NY State & Local ERS,NY,2014.0,3.0,2.2058058e+08,pending,
83,NY State & Local ERS,NY,2015.0,3.0,2.2058058e+08,pending,
83,NY State & Local ERS,NY,2016.0,3.0,2.2058058e+08,pending,
83,NY State & Local ERS,NY,2017.0,3.0,2.2058058e+08,pending,
83,NY State & Local ERS,NY,2018.0,3.0,2.2058058e+08,pending,
83,NY State & Local ERS,NY,2019.0,3.0,2.2058058e+08,pending,
83,NY State & Local ERS,NY,2020.0,3.0,2.2058058e+08,pending,
83,NY State & Local ERS,NY,2021.0,3.0,2.2058058e+08,pending,
26,Florida RS,FL,2001.0,4.0,2.0208218e+08,pending,
26,Florida RS,FL,2002.0,4.0,2.0208218e+08,pending,
26,Florida RS,FL,2003.0,4.0,2.0208218e+08,pending,
26,Florida RS,FL,2004.0,4.0,2.0208218e+08,pending,
26,Florida RS,FL,2005.0,4.0,2.0208218e+08,pending,
26,Florida RS,FL,2006.0,4.0,2.0208218e+08,pending,
26,Florida RS,FL,2007.0,4.0,2.0208218e+08,pending,
26,Florida RS,FL,2008.0,4.0,2.0208218e+08,pending,
26,Florida RS,FL,2009.0,4.0,2.0208218e+08,pending,
26,Florida RS,FL,2010.0,4.0,2.0208218e+08,pending,
26,Florida RS,FL,2011.0,4.0,2.0208218e+08,pending,
26,Florida RS,FL,2012.0,4.0,2.0208218e+08,pending,
26,Florida RS,FL,2013.0,4.0,2.0208218e+08,pending,
26,Florida RS,FL,2014.0,4.0,2.0208218e+08,pending,
26,Florida RS,FL,2015.0,4.0,2.0208218e+08,pending,
26,Florida RS,FL,2016.0,4.0,2.0208218e+08,pending,
26,Florida RS,FL,2017.0,4.0,2.0208218e+08,pending,
26,Florida RS,FL,2018.0,4.0,2.0208218e+08,pending,
26,Florida RS,FL,2019.0,4.0,2.0208218e+08,pending,
26,Florida RS,FL,2020.0,4.0,2.0208218e+08,pending,
26,Florida RS,FL,2021.0,4.0,2.0208218e+08,pending,
108,Texas Teachers,TX,2001.0,5.0,2.01807e+08,pending,
108,Texas Teachers,TX,2002.0,5.0,2.01807e+08,pending,
108,Texas Teachers,TX,2003.0,5.0,2.01807e+08,pending,
108,Texas Teachers,TX,2004.0,5.0,2.01807e+08,pending,
108,Texas Teachers,TX,2005.0,5.0,2.01807e+08,pending,
108,Texas Teachers,TX,2006.0,5.0,2.01807e+08,pending,
108,Texas Teachers,TX,2007.0,5.0,2.01807e+08,pending,
108,Texas Teachers,TX,2008.0,5.0,2.01807e+08,pending,
108,Texas Teachers,TX,2009.0,5.0,2.01807e+08,pending,
108,Texas Teachers,TX,2010.0,5.0,2.01807e+08,pending,
108,Texas Teachers,TX,2011.0,5.0,2.01807e+08,pending,
108,Texas Teachers,TX,2012.0,5.0,2.01807e+08,pending,
108,Texas Teachers,TX,2013.0,5.0,2.01807e+08,pending,
108,Texas Teachers,TX,2014.0,5.0,2.01807e+08,pending,
108,Texas Teachers,TX,2015.0,5.0,2.01807e+08,pending,
108,Texas Teachers,TX,2016.0,5.0,2.01807e+08,pending,
108,Texas Teachers,TX,2017.0,5.0,2.01807e+08,pending,
108,Texas Teachers,TX,2018.0,5.0,2.01807e+08,pending,
108,Texas Teachers,TX,2019.0,5.0,2.01807e+08,pending,
108,Texas Teachers,TX,2020.0,5.0,2.01807e+08,pending,
108,Texas Teachers,TX,2021.0,5.0,2.01807e+08,pending,
78,New York State Teachers,NY,2001.0,6.0,1.4814846e+08,pending,
78,New York State Teachers,NY,2002.0,6.0,1.4814846e+08,pending,
78,New York State Teachers,NY,2003.0,6.0,1.4814846e+08,pending,
78,New York State Teachers,NY,2004.0,6.0,1.4814846e+08,pending,
78,New York State Teachers,NY,2005.0,6.0,1.4814846e+08,pending,
78,New York State Teachers,NY,2006.0,6.0,1.4814846e+08,pending,
78,New York State Teachers,NY,2007.0,6.0,1.4814846e+08,pending,
78,New York State Teachers,NY,2008.0,6.0,1.4814846e+08,pending,
78,New York State Teachers,NY,2009.0,6.0,1.4814846e+08,pending,
78,New York State Teachers,NY,2010.0,6.0,1.4814846e+08,pending,
78,New York State Teachers,NY,2011.0,6.0,1.4814846e+08,pending,
78,New York State Teachers,NY,2012.0,6.0,1.4814846e+08,pending,
78,New York State Teachers,NY,2013.0,6.0,1.4814846e+08,pending,
78,New York State Teachers,NY,2014.0,6.0,1.4814846e+08,pending,
78,New York State Teachers,NY,2015.0,6.0,1.4814846e+08,pending,
78,New York State Teachers,NY,2016.0,6.0,1.4814846e+08,pending,
78,New York State Teachers,NY,2017.0,6.0,1.4814846e+08,pending,
78,New York State Teachers,NY,2018.0,6.0,1.4814846e+08,pending,
78,New York State Teachers,NY,2019.0,6.0,1.4814846e+08,pending,
78,New York State Teachers,NY,2020.0,6.0,1.4814846e+08,pending,
78,New York State Teachers,NY,2021.0,6.0,1.4814846e+08,pending,
125,Wisconsin RS,WI,2001.0,7.0,1.418477e+08,pending,
125,Wisconsin RS,WI,2002.0,7.0,1.418477e+08,pending,
125,Wisconsin RS,WI,2003.0,7.0,1.418477e+08,pending,
125,Wisconsin RS,WI,2004.0,7.0,1.418477e+08,pending,
125,Wisconsin RS,WI,2005.0,7.0,1.418477e+08,pending,
125,Wisconsin RS,WI,2006.0,7.0,1.418477e+08,pending,
125,Wisconsin RS,WI,2007.0,7.0,1.418477e+08,pending,
125,Wisconsin RS,WI,2008.0,7.0,1.418477e+08,pending,
125,Wisconsin RS,WI,2009.0,7.0,1.418477e+08,pending,
125,Wisconsin RS,WI,2010.0,7.0,1.418477e+08,pending,
125,Wisconsin RS,WI,2011.0,7.0,1.418477e+08,pending,
125,Wisconsin RS,WI,2012.0,7.0,1.418477e+08,pending,
125,Wisconsin RS,WI,2013.0,7.0,1.418477e+08,pending,
125,Wisconsin RS,WI,2014.0,7.0,1.418477e+08,pending,
125,Wisconsin RS,WI,2015.0,7.0,1.418477e+08,pending,
125,Wisconsin RS,WI,2016.0,7.0,1.418477e+08,pending,
125,Wisconsin RS,WI,2017.0,7.0,1.418477e+08,pending,
125,Wisconsin RS,WI,2018.0,7.0,1.418477e+08,pending,
125,Wisconsin RS,WI,2019.0,7.0,1.418477e+08,pending,
125,Wisconsin RS,WI,2020.0,7.0,1.418477e+08,pending,
125,Wisconsin RS,WI,2021.0,7.0,1.418477e+08,pending,
85,Ohio PERS,OH,2001.0,8.0,1.09209656e+08,pending,
85,Ohio PERS,OH,2002.0,8.0,1.09209656e+08,pending,
85,Ohio PERS,OH,2003.0,8.0,1.09209656e+08,pending,
85,Ohio PERS,OH,2004.0,8.0,1.09209656e+08,pending,
85,Ohio PERS,OH,2005.0,8.0,1.09209656e+08,pending,
85,Ohio PERS,OH,2006.0,8.0,1.09209656e+08,pending,
85,Ohio PERS,OH,2007.0,8.0,1.09209656e+08,pending,
85,Ohio PERS,OH,2008.0,8.0,1.09209656e+08,pending,
85,Ohio PERS,OH,2009.0,8.0,1.09209656e+08,pending,
85,Ohio PERS,OH,2010.0,8.0,1.09209656e+08,pending,
85,Ohio PERS,OH,2011.0,8.0,1.09209656e+08,pending,
85,Ohio PERS,OH,2012.0,8.0,1.09209656e+08,pending,
85,Ohio PERS,OH,2013.0,8.0,1.09209656e+08,pending,
85,Ohio PERS,OH,2014.0,8.0,1.09209656e+08,pending,
85,Ohio PERS,OH,2015.0,8.0,1.09209656e+08,pending,
85,Ohio PERS,OH,2016.0,8.0,1.09209656e+08,pending,
85,Ohio PERS,OH,2017.0,8.0,1.09209656e+08,pending,
85,Ohio PERS,OH,2018.0,8.0,1.09209656e+08,pending,
85,Ohio PERS,OH,2019.0,8.0,1.09209656e+08,pending,
85,Ohio PERS,OH,2020.0,8.0,1.09209656e+08,pending,
85,Ohio PERS,OH,2021.0,8.0,1.09209656e+08,pending,
28,Georgia Teachers,GA,2001.0,9.0,1.0214669e+08,pending,
28,Georgia Teachers,GA,2002.0,9.0,1.0214669e+08,pending,
28,Georgia Teachers,GA,2003.0,9.0,1.0214669e+08,pending,
28,Georgia Teachers,GA,2004.0,9.0,1.0214669e+08,pending,
28,Georgia Teachers,GA,2005.0,9.0,1.0214669e+08,pending,
28,Georgia Teachers,GA,2006.0,9.0,1.0214669e+08,pending,
28,Georgia Teachers,GA,2007.0,9.0,1.0214669e+08,pending,
28,Georgia Teachers,GA,2008.0,9.0,1.0214669e+08,pending,
28,Georgia Teachers,GA,2009.0,9.0,1.0214669e+08,pending,
28,Georgia Teachers,GA,2010.0,9.0,1.0214669e+08,pending,
28,Georgia Teachers,GA,2011.0,9.0,1.0214669e+08,pending,
28,Georgia Teachers,GA,2012.0,9.0,1.0214669e+08,pending,
28,Georgia Teachers,GA,2013.0,9.0,1.0214669e+08,pending,
28,Georgia Teachers,GA,2014.0,9.0,1.0214669e+08,pending,
28,Georgia Teachers,GA,2015.0,9.0,1.0214669e+08,pending,
28,Georgia Teachers,GA,2016.0,9.0,1.0214669e+08,pending,
28,Georgia Teachers,GA,2017.0,9.0,1.0214669e+08,pending,
28,Georgia Teachers,GA,2018.0,9.0,1.0214669e+08,pending,
28,Georgia Teachers,GA,2019.0,9.0,1.0214669e+08,pending,
28,Georgia Teachers,GA,2020.0,9.0,1.0214669e+08,pending,
28,Georgia Teachers,GA,2021.0,9.0,1.0214669e+08,pending,
115,Virginia RS,VA,2001.0,10.0,9.888086e+07,pending,
115,Virginia RS,VA,2002.0,10.0,9.888086e+07,pending,
115,Virginia RS,VA,2003.0,10.0,9.888086e+07,pending,
115,Virginia RS,VA,2004.0,10.0,9.888086e+07,pending,
115,Virginia RS,VA,2005.0,10.0,9.888086e+07,pending,
115,Virginia RS,VA,2006.0,10.0,9.888086e+07,pending,
115,Virginia RS,VA,2007.0,10.0,9.888086e+07,pending,
115,Virginia RS,VA,2008.0,10.0,9.888086e+07,pending,
115,Virginia RS,VA,2009.0,10.0,9.888086e+07,pending,
115,Virginia RS,VA,2010.0,10.0,9.888086e+07,pending,
115,Virginia RS,VA,2011.0,10.0,9.888086e+07,pending,
115,Virginia RS,VA,2012.0,10.0,9.888086e+07,pending,
115,Virginia RS,VA,2013.0,10.0,9.888086e+07,pending,
115,Virginia RS,VA,2014.0,10.0,9.888086e+07,pending,
115,Virginia RS,VA,2015.0,10.0,9.888086e+07,pending,
115,Virginia RS,VA,2016.0,10.0,9.888086e+07,pending,
115,Virginia RS,VA,2017.0,10.0,9.888086e+07,pending,
115,Virginia RS,VA,2018.0,10.0,9.888086e+07,pending,
115,Virginia RS,VA,2019.0,10.0,9.888086e+07,pending,
115,Virginia RS,VA,2020.0,10.0,9.888086e+07,pending,
115,Virginia RS,VA,2021.0,10.0,9.888086e+07,pending,
111,University of California,CA,2001.0,11.0,9.1826e+07,pending,
111,University of California,CA,2002.0,11.0,9.1826e+07,pending,
111,University of California,CA,2003.0,11.0,9.1826e+07,pending,
111,University of California,CA,2004.0,11.0,9.1826e+07,pending,
111,University of California,CA,2005.0,11.0,9.1826e+07,pending,
111,University of California,CA,2006.0,11.0,9.1826e+07,pending,
111,University of California,CA,2007.0,11.0,9.1826e+07,pending,
111,University of California,CA,2008.0,11.0,9.1826e+07,pending,
111,University of California,CA,2009.0,11.0,9.1826e+07,pending,
111,University of California,CA,2010.0,11.0,9.1826e+07,pending,
111,University of California,CA,2011.0,11.0,9.1826e+07,pending,
111,University of California,CA,2012.0,11.0,9.1826e+07,pending,
111,University of California,CA,2013.0,11.0,9.1826e+07,pending,
111,University of California,CA,2014.0,11.0,9.1826e+07,pending,
111,University of California,CA,2015.0,11.0,9.1826e+07,pending,
111,University of California,CA,2016.0,11.0,9.1826e+07,pending,
111,University of California,CA,2017.0,11.0,9.1826e+07,pending,
111,University of California,CA,2018.0,11.0,9.1826e+07,pending,
111,University of California,CA,2019.0,11.0,9.1826e+07,pending,
111,University of California,CA,2020.0,11.0,9.1826e+07,pending,
111,University of California,CA,2021.0,11.0,9.1826e+07,pending,
88,Ohio Teachers,OH,2001.0,12.0,8.937904e+07,pending,
88,Ohio Teachers,OH,2002.0,12.0,8.937904e+07,pending,
88,Ohio Teachers,OH,2003.0,12.0,8.937904e+07,pending,
88,Ohio Teachers,OH,2004.0,12.0,8.937904e+07,pending,
88,Ohio Teachers,OH,2005.0,12.0,8.937904e+07,pending,
88,Ohio Teachers,OH,2006.0,12.0,8.937904e+07,pending,
88,Ohio Teachers,OH,2007.0,12.0,8.937904e+07,pending,
88,Ohio Teachers,OH,2008.0,12.0,8.937904e+07,pending,
88,Ohio Teachers,OH,2009.0,12.0,8.937904e+07,pending,
88,Ohio Teachers,OH,2010.0,12.0,8.937904e+07,pending,
88,Ohio Teachers,OH,2011.0,12.0,8.937904e+07,pending,
88,Ohio Teachers,OH,2012.0,12.0,8.937904e+07,pending,
88,Ohio Teachers,OH,2013.0,12.0,8.937904e+07,pending,
88,Ohio Teachers,OH,2014.0,12.0,8.937904e+07,pending,
88,Ohio Teachers,OH,2015.0,12.0,8.937904e+07,pending,
88,Ohio Teachers,OH,2016.0,12.0,8.937904e+07,pending,
88,Ohio Teachers,OH,2017.0,12.0,8.937904e+07,pending,
88,Ohio Teachers,OH,2018.0,12.0,8.937904e+07,pending,
88,Ohio Teachers,OH,2019.0,12.0,8.937904e+07,pending,
88,Ohio Teachers,OH,2020.0,12.0,8.937904e+07,pending,
88,Ohio Teachers,OH,2021.0,12.0,8.937904e+07,pending,
80,North Carolina Teachers and State Employees,NC,2001.0,13.0,8.639103e+07,pending,
80,North Carolina Teachers and State Employees,NC,2002.0,13.0,8.639103e+07,pending,
80,North Carolina Teachers and State Employees,NC,2003.0,13.0,8.639103e+07,pending,
80,North Carolina Teachers and State Employees,NC,2004.0,13.0,8.639103e+07,pending,
80,North Carolina Teachers and State Employees,NC,2005.0,13.0,8.639103e+07,pending,
80,North Carolina Teachers and State Employees,NC,2006.0,13.0,8.639103e+07,pending,
80,North Carolina Teachers and State Employees,NC,2007.0,13.0,8.639103e+07,pending,
80,North Carolina Teachers and State Employees,NC,2008.0,13.0,8.639103e+07,pending,
80,North Carolina Teachers and State Employees,NC,2009.0,13.0,8.639103e+07,pending,
80,North Carolina Teachers and State Employees,NC,2010.0,13.0,8.639103e+07,pending,
80,North Carolina Teachers and State Employees,NC,2011.0,13.0,8.639103e+07,pending,
80,North Carolina Teachers and State Employees,NC,2012.0,13.0,8.639103e+07,pending,
80,North Carolina Teachers and State Employees,NC,2013.0,13.0,8.639103e+07,pending,
80,North Carolina Teachers and State Employees,NC,2014.0,13.0,8.639103e+07,pending,
80,North Carolina Teachers and State Employees,NC,2015.0,13.0,8.639103e+07,pending,
80,North Carolina Teachers and State Employees,NC,2016.0,13.0,8.639103e+07,pending,
80,North Carolina Teachers and State Employees,NC,2017.0,13.0,8.639103e+07,pending,
80,North Carolina Teachers and State Employees,NC,2018.0,13.0,8.639103e+07,pending,
80,North Carolina Teachers and State Employees,NC,2019.0,13.0,8.639103e+07,pending,
80,North Carolina Teachers and State Employees,NC,2020.0,13.0,8.639103e+07,pending,
80,North Carolina Teachers and State Employees,NC,2021.0,13.0,8.639103e+07,pending,
76,New York City ERS,NY,2001.0,14.0,8.590621e+07,pending,
76,New York City ERS,NY,2002.0,14.0,8.590621e+07,pending,
76,New York City ERS,NY,2003.0,14.0,8.590621e+07,pending,
76,New York City ERS,NY,2004.0,14.0,8.590621e+07,pending,
76,New York City ERS,NY,2005.0,14.0,8.590621e+07,pending,
76,New York City ERS,NY,2006.0,14.0,8.590621e+07,pending,
76,New York City ERS,NY,2007.0,14.0,8.590621e+07,pending,
76,New York City ERS,NY,2008.0,14.0,8.590621e+07,pending,
76,New York City ERS,NY,2009.0,14.0,8.590621e+07,pending,
76,New York City ERS,NY,2010.0,14.0,8.590621e+07,pending,
76,New York City ERS,NY,2011.0,14.0,8.590621e+07,pending,
76,New York City ERS,NY,2012.0,14.0,8.590621e+07,pending,
76,New York City ERS,NY,2013.0,14.0,8.590621e+07,pending,
76,New York City ERS,NY,2014.0,14.0,8.590621e+07,pending,
76,New York City ERS,NY,2015.0,14.0,8.590621e+07,pending,
76,New York City ERS,NY,2016.0,14.0,8.590621e+07,pending,
76,New York City ERS,NY,2017.0,14.0,8.590621e+07,pending,
76,New York City ERS,NY,2018.0,14.0,8.590621e+07,pending,
76,New York City ERS,NY,2019.0,14.0,8.590621e+07,pending,
76,New York City ERS,NY,2020.0,14.0,8.590621e+07,pending,
76,New York City ERS,NY,2021.0,14.0,8.590621e+07,pending,
91,Oregon PERS,OR,2001.0,15.0,8.433132e+07,pending,
91,Oregon PERS,OR,2002.0,15.0,8.433132e+07,pending,
91,Oregon PERS,OR,2003.0,15.0,8.433132e+07,pending,
91,Oregon PERS,OR,2004.0,15.0,8.433132e+07,pending,
91,Oregon PERS,OR,2005.0,15.0,8.433132e+07,pending,
91,Oregon PERS,OR,2006.0,15.0,8.433132e+07,pending,
91,Oregon PERS,OR,2007.0,15.0,8.433132e+07,pending,
91,Oregon PERS,OR,2008.0,15.0,8.433132e+07,pending,
91,Oregon PERS,OR,2009.0,15.0,8.433132e+07,pending,
91,Oregon PERS,OR,2010.0,15.0,8.433132e+07,pending,
91,Oregon PERS,OR,2011.0,15.0,8.433132e+07,pending,
91,Oregon PERS,OR,2012.0,15.0,8.433132e+07,pending,
91,Oregon PERS,OR,2013.0,15.0,8.433132e+07,pending,
91,Oregon PERS,OR,2014.0,15.0,8.433132e+07,pending,
91,Oregon PERS,OR,2015.0,15.0,8.433132e+07,pending,
91,Oregon PERS,OR,2016.0,15.0,8.433132e+07,pending,
91,Oregon PERS,OR,2017.0,15.0,8.433132e+07,pending,
91,Oregon PERS,OR,2018.0,15.0,8.433132e+07,pending,
91,Oregon PERS,OR,2019.0,15.0,8.433132e+07,pending,
91,Oregon PERS,OR,2020.0,15.0,8.433132e+07,pending,
91,Oregon PERS,OR,2021.0,15.0,8.433132e+07,pending,
77,New York City Teachers,NY,2001.0,16.0,7.83473e+07,pending,
77,New York City Teachers,NY,2002.0,16.0,7.83473e+07,pending,
77,New York City Teachers,NY,2003.0,16.0,7.83473e+07,pending,
77,New York City Teachers,NY,2004.0,16.0,7.83473e+07,pending,
77,New York City Teachers,NY,2005.0,16.0,7.83473e+07,pending,
77,New York City Teachers,NY,2006.0,16.0,7.83473e+07,pending,
77,New York City Teachers,NY,2007.0,16.0,7.83473e+07,pending,
77,New York City Teachers,NY,2008.0,16.0,7.83473e+07,pending,
77,New York City Teachers,NY,2009.0,16.0,7.83473e+07,pending,
77,New York City Teachers,NY,2010.0,16.0,7.83473e+07,pending,
77,New York City Teachers,NY,2011.0,16.0,7.83473e+07,pending,
77,New York City Teachers,NY,2012.0,16.0,7.83473e+07,pending,
77,New York City Teachers,NY,2013.0,16.0,7.83473e+07,pending,
77,New York City Teachers,NY,2014.0,16.0,7.83473e+07,pending,
77,New York City Teachers,NY,2015.0,16.0,7.83473e+07,pending,
77,New York City Teachers,NY,2016.0,16.0,7.83473e+07,pending,
77,New York City Teachers,NY,2017.0,16.0,7.83473e+07,pending,
77,New York City Teachers,NY,2018.0,16.0,7.83473e+07,pending,
77,New York City Teachers,NY,2019.0,16.0,7.83473e+07,pending,
77,New York City Teachers,NY,2020.0,16.0,7.83473e+07,pending,
77,New York City Teachers,NY,2021.0,16.0,7.83473e+07,pending,
43,LA County ERS,CA,2001.0,17.0,7.3012024e+07,pending,
43,LA County ERS,CA,2002.0,17.0,7.3012024e+07,pending,
43,LA County ERS,CA,2003.0,17.0,7.3012024e+07,pending,
43,LA County ERS,CA,2004.0,17.0,7.3012024e+07,pending,
43,LA County ERS,CA,2005.0,17.0,7.3012024e+07,pending,
43,LA County ERS,CA,2006.0,17.0,7.3012024e+07,pending,
43,LA County ERS,CA,2007.0,17.0,7.3012024e+07,pending,
43,LA County ERS,CA,2008.0,17.0,7.3012024e+07,pending,
43,LA County ERS,CA,2009.0,17.0,7.3012024e+07,pending,
43,LA County ERS,CA,2010.0,17.0,7.3012024e+07,pending,
43,LA County ERS,CA,2011.0,17.0,7.3012024e+07,pending,
43,LA County ERS,CA,2012.0,17.0,7.3012024e+07,pending,
43,LA County ERS,CA,2013.0,17.0,7.3012024e+07,pending,
43,LA County ERS,CA,2014.0,17.0,7.3012024e+07,pending,
43,LA County ERS,CA,2015.0,17.0,7.3012024e+07,pending,
43,LA County ERS,CA,2016.0,17.0,7.3012024e+07,pending,
43,LA County ERS,CA,2017.0,17.0,7.3012024e+07,pending,
43,LA County ERS,CA,2018.0,17.0,7.3012024e+07,pending,
43,LA County ERS,CA,2019.0,17.0,7.3012024e+07,pending,
43,LA County ERS,CA,2020.0,17.0,7.3012024e+07,pending,
43,LA County ERS,CA,2021.0,17.0,7.3012024e+07,pending,
92,Pennsylvania School Employees,PA,2001.0,18.0,7.196735e+07,pending,
92,Pennsylvania School Employees,PA,2002.0,18.0,7.196735e+07,pending,
92,Pennsylvania School Employees,PA,2003.0,18.0,7.196735e+07,pending,
92,Pennsylvania School Employees,PA,2004.0,18.0,7.196735e+07,pending,
92,Pennsylvania School Employees,PA,2005.0,18.0,7.196735e+07,pending,
92,Pennsylvania School Employees,PA,2006.0,18.0,7.196735e+07,pending,
92,Pennsylvania School Employees,PA,2007.0,18.0,7.196735e+07,pending,
92,Pennsylvania School Employees,PA,2008.0,18.0,7.196735e+07,pending,
92,Pennsylvania School Employees,PA,2009.0,18.0,7.196735e+07,pending,
92,Pennsylvania School Employees,PA,2010.0,18.0,7.196735e+07,pending,
92,Pennsylvania School Employees,PA,2011.0,18.0,7.196735e+07,pending,
92,Pennsylvania School Employees,PA,2012.0,18.0,7.196735e+07,pending,
92,Pennsylvania School Employees,PA,2013.0,18.0,7.196735e+07,pending,
92,Pennsylvania School Employees,PA,2014.0,18.0,7.196735e+07,pending,
92,Pennsylvania School Employees,PA,2015.0,18.0,7.196735e+07,pending,
92,Pennsylvania School Employees,PA,2016.0,18.0,7.196735e+07,pending,
92,Pennsylvania School Employees,PA,2017.0,18.0,7.196735e+07,pending,
92,Pennsylvania School Employees,PA,2018.0,18.0,7.196735e+07,pending,
92,Pennsylvania School Employees,PA,2019.0,18.0,7.196735e+07,pending,
92,Pennsylvania School Employees,PA,2020.0,18.0,7.196735e+07,pending,
92,Pennsylvania School Employees,PA,2021.0,18.0,7.196735e+07,pending,
34,Illinois Teachers,IL,2001.0,19.0,6.4212504e+07,pending,
34,Illinois Teachers,IL,2002.0,19.0,6.4212504e+07,pending,
34,Illinois Teachers,IL,2003.0,19.0,6.4212504e+07,pending,
34,Illinois Teachers,IL,2004.0,19.0,6.4212504e+07,pending,
34,Illinois Teachers,IL,2005.0,19.0,6.4212504e+07,pending,
34,Illinois Teachers,IL,2006.0,19.0,6.4212504e+07,pending,
34,Illinois Teachers,IL,2007.0,19.0,6.4212504e+07,pending,
34,Illinois Teachers,IL,2008.0,19.0,6.4212504e+07,pending,
34,Illinois Teachers,IL,2009.0,19.0,6.4212504e+07,pending,
34,Illinois Teachers,IL,2010.0,19.0,6.4212504e+07,pending,
34,Illinois Teachers,IL,2011.0,19.0,6.4212504e+07,pending,
34,Illinois Teachers,IL,2012.0,19.0,6.4212504e+07,pending,
34,Illinois Teachers,IL,2013.0,19.0,6.4212504e+07,pending,
34,Illinois Teachers,IL,2014.0,19.0,6.4212504e+07,pending,
34,Illinois Teachers,IL,2015.0,19.0,6.4212504e+07,pending,
34,Illinois Teachers,IL,2016.0,19.0,6.4212504e+07,pending,
34,Illinois Teachers,IL,2017.0,19.0,6.4212504e+07,pending,
34,Illinois Teachers,IL,2018.0,19.0,6.4212504e+07,pending,
34,Illinois Teachers,IL,2019.0,19.0,6.4212504e+07,pending,
34,Illinois Teachers,IL,2020.0,19.0,6.4212504e+07,pending,
34,Illinois Teachers,IL,2021.0,19.0,6.4212504e+07,pending,
53,Michigan Public Schools,MI,2001.0,20.0,6.3332156e+07,pending,
53,Michigan Public Schools,MI,2002.0,20.0,6.3332156e+07,pending,
53,Michigan Public Schools,MI,2003.0,20.0,6.3332156e+07,pending,
53,Michigan Public Schools,MI,2004.0,20.0,6.3332156e+07,pending,
53,Michigan Public Schools,MI,2005.0,20.0,6.3332156e+07,pending,
53,Michigan Public Schools,MI,2006.0,20.0,6.3332156e+07,pending,
53,Michigan Public Schools,MI,2007.0,20.0,6.3332156e+07,pending,
53,Michigan Public Schools,MI,2008.0,20.0,6.3332156e+07,pending,
53,Michigan Public Schools,MI,2009.0,20.0,6.3332156e+07,pending,
53,Michigan Public Schools,MI,2010.0,20.0,6.3332156e+07,pending,
53,Michigan Public Schools,MI,2011.0,20.0,6.3332156e+07,pending,
53,Michigan Public Schools,MI,2012.0,20.0,6.3332156e+07,pending,
53,Michigan Public Schools,MI,2013.0,20.0,6.3332156e+07,pending,
53,Michigan Public Schools,MI,2014.0,20.0,6.3332156e+07,pending,
53,Michigan Public Schools,MI,2015.0,20.0,6.3332156e+07,pending,
53,Michigan Public Schools,MI,2016.0,20.0,6.3332156e+07,pending,
53,Michigan Public Schools,MI,2017.0,20.0,6.3332156e+07,pending,
53,Michigan Public Schools,MI,2018.0,20.0,6.3332156e+07,pending,
53,Michigan Public Schools,MI,2019.0,20.0,6.3332156e+07,pending,
53,Michigan Public Schools,MI,2020.0,20.0,6.3332156e+07,pending,
53,Michigan Public Schools,MI,2021.0,20.0,6.3332156e+07,pending,
119,Washington PERS 2/3,WA,2001.0,21.0,5.906355e+07,pending,
119,Washington PERS 2/3,WA,2002.0,21.0,5.906355e+07,pending,
119,Washington PERS 2/3,WA,2003.0,21.0,5.906355e+07,pending,
119,Washington PERS 2/3,WA,2004.0,21.0,5.906355e+07,pending,
119,Washington PERS 2/3,WA,2005.0,21.0,5.906355e+07,pending,
119,Washington PERS 2/3,WA,2006.0,21.0,5.906355e+07,pending,
119,Washington PERS 2/3,WA,2007.0,21.0,5.906355e+07,pending,
119,Washington PERS 2/3,WA,2008.0,21.0,5.906355e+07,pending,
119,Washington PERS 2/3,WA,2009.0,21.0,5.906355e+07,pending,
119,Washington PERS 2/3,WA,2010.0,21.0,5.906355e+07,pending,
119,Washington PERS 2/3,WA,2011.0,21.0,5.906355e+07,pending,
119,Washington PERS 2/3,WA,2012.0,21.0,5.906355e+07,pending,
119,Washington PERS 2/3,WA,2013.0,21.0,5.906355e+07,pending,
119,Washington PERS 2/3,WA,2014.0,21.0,5.906355e+07,pending,
119,Washington PERS 2/3,WA,2015.0,21.0,5.906355e+07,pending,
119,Washington PERS 2/3,WA,2016.0,21.0,5.906355e+07,pending,
119,Washington PERS 2/3,WA,2017.0,21.0,5.906355e+07,pending,
119,Washington PERS 2/3,WA,2018.0,21.0,5.906355e+07,pending,
119,Washington PERS 2/3,WA,2019.0,21.0,5.906355e+07,pending,
119,Washington PERS 2/3,WA,2020.0,21.0,5.906355e+07,pending,
119,Washington PERS 2/3,WA,2021.0,21.0,5.906355e+07,pending,
32,Illinois Municipal,IL,2001.0,22.0,5.7700052e+07,pending,
32,Illinois Municipal,IL,2002.0,22.0,5.7700052e+07,pending,
32,Illinois Municipal,IL,2003.0,22.0,5.7700052e+07,pending,
32,Illinois Municipal,IL,2004.0,22.0,5.7700052e+07,pending,
32,Illinois Municipal,IL,2005.0,22.0,5.7700052e+07,pending,
32,Illinois Municipal,IL,2006.0,22.0,5.7700052e+07,pending,
32,Illinois Municipal,IL,2007.0,22.0,5.7700052e+07,pending,
32,Illinois Municipal,IL,2008.0,22.0,5.7700052e+07,pending,
32,Illinois Municipal,IL,2009.0,22.0,5.7700052e+07,pending,
32,Illinois Municipal,IL,2010.0,22.0,5.7700052e+07,pending,
32,Illinois Municipal,IL,2011.0,22.0,5.7700052e+07,pending,
32,Illinois Municipal,IL,2012.0,22.0,5.7700052e+07,pending,
32,Illinois Municipal,IL,2013.0,22.0,5.7700052e+07,pending,
32,Illinois Municipal,IL,2014.0,22.0,5.7700052e+07,pending,
32,Illinois Municipal,IL,2015.0,22.0,5.7700052e+07,pending,
32,Illinois Municipal,IL,2016.0,22.0,5.7700052e+07,pending,
32,Illinois Municipal,IL,2017.0,22.0,5.7700052e+07,pending,
32,Illinois Municipal,IL,2018.0,22.0,5.7700052e+07,pending,
32,Illinois Municipal,IL,2019.0,22.0,5.7700052e+07,pending,
32,Illinois Municipal,IL,2020.0,22.0,5.7700052e+07,pending,
32,Illinois Municipal,IL,2021.0,22.0,5.7700052e+07,pending,
150,New York City Police,NY,2002.0,23.0,5.1293936e+07,pending,
150,New York City Police,NY,2003.0,23.0,5.1293936e+07,pending,
150,New York City Police,NY,2004.0,23.0,5.1293936e+07,pending,
150,New York City Police,NY,2005.0,23.0,5.1293936e+07,pending,
150,New York City Police,NY,2006.0,23.0,5.1293936e+07,pending,
150,New York City Police,NY,2007.0,23.0,5.1293936e+07,pending,
150,New York City Police,NY,2008.0,23.0,5.1293936e+07,pending,
150,New York City Police,NY,2009.0,23.0,5.1293936e+07,pending,
150,New York City Police,NY,2010.0,23.0,5.1293936e+07,pending,
150,New York City Police,NY,2011.0,23.0,5.1293936e+07,pending,
150,New York City Police,NY,2012.0,23.0,5.1293936e+07,pending,
150,New York City Police,NY,2013.0,23.0,5.1293936e+07,pending,
150,New York City Police,NY,2014.0,23.0,5.1293936e+07,pending,
150,New York City Police,NY,2015.0,23.0,5.1293936e+07,pending,
150,New York City Police,NY,2016.0,23.0,5.1293936e+07,pending,
150,New York City Police,NY,2017.0,23.0,5.1293936e+07,pending,
150,New York City Police,NY,2018.0,23.0,5.1293936e+07,pending,
150,New York City Police,NY,2019.0,23.0,5.1293936e+07,pending,
150,New York City Police,NY,2020.0,23.0,5.1293936e+07,pending,
150,New York City Police,NY,2021.0,23.0,5.1293936e+07,pending,
64,Missouri Teachers,MO,2001.0,24.0,5.062052e+07,pending,
64,Missouri Teachers,MO,2002.0,24.0,5.062052e+07,pending,
64,Missouri Teachers,MO,2003.0,24.0,5.062052e+07,pending,
64,Missouri Teachers,MO,2004.0,24.0,5.062052e+07,pending,
64,Missouri Teachers,MO,2005.0,24.0,5.062052e+07,pending,
64,Missouri Teachers,MO,2006.0,24.0,5.062052e+07,pending,
64,Missouri Teachers,MO,2007.0,24.0,5.062052e+07,pending,
64,Missouri Teachers,MO,2008.0,24.0,5.062052e+07,pending,
64,Missouri Teachers,MO,2009.0,24.0,5.062052e+07,pending,
64,Missouri Teachers,MO,2010.0,24.0,5.062052e+07,pending,
64,Missouri Teachers,MO,2011.0,24.0,5.062052e+07,pending,
64,Missouri Teachers,MO,2012.0,24.0,5.062052e+07,pending,
64,Missouri Teachers,MO,2013.0,24.0,5.062052e+07,pending,
64,Missouri Teachers,MO,2014.0,24.0,5.062052e+07,pending,
64,Missouri Teachers,MO,2015.0,24.0,5.062052e+07,pending,
64,Missouri Teachers,MO,2016.0,24.0,5.062052e+07,pending,
64,Missouri Teachers,MO,2017.0,24.0,5.062052e+07,pending,
64,Missouri Teachers,MO,2018.0,24.0,5.062052e+07,pending,
64,Missouri Teachers,MO,2019.0,24.0,5.062052e+07,pending,
64,Missouri Teachers,MO,2020.0,24.0,5.062052e+07,pending,
64,Missouri Teachers,MO,2021.0,24.0,5.062052e+07,pending,
6,Arizona SRS,AZ,2001.0,25.0,4.8202224e+07,pending,
6,Arizona SRS,AZ,2002.0,25.0,4.8202224e+07,pending,
6,Arizona SRS,AZ,2003.0,25.0,4.8202224e+07,pending,
6,Arizona SRS,AZ,2004.0,25.0,4.8202224e+07,pending,
6,Arizona SRS,AZ,2005.0,25.0,4.8202224e+07,pending,
6,Arizona SRS,AZ,2006.0,25.0,4.8202224e+07,pending,
6,Arizona SRS,AZ,2007.0,25.0,4.8202224e+07,pending,
6,Arizona SRS,AZ,2008.0,25.0,4.8202224e+07,pending,
6,Arizona SRS,AZ,2009.0,25.0,4.8202224e+07,pending,
6,Arizona SRS,AZ,2010.0,25.0,4.8202224e+07,pending,
6,Arizona SRS,AZ,2011.0,25.0,4.8202224e+07,pending,
6,Arizona SRS,AZ,2012.0,25.0,4.8202224e+07,pending,
6,Arizona SRS,AZ,2013.0,25.0,4.8202224e+07,pending,
6,Arizona SRS,AZ,2014.0,25.0,4.8202224e+07,pending,
6,Arizona SRS,AZ,2015.0,25.0,4.8202224e+07,pending,
6,Arizona SRS,AZ,2016.0,25.0,4.8202224e+07,pending,
6,Arizona SRS,AZ,2017.0,25.0,4.8202224e+07,pending,
6,Arizona SRS,AZ,2018.0,25.0,4.8202224e+07,pending,
6,Arizona SRS,AZ,2019.0,25.0,4.8202224e+07,pending,
6,Arizona SRS,AZ,2020.0,25.0,4.8202224e+07,pending,
6,Arizona SRS,AZ,2021.0,25.0,4.8202224e+07,pending,
69,Nevada Regular Employees,NV,2001.0,26.0,4.503954e+07,pending,
69,Nevada Regular Employees,NV,2002.0,26.0,4.503954e+07,pending,
69,Nevada Regular Employees,NV,2003.0,26.0,4.503954e+07,pending,
69,Nevada Regular Employees,NV,2004.0,26.0,4.503954e+07,pending,
69,Nevada Regular Employees,NV,2005.0,26.0,4.503954e+07,pending,
69,Nevada Regular Employees,NV,2006.0,26.0,4.503954e+07,pending,
69,Nevada Regular Employees,NV,2007.0,26.0,4.503954e+07,pending,
69,Nevada Regular Employees,NV,2008.0,26.0,4.503954e+07,pending,
69,Nevada Regular Employees,NV,2009.0,26.0,4.503954e+07,pending,
69,Nevada Regular Employees,NV,2010.0,26.0,4.503954e+07,pending,
69,Nevada Regular Employees,NV,2011.0,26.0,4.503954e+07,pending,
69,Nevada Regular Employees,NV,2012.0,26.0,4.503954e+07,pending,
69,Nevada Regular Employees,NV,2013.0,26.0,4.503954e+07,pending,
69,Nevada Regular Employees,NV,2014.0,26.0,4.503954e+07,pending,
69,Nevada Regular Employees,NV,2015.0,26.0,4.503954e+07,pending,
69,Nevada Regular Employees,NV,2016.0,26.0,4.503954e+07,pending,
69,Nevada Regular Employees,NV,2017.0,26.0,4.503954e+07,pending,
69,Nevada Regular Employees,NV,2018.0,26.0,4.503954e+07,pending,
69,Nevada Regular Employees,NV,2019.0,26.0,4.503954e+07,pending,
69,Nevada Regular Employees,NV,2020.0,26.0,4.503954e+07,pending,
69,Nevada Regular Employees,NV,2021.0,26.0,4.503954e+07,pending,
104,Texas County & District,TX,2001.0,27.0,4.4892276e+07,pending,
104,Texas County & District,TX,2002.0,27.0,4.4892276e+07,pending,
104,Texas County & District,TX,2003.0,27.0,4.4892276e+07,pending,
104,Texas County & District,TX,2004.0,27.0,4.4892276e+07,pending,
104,Texas County & District,TX,2005.0,27.0,4.4892276e+07,pending,
104,Texas County & District,TX,2006.0,27.0,4.4892276e+07,pending,
104,Texas County & District,TX,2007.0,27.0,4.4892276e+07,pending,
104,Texas County & District,TX,2008.0,27.0,4.4892276e+07,pending,
104,Texas County & District,TX,2009.0,27.0,4.4892276e+07,pending,
104,Texas County & District,TX,2010.0,27.0,4.4892276e+07,pending,
104,Texas County & District,TX,2011.0,27.0,4.4892276e+07,pending,
104,Texas County & District,TX,2012.0,27.0,4.4892276e+07,pending,
104,Texas County & District,TX,2013.0,27.0,4.4892276e+07,pending,
104,Texas County & District,TX,2014.0,27.0,4.4892276e+07,pending,
104,Texas County & District,TX,2015.0,27.0,4.4892276e+07,pending,
104,Texas County & District,TX,2016.0,27.0,4.4892276e+07,pending,
104,Texas County & District,TX,2017.0,27.0,4.4892276e+07,pending,
104,Texas County & District,TX,2018.0,27.0,4.4892276e+07,pending,
104,Texas County & District,TX,2019.0,27.0,4.4892276e+07,pending,
104,Texas County & District,TX,2020.0,27.0,4.4892276e+07,pending,
104,Texas County & District,TX,2021.0,27.0,4.4892276e+07,pending,
38,Iowa PERS,IA,2001.0,28.0,4.2889876e+07,pending,
38,Iowa PERS,IA,2002.0,28.0,4.2889876e+07,pending,
38,Iowa PERS,IA,2003.0,28.0,4.2889876e+07,pending,
38,Iowa PERS,IA,2004.0,28.0,4.2889876e+07,pending,
38,Iowa PERS,IA,2005.0,28.0,4.2889876e+07,pending,
38,Iowa PERS,IA,2006.0,28.0,4.2889876e+07,pending,
38,Iowa PERS,IA,2007.0,28.0,4.2889876e+07,pending,
38,Iowa PERS,IA,2008.0,28.0,4.2889876e+07,pending,
38,Iowa PERS,IA,2009.0,28.0,4.2889876e+07,pending,
38,Iowa PERS,IA,2010.0,28.0,4.2889876e+07,pending,
38,Iowa PERS,IA,2011.0,28.0,4.2889876e+07,pending,
38,Iowa PERS,IA,2012.0,28.0,4.2889876e+07,pending,
38,Iowa PERS,IA,2013.0,28.0,4.2889876e+07,pending,
38,Iowa PERS,IA,2014.0,28.0,4.2889876e+07,pending,
38,Iowa PERS,IA,2015.0,28.0,4.2889876e+07,pending,
38,Iowa PERS,IA,2016.0,28.0,4.2889876e+07,pending,
38,Iowa PERS,IA,2017.0,28.0,4.2889876e+07,pending,
38,Iowa PERS,IA,2018.0,28.0,4.2889876e+07,pending,
38,Iowa PERS,IA,2019.0,28.0,4.2889876e+07,pending,
38,Iowa PERS,IA,2020.0,28.0,4.2889876e+07,pending,
38,Iowa PERS,IA,2021.0,28.0,4.2889876e+07,pending,
49,Maryland Teachers,MD,2001.0,29.0,4.1120784e+07,pending,
49,Maryland Teachers,MD,2002.0,29.0,4.1120784e+07,pending,
49,Maryland Teachers,MD,2003.0,29.0,4.1120784e+07,pending,
49,Maryland Teachers,MD,2004.0,29.0,4.1120784e+07,pending,
49,Maryland Teachers,MD,2005.0,29.0,4.1120784e+07,pending,
49,Maryland Teachers,MD,2006.0,29.0,4.1120784e+07,pending,
49,Maryland Teachers,MD,2007.0,29.0,4.1120784e+07,pending,
49,Maryland Teachers,MD,2008.0,29.0,4.1120784e+07,pending,
49,Maryland Teachers,MD,2009.0,29.0,4.1120784e+07,pending,
49,Maryland Teachers,MD,2010.0,29.0,4.1120784e+07,pending,
49,Maryland Teachers,MD,2011.0,29.0,4.1120784e+07,pending,
49,Maryland Teachers,MD,2012.0,29.0,4.1120784e+07,pending,
49,Maryland Teachers,MD,2013.0,29.0,4.1120784e+07,pending,
49,Maryland Teachers,MD,2014.0,29.0,4.1120784e+07,pending,
49,Maryland Teachers,MD,2015.0,29.0,4.1120784e+07,pending,
49,Maryland Teachers,MD,2016.0,29.0,4.1120784e+07,pending,
49,Maryland Teachers,MD,2017.0,29.0,4.1120784e+07,pending,
49,Maryland Teachers,MD,2018.0,29.0,4.1120784e+07,pending,
49,Maryland Teachers,MD,2019.0,29.0,4.1120784e+07,pending,
49,Maryland Teachers,MD,2020.0,29.0,4.1120784e+07,pending,
49,Maryland Teachers,MD,2021.0,29.0,4.1120784e+07,pending,
93,Pennsylvania State ERS,PA,2001.0,30.0,4.0231016e+07,pending,
93,Pennsylvania State ERS,PA,2002.0,30.0,4.0231016e+07,pending,
93,Pennsylvania State ERS,PA,2003.0,30.0,4.0231016e+07,pending,
93,Pennsylvania State ERS,PA,2004.0,30.0,4.0231016e+07,pending,
93,Pennsylvania State ERS,PA,2005.0,30.0,4.0231016e+07,pending,
93,Pennsylvania State ERS,PA,2006.0,30.0,4.0231016e+07,pending,
93,Pennsylvania State ERS,PA,2007.0,30.0,4.0231016e+07,pending,
93,Pennsylvania State ERS,PA,2008.0,30.0,4.0231016e+07,pending,
93,Pennsylvania State ERS,PA,2009.0,30.0,4.0231016e+07,pending,
93,Pennsylvania State ERS,PA,2010.0,30.0,4.0231016e+07,pending,
93,Pennsylvania State ERS,PA,2011.0,30.0,4.0231016e+07,pending,
93,Pennsylvania State ERS,PA,2012.0,30.0,4.0231016e+07,pending,
93,Pennsylvania State ERS,PA,2013.0,30.0,4.0231016e+07,pending,
93,Pennsylvania State ERS,PA,2014.0,30.0,4.0231016e+07,pending,
93,Pennsylvania State ERS,PA,2015.0,30.0,4.0231016e+07,pending,
93,Pennsylvania State ERS,PA,2016.0,30.0,4.0231016e+07,pending,
93,Pennsylvania State ERS,PA,2017.0,30.0,4.0231016e+07,pending,
93,Pennsylvania State ERS,PA,2018.0,30.0,4.0231016e+07,pending,
93,Pennsylvania State ERS,PA,2019.0,30.0,4.0231016e+07,pending,
93,Pennsylvania State ERS,PA,2020.0,30.0,4.0231016e+07,pending,
93,Pennsylvania State ERS,PA,2021.0,30.0,4.0231016e+07,pending,
84,NY State & Local Police & Fire,NY,2001.0,31.0,3.95005e+07,pending,
84,NY State & Local Police & Fire,NY,2002.0,31.0,3.95005e+07,pending,
84,NY State & Local Police & Fire,NY,2003.0,31.0,3.95005e+07,pending,
84,NY State & Local Police & Fire,NY,2004.0,31.0,3.95005e+07,pending,
84,NY State & Local Police & Fire,NY,2005.0,31.0,3.95005e+07,pending,
84,NY State & Local Police & Fire,NY,2006.0,31.0,3.95005e+07,pending,
84,NY State & Local Police & Fire,NY,2007.0,31.0,3.95005e+07,pending,
84,NY State & Local Police & Fire,NY,2008.0,31.0,3.95005e+07,pending,
84,NY State & Local Police & Fire,NY,2009.0,31.0,3.95005e+07,pending,
84,NY State & Local Police & Fire,NY,2010.0,31.0,3.95005e+07,pending,
84,NY State & Local Police & Fire,NY,2011.0,31.0,3.95005e+07,pending,
84,NY State & Local Police & Fire,NY,2012.0,31.0,3.95005e+07,pending,
84,NY State & Local Police & Fire,NY,2013.0,31.0,3.95005e+07,pending,
84,NY State & Local Police & Fire,NY,2014.0,31.0,3.95005e+07,pending,
84,NY State & Local Police & Fire,NY,2015.0,31.0,3.95005e+07,pending,
84,NY State & Local Police & Fire,NY,2016.0,31.0,3.95005e+07,pending,
84,NY State & Local Police & Fire,NY,2017.0,31.0,3.95005e+07,pending,
84,NY State & Local Police & Fire,NY,2018.0,31.0,3.95005e+07,pending,
84,NY State & Local Police & Fire,NY,2019.0,31.0,3.95005e+07,pending,
84,NY State & Local Police & Fire,NY,2020.0,31.0,3.95005e+07,pending,
84,NY State & Local Police & Fire,NY,2021.0,31.0,3.95005e+07,pending,
107,Texas Municipal,TX,2001.0,32.0,3.8593016e+07,pending,
107,Texas Municipal,TX,2002.0,32.0,3.8593016e+07,pending,
107,Texas Municipal,TX,2003.0,32.0,3.8593016e+07,pending,
107,Texas Municipal,TX,2004.0,32.0,3.8593016e+07,pending,
107,Texas Municipal,TX,2005.0,32.0,3.8593016e+07,pending,
107,Texas Municipal,TX,2006.0,32.0,3.8593016e+07,pending,
107,Texas Municipal,TX,2007.0,32.0,3.8593016e+07,pending,
107,Texas Municipal,TX,2008.0,32.0,3.8593016e+07,pending,
107,Texas Municipal,TX,2009.0,32.0,3.8593016e+07,pending,
107,Texas Municipal,TX,2010.0,32.0,3.8593016e+07,pending,
107,Texas Municipal,TX,2011.0,32.0,3.8593016e+07,pending,
107,Texas Municipal,TX,2012.0,32.0,3.8593016e+07,pending,
107,Texas Municipal,TX,2013.0,32.0,3.8593016e+07,pending,
107,Texas Municipal,TX,2014.0,32.0,3.8593016e+07,pending,
107,Texas Municipal,TX,2015.0,32.0,3.8593016e+07,pending,
107,Texas Municipal,TX,2016.0,32.0,3.8593016e+07,pending,
107,Texas Municipal,TX,2017.0,32.0,3.8593016e+07,pending,
107,Texas Municipal,TX,2018.0,32.0,3.8593016e+07,pending,
107,Texas Municipal,TX,2019.0,32.0,3.8593016e+07,pending,
107,Texas Municipal,TX,2020.0,32.0,3.8593016e+07,pending,
107,Texas Municipal,TX,2021.0,32.0,3.8593016e+07,pending,
51,Massachusetts Teachers,MA,2001.0,33.0,3.7088124e+07,pending,
51,Massachusetts Teachers,MA,2002.0,33.0,3.7088124e+07,pending,
51,Massachusetts Teachers,MA,2003.0,33.0,3.7088124e+07,pending,
51,Massachusetts Teachers,MA,2004.0,33.0,3.7088124e+07,pending,
51,Massachusetts Teachers,MA,2005.0,33.0,3.7088124e+07,pending,
51,Massachusetts Teachers,MA,2006.0,33.0,3.7088124e+07,pending,
51,Massachusetts Teachers,MA,2007.0,33.0,3.7088124e+07,pending,
51,Massachusetts Teachers,MA,2008.0,33.0,3.7088124e+07,pending,
51,Massachusetts Teachers,MA,2009.0,33.0,3.7088124e+07,pending,
51,Massachusetts Teachers,MA,2010.0,33.0,3.7088124e+07,pending,
51,Massachusetts Teachers,MA,2011.0,33.0,3.7088124e+07,pending,
51,Massachusetts Teachers,MA,2012.0,33.0,3.7088124e+07,pending,
51,Massachusetts Teachers,MA,2013.0,33.0,3.7088124e+07,pending,
51,Massachusetts Teachers,MA,2014.0,33.0,3.7088124e+07,pending,
51,Massachusetts Teachers,MA,2015.0,33.0,3.7088124e+07,pending,
51,Massachusetts Teachers,MA,2016.0,33.0,3.7088124e+07,pending,
51,Massachusetts Teachers,MA,2017.0,33.0,3.7088124e+07,pending,
51,Massachusetts Teachers,MA,2018.0,33.0,3.7088124e+07,pending,
51,Massachusetts Teachers,MA,2019.0,33.0,3.7088124e+07,pending,
51,Massachusetts Teachers,MA,2020.0,33.0,3.7088124e+07,pending,
51,Massachusetts Teachers,MA,2021.0,33.0,3.7088124e+07,pending,
50,Massachusetts SRS,MA,2001.0,34.0,3.603947e+07,pending,
50,Massachusetts SRS,MA,2002.0,34.0,3.603947e+07,pending,
50,Massachusetts SRS,MA,2003.0,34.0,3.603947e+07,pending,
50,Massachusetts SRS,MA,2004.0,34.0,3.603947e+07,pending,
50,Massachusetts SRS,MA,2005.0,34.0,3.603947e+07,pending,
50,Massachusetts SRS,MA,2006.0,34.0,3.603947e+07,pending,
50,Massachusetts SRS,MA,2007.0,34.0,3.603947e+07,pending,
50,Massachusetts SRS,MA,2008.0,34.0,3.603947e+07,pending,
50,Massachusetts SRS,MA,2009.0,34.0,3.603947e+07,pending,
50,Massachusetts SRS,MA,2010.0,34.0,3.603947e+07,pending,
50,Massachusetts SRS,MA,2011.0,34.0,3.603947e+07,pending,
50,Massachusetts SRS,MA,2012.0,34.0,3.603947e+07,pending,
50,Massachusetts SRS,MA,2013.0,34.0,3.603947e+07,pending,
50,Massachusetts SRS,MA,2014.0,34.0,3.603947e+07,pending,
50,Massachusetts SRS,MA,2015.0,34.0,3.603947e+07,pending,
50,Massachusetts SRS,MA,2016.0,34.0,3.603947e+07,pending,
50,Massachusetts SRS,MA,2017.0,34.0,3.603947e+07,pending,
50,Massachusetts SRS,MA,2018.0,34.0,3.603947e+07,pending,
50,Massachusetts SRS,MA,2019.0,34.0,3.603947e+07,pending,
50,Massachusetts SRS,MA,2020.0,34.0,3.603947e+07,pending,
50,Massachusetts SRS,MA,2021.0,34.0,3.603947e+07,pending,
71,New Jersey PERS,NJ,2006.0,35.0,3.5707804e+07,pending,
71,New Jersey PERS,NJ,2007.0,35.0,3.5707804e+07,pending,
71,New Jersey PERS,NJ,2008.0,35.0,3.5707804e+07,pending,
71,New Jersey PERS,NJ,2009.0,35.0,3.5707804e+07,pending,
71,New Jersey PERS,NJ,2010.0,35.0,3.5707804e+07,pending,
71,New Jersey PERS,NJ,2011.0,35.0,3.5707804e+07,pending,
71,New Jersey PERS,NJ,2012.0,35.0,3.5707804e+07,pending,
71,New Jersey PERS,NJ,2013.0,35.0,3.5707804e+07,pending,
71,New Jersey PERS,NJ,2014.0,35.0,3.5707804e+07,pending,
71,New Jersey PERS,NJ,2015.0,35.0,3.5707804e+07,pending,
71,New Jersey PERS,NJ,2016.0,35.0,3.5707804e+07,pending,
71,New Jersey PERS,NJ,2017.0,35.0,3.5707804e+07,pending,
71,New Jersey PERS,NJ,2018.0,35.0,3.5707804e+07,pending,
71,New Jersey PERS,NJ,2019.0,35.0,3.5707804e+07,pending,
71,New Jersey PERS,NJ,2020.0,35.0,3.5707804e+07,pending,
71,New Jersey PERS,NJ,2021.0,35.0,3.5707804e+07,pending,
98,San Francisco City & County,CA,2001.0,36.0,3.567383e+07,pending,
98,San Francisco City & County,CA,2002.0,36.0,3.567383e+07,pending,
98,San Francisco City & County,CA,2003.0,36.0,3.567383e+07,pending,
98,San Francisco City & County,CA,2004.0,36.0,3.567383e+07,pending,
98,San Francisco City & County,CA,2005.0,36.0,3.567383e+07,pending,
98,San Francisco City & County,CA,2006.0,36.0,3.567383e+07,pending,
98,San Francisco City & County,CA,2007.0,36.0,3.567383e+07,pending,
98,San Francisco City & County,CA,2008.0,36.0,3.567383e+07,pending,
98,San Francisco City & County,CA,2009.0,36.0,3.567383e+07,pending,
98,San Francisco City & County,CA,2010.0,36.0,3.567383e+07,pending,
98,San Francisco City & County,CA,2011.0,36.0,3.567383e+07,pending,
98,San Francisco City & County,CA,2012.0,36.0,3.567383e+07,pending,
98,San Francisco City & County,CA,2013.0,36.0,3.567383e+07,pending,
98,San Francisco City & County,CA,2014.0,36.0,3.567383e+07,pending,
98,San Francisco City & County,CA,2015.0,36.0,3.567383e+07,pending,
98,San Francisco City & County,CA,2016.0,36.0,3.567383e+07,pending,
98,San Francisco City & County,CA,2017.0,36.0,3.567383e+07,pending,
98,San Francisco City & County,CA,2018.0,36.0,3.567383e+07,pending,
98,San Francisco City & County,CA,2019.0,36.0,3.567383e+07,pending,
98,San Francisco City & County,CA,2020.0,36.0,3.567383e+07,pending,
98,San Francisco City & County,CA,2021.0,36.0,3.567383e+07,pending,
59,Mississippi PERS,MS,2001.0,37.0,3.5216596e+07,pending,
59,Mississippi PERS,MS,2002.0,37.0,3.5216596e+07,pending,
59,Mississippi PERS,MS,2003.0,37.0,3.5216596e+07,pending,
59,Mississippi PERS,MS,2004.0,37.0,3.5216596e+07,pending,
59,Mississippi PERS,MS,2005.0,37.0,3.5216596e+07,pending,
59,Mississippi PERS,MS,2006.0,37.0,3.5216596e+07,pending,
59,Mississippi PERS,MS,2007.0,37.0,3.5216596e+07,pending,
59,Mississippi PERS,MS,2008.0,37.0,3.5216596e+07,pending,
59,Mississippi PERS,MS,2009.0,37.0,3.5216596e+07,pending,
59,Mississippi PERS,MS,2010.0,37.0,3.5216596e+07,pending,
59,Mississippi PERS,MS,2011.0,37.0,3.5216596e+07,pending,
59,Mississippi PERS,MS,2012.0,37.0,3.5216596e+07,pending,
59,Mississippi PERS,MS,2013.0,37.0,3.5216596e+07,pending,
59,Mississippi PERS,MS,2014.0,37.0,3.5216596e+07,pending,
59,Mississippi PERS,MS,2015.0,37.0,3.5216596e+07,pending,
59,Mississippi PERS,MS,2016.0,37.0,3.5216596e+07,pending,
59,Mississippi PERS,MS,2017.0,37.0,3.5216596e+07,pending,
59,Mississippi PERS,MS,2018.0,37.0,3.5216596e+07,pending,
59,Mississippi PERS,MS,2019.0,37.0,3.5216596e+07,pending,
59,Mississippi PERS,MS,2020.0,37.0,3.5216596e+07,pending,
59,Mississippi PERS,MS,2021.0,37.0,3.5216596e+07,pending,
112,Utah Noncontributory,UT,2001.0,38.0,3.5068536e+07,pending,
112,Utah Noncontributory,UT,2002.0,38.0,3.5068536e+07,pending,
112,Utah Noncontributory,UT,2003.0,38.0,3.5068536e+07,pending,
112,Utah Noncontributory,UT,2004.0,38.0,3.5068536e+07,pending,
112,Utah Noncontributory,UT,2005.0,38.0,3.5068536e+07,pending,
112,Utah Noncontributory,UT,2006.0,38.0,3.5068536e+07,pending,
112,Utah Noncontributory,UT,2007.0,38.0,3.5068536e+07,pending,
112,Utah Noncontributory,UT,2008.0,38.0,3.5068536e+07,pending,
112,Utah Noncontributory,UT,2009.0,38.0,3.5068536e+07,pending,
112,Utah Noncontributory,UT,2010.0,38.0,3.5068536e+07,pending,
112,Utah Noncontributory,UT,2011.0,38.0,3.5068536e+07,pending,
112,Utah Noncontributory,UT,2012.0,38.0,3.5068536e+07,pending,
112,Utah Noncontributory,UT,2013.0,38.0,3.5068536e+07,pending,
112,Utah Noncontributory,UT,2014.0,38.0,3.5068536e+07,pending,
112,Utah Noncontributory,UT,2015.0,38.0,3.5068536e+07,pending,
112,Utah Noncontributory,UT,2016.0,38.0,3.5068536e+07,pending,
112,Utah Noncontributory,UT,2017.0,38.0,3.5068536e+07,pending,
112,Utah Noncontributory,UT,2018.0,38.0,3.5068536e+07,pending,
112,Utah Noncontributory,UT,2019.0,38.0,3.5068536e+07,pending,
112,Utah Noncontributory,UT,2020.0,38.0,3.5068536e+07,pending,
112,Utah Noncontributory,UT,2021.0,38.0,3.5068536e+07,pending,
14,Colorado School,CO,2001.0,39.0,3.4654724e+07,pending,
14,Colorado School,CO,2002.0,39.0,3.4654724e+07,pending,
14,Colorado School,CO,2003.0,39.0,3.4654724e+07,pending,
14,Colorado School,CO,2004.0,39.0,3.4654724e+07,pending,
14,Colorado School,CO,2005.0,39.0,3.4654724e+07,pending,
14,Colorado School,CO,2006.0,39.0,3.4654724e+07,pending,
14,Colorado School,CO,2007.0,39.0,3.4654724e+07,pending,
14,Colorado School,CO,2008.0,39.0,3.4654724e+07,pending,
14,Colorado School,CO,2009.0,39.0,3.4654724e+07,pending,
14,Colorado School,CO,2010.0,39.0,3.4654724e+07,pending,
14,Colorado School,CO,2011.0,39.0,3.4654724e+07,pending,
14,Colorado School,CO,2012.0,39.0,3.4654724e+07,pending,
14,Colorado School,CO,2013.0,39.0,3.4654724e+07,pending,
14,Colorado School,CO,2014.0,39.0,3.4654724e+07,pending,
14,Colorado School,CO,2015.0,39.0,3.4654724e+07,pending,
14,Colorado School,CO,2016.0,39.0,3.4654724e+07,pending,
14,Colorado School,CO,2017.0,39.0,3.4654724e+07,pending,
14,Colorado School,CO,2018.0,39.0,3.4654724e+07,pending,
14,Colorado School,CO,2019.0,39.0,3.4654724e+07,pending,
14,Colorado School,CO,2020.0,39.0,3.4654724e+07,pending,
14,Colorado School,CO,2021.0,39.0,3.4654724e+07,pending,
105,Texas ERS,TX,2001.0,40.0,3.3608244e+07,pending,
105,Texas ERS,TX,2002.0,40.0,3.3608244e+07,pending,
105,Texas ERS,TX,2003.0,40.0,3.3608244e+07,pending,
105,Texas ERS,TX,2004.0,40.0,3.3608244e+07,pending,
105,Texas ERS,TX,2005.0,40.0,3.3608244e+07,pending,
105,Texas ERS,TX,2006.0,40.0,3.3608244e+07,pending,
105,Texas ERS,TX,2007.0,40.0,3.3608244e+07,pending,
105,Texas ERS,TX,2008.0,40.0,3.3608244e+07,pending,
105,Texas ERS,TX,2009.0,40.0,3.3608244e+07,pending,
105,Texas ERS,TX,2010.0,40.0,3.3608244e+07,pending,
105,Texas ERS,TX,2011.0,40.0,3.3608244e+07,pending,
105,Texas ERS,TX,2012.0,40.0,3.3608244e+07,pending,
105,Texas ERS,TX,2013.0,40.0,3.3608244e+07,pending,
105,Texas ERS,TX,2014.0,40.0,3.3608244e+07,pending,
105,Texas ERS,TX,2015.0,40.0,3.3608244e+07,pending,
105,Texas ERS,TX,2016.0,40.0,3.3608244e+07,pending,
105,Texas ERS,TX,2017.0,40.0,3.3608244e+07,pending,
105,Texas ERS,TX,2018.0,40.0,3.3608244e+07,pending,
105,Texas ERS,TX,2019.0,40.0,3.3608244e+07,pending,
105,Texas ERS,TX,2020.0,40.0,3.3608244e+07,pending,
105,Texas ERS,TX,2021.0,40.0,3.3608244e+07,pending,
72,New Jersey Police & Fire,NJ,2006.0,41.0,3.3543254e+07,pending,
72,New Jersey Police & Fire,NJ,2007.0,41.0,3.3543254e+07,pending,
72,New Jersey Police & Fire,NJ,2008.0,41.0,3.3543254e+07,pending,
72,New Jersey Police & Fire,NJ,2009.0,41.0,3.3543254e+07,pending,
72,New Jersey Police & Fire,NJ,2010.0,41.0,3.3543254e+07,pending,
72,New Jersey Police & Fire,NJ,2011.0,41.0,3.3543254e+07,pending,
72,New Jersey Police & Fire,NJ,2012.0,41.0,3.3543254e+07,pending,
72,New Jersey Police & Fire,NJ,2013.0,41.0,3.3543254e+07,pending,
72,New Jersey Police & Fire,NJ,2014.0,41.0,3.3543254e+07,pending,
72,New Jersey Police & Fire,NJ,2015.0,41.0,3.3543254e+07,pending,
72,New Jersey Police & Fire,NJ,2016.0,41.0,3.3543254e+07,pending,
72,New Jersey Police & Fire,NJ,2017.0,41.0,3.3543254e+07,pending,
72,New Jersey Police & Fire,NJ,2018.0,41.0,3.3543254e+07,pending,
72,New Jersey Police & Fire,NJ,2019.0,41.0,3.3543254e+07,pending,
72,New Jersey Police & Fire,NJ,2020.0,41.0,3.3543254e+07,pending,
72,New Jersey Police & Fire,NJ,2021.0,41.0,3.3543254e+07,pending,
100,South Carolina RS,SC,2001.0,42.0,3.3490306e+07,pending,
100,South Carolina RS,SC,2002.0,42.0,3.3490306e+07,pending,
100,South Carolina RS,SC,2003.0,42.0,3.3490306e+07,pending,
100,South Carolina RS,SC,2004.0,42.0,3.3490306e+07,pending,
100,South Carolina RS,SC,2005.0,42.0,3.3490306e+07,pending,
100,South Carolina RS,SC,2006.0,42.0,3.3490306e+07,pending,
100,South Carolina RS,SC,2007.0,42.0,3.3490306e+07,pending,
100,South Carolina RS,SC,2008.0,42.0,3.3490306e+07,pending,
100,South Carolina RS,SC,2009.0,42.0,3.3490306e+07,pending,
100,South Carolina RS,SC,2010.0,42.0,3.3490306e+07,pending,
100,South Carolina RS,SC,2011.0,42.0,3.3490306e+07,pending,
100,South Carolina RS,SC,2012.0,42.0,3.3490306e+07,pending,
100,South Carolina RS,SC,2013.0,42.0,3.3490306e+07,pending,
100,South Carolina RS,SC,2014.0,42.0,3.3490306e+07,pending,
100,South Carolina RS,SC,2015.0,42.0,3.3490306e+07,pending,
100,South Carolina RS,SC,2016.0,42.0,3.3490306e+07,pending,
100,South Carolina RS,SC,2017.0,42.0,3.3490306e+07,pending,
100,South Carolina RS,SC,2018.0,42.0,3.3490306e+07,pending,
100,South Carolina RS,SC,2019.0,42.0,3.3490306e+07,pending,
100,South Carolina RS,SC,2020.0,42.0,3.3490306e+07,pending,
100,South Carolina RS,SC,2021.0,42.0,3.3490306e+07,pending,
79,North Carolina Local Government,NC,2001.0,43.0,3.2646868e+07,pending,
79,North Carolina Local Government,NC,2002.0,43.0,3.2646868e+07,pending,
79,North Carolina Local Government,NC,2003.0,43.0,3.2646868e+07,pending,
79,North Carolina Local Government,NC,2004.0,43.0,3.2646868e+07,pending,
79,North Carolina Local Government,NC,2005.0,43.0,3.2646868e+07,pending,
79,North Carolina Local Government,NC,2006.0,43.0,3.2646868e+07,pending,
79,North Carolina Local Government,NC,2007.0,43.0,3.2646868e+07,pending,
79,North Carolina Local Government,NC,2008.0,43.0,3.2646868e+07,pending,
79,North Carolina Local Government,NC,2009.0,43.0,3.2646868e+07,pending,
79,North Carolina Local Government,NC,2010.0,43.0,3.2646868e+07,pending,
79,North Carolina Local Government,NC,2011.0,43.0,3.2646868e+07,pending,
79,North Carolina Local Government,NC,2012.0,43.0,3.2646868e+07,pending,
79,North Carolina Local Government,NC,2013.0,43.0,3.2646868e+07,pending,
79,North Carolina Local Government,NC,2014.0,43.0,3.2646868e+07,pending,
79,North Carolina Local Government,NC,2015.0,43.0,3.2646868e+07,pending,
79,North Carolina Local Government,NC,2016.0,43.0,3.2646868e+07,pending,
79,North Carolina Local Government,NC,2017.0,43.0,3.2646868e+07,pending,
79,North Carolina Local Government,NC,2018.0,43.0,3.2646868e+07,pending,
79,North Carolina Local Government,NC,2019.0,43.0,3.2646868e+07,pending,
79,North Carolina Local Government,NC,2020.0,43.0,3.2646868e+07,pending,
79,North Carolina Local Government,NC,2021.0,43.0,3.2646868e+07,pending,
110,TN State and Teachers,TN,2001.0,44.0,3.1660892e+07,pending,
110,TN State and Teachers,TN,2002.0,44.0,3.1660892e+07,pending,
110,TN State and Teachers,TN,2003.0,44.0,3.1660892e+07,pending,
110,TN State and Teachers,TN,2004.0,44.0,3.1660892e+07,pending,
110,TN State and Teachers,TN,2005.0,44.0,3.1660892e+07,pending,
110,TN State and Teachers,TN,2006.0,44.0,3.1660892e+07,pending,
110,TN State and Teachers,TN,2007.0,44.0,3.1660892e+07,pending,
110,TN State and Teachers,TN,2008.0,44.0,3.1660892e+07,pending,
110,TN State and Teachers,TN,2009.0,44.0,3.1660892e+07,pending,
110,TN State and Teachers,TN,2010.0,44.0,3.1660892e+07,pending,
110,TN State and Teachers,TN,2011.0,44.0,3.1660892e+07,pending,
110,TN State and Teachers,TN,2012.0,44.0,3.1660892e+07,pending,
110,TN State and Teachers,TN,2013.0,44.0,3.1660892e+07,pending,
110,TN State and Teachers,TN,2014.0,44.0,3.1660892e+07,pending,
110,TN State and Teachers,TN,2015.0,44.0,3.1660892e+07,pending,
110,TN State and Teachers,TN,2016.0,44.0,3.1660892e+07,pending,
110,TN State and Teachers,TN,2017.0,44.0,3.1660892e+07,pending,
110,TN State and Teachers,TN,2018.0,44.0,3.1660892e+07,pending,
110,TN State and Teachers,TN,2019.0,44.0,3.1660892e+07,pending,
110,TN State and Teachers,TN,2020.0,44.0,3.1660892e+07,pending,
110,TN State and Teachers,TN,2021.0,44.0,3.1660892e+07,pending,
2,Alabama Teachers,AL,2001.0,45.0,3.056193e+07,pending,
2,Alabama Teachers,AL,2002.0,45.0,3.056193e+07,pending,
2,Alabama Teachers,AL,2003.0,45.0,3.056193e+07,pending,
2,Alabama Teachers,AL,2004.0,45.0,3.056193e+07,pending,
2,Alabama Teachers,AL,2005.0,45.0,3.056193e+07,pending,
2,Alabama Teachers,AL,2006.0,45.0,3.056193e+07,pending,
2,Alabama Teachers,AL,2007.0,45.0,3.056193e+07,pending,
2,Alabama Teachers,AL,2008.0,45.0,3.056193e+07,pending,
2,Alabama Teachers,AL,2009.0,45.0,3.056193e+07,pending,
2,Alabama Teachers,AL,2010.0,45.0,3.056193e+07,pending,
2,Alabama Teachers,AL,2011.0,45.0,3.056193e+07,pending,
2,Alabama Teachers,AL,2012.0,45.0,3.056193e+07,pending,
2,Alabama Teachers,AL,2013.0,45.0,3.056193e+07,pending,
2,Alabama Teachers,AL,2014.0,45.0,3.056193e+07,pending,
2,Alabama Teachers,AL,2015.0,45.0,3.056193e+07,pending,
2,Alabama Teachers,AL,2016.0,45.0,3.056193e+07,pending,
2,Alabama Teachers,AL,2017.0,45.0,3.056193e+07,pending,
2,Alabama Teachers,AL,2018.0,45.0,3.056193e+07,pending,
2,Alabama Teachers,AL,2019.0,45.0,3.056193e+07,pending,
2,Alabama Teachers,AL,2020.0,45.0,3.056193e+07,pending,
2,Alabama Teachers,AL,2021.0,45.0,3.056193e+07,pending,
56,Minnesota GERF,MN,2001.0,46.0,2.8587652e+07,pending,
56,Minnesota GERF,MN,2002.0,46.0,2.8587652e+07,pending,
56,Minnesota GERF,MN,2003.0,46.0,2.8587652e+07,pending,
56,Minnesota GERF,MN,2004.0,46.0,2.8587652e+07,pending,
56,Minnesota GERF,MN,2005.0,46.0,2.8587652e+07,pending,
56,Minnesota GERF,MN,2006.0,46.0,2.8587652e+07,pending,
56,Minnesota GERF,MN,2007.0,46.0,2.8587652e+07,pending,
56,Minnesota GERF,MN,2008.0,46.0,2.8587652e+07,pending,
56,Minnesota GERF,MN,2009.0,46.0,2.8587652e+07,pending,
56,Minnesota GERF,MN,2010.0,46.0,2.8587652e+07,pending,
56,Minnesota GERF,MN,2011.0,46.0,2.8587652e+07,pending,
56,Minnesota GERF,MN,2012.0,46.0,2.8587652e+07,pending,
56,Minnesota GERF,MN,2013.0,46.0,2.8587652e+07,pending,
56,Minnesota GERF,MN,2014.0,46.0,2.8587652e+07,pending,
56,Minnesota GERF,MN,2015.0,46.0,2.8587652e+07,pending,
56,Minnesota GERF,MN,2016.0,46.0,2.8587652e+07,pending,
56,Minnesota GERF,MN,2017.0,46.0,2.8587652e+07,pending,
56,Minnesota GERF,MN,2018.0,46.0,2.8587652e+07,pending,
56,Minnesota GERF,MN,2019.0,46.0,2.8587652e+07,pending,
56,Minnesota GERF,MN,2020.0,46.0,2.8587652e+07,pending,
56,Minnesota GERF,MN,2021.0,46.0,2.8587652e+07,pending,
58,Minnesota Teachers,MN,2001.0,47.0,2.8361756e+07,pending,
58,Minnesota Teachers,MN,2002.0,47.0,2.8361756e+07,pending,
58,Minnesota Teachers,MN,2003.0,47.0,2.8361756e+07,pending,
58,Minnesota Teachers,MN,2004.0,47.0,2.8361756e+07,pending,
58,Minnesota Teachers,MN,2005.0,47.0,2.8361756e+07,pending,
58,Minnesota Teachers,MN,2006.0,47.0,2.8361756e+07,pending,
58,Minnesota Teachers,MN,2007.0,47.0,2.8361756e+07,pending,
58,Minnesota Teachers,MN,2008.0,47.0,2.8361756e+07,pending,
58,Minnesota Teachers,MN,2009.0,47.0,2.8361756e+07,pending,
58,Minnesota Teachers,MN,2010.0,47.0,2.8361756e+07,pending,
58,Minnesota Teachers,MN,2011.0,47.0,2.8361756e+07,pending,
58,Minnesota Teachers,MN,2012.0,47.0,2.8361756e+07,pending,
58,Minnesota Teachers,MN,2013.0,47.0,2.8361756e+07,pending,
58,Minnesota Teachers,MN,2014.0,47.0,2.8361756e+07,pending,
58,Minnesota Teachers,MN,2015.0,47.0,2.8361756e+07,pending,
58,Minnesota Teachers,MN,2016.0,47.0,2.8361756e+07,pending,
58,Minnesota Teachers,MN,2017.0,47.0,2.8361756e+07,pending,
58,Minnesota Teachers,MN,2018.0,47.0,2.8361756e+07,pending,
58,Minnesota Teachers,MN,2019.0,47.0,2.8361756e+07,pending,
58,Minnesota Teachers,MN,2020.0,47.0,2.8361756e+07,pending,
58,Minnesota Teachers,MN,2021.0,47.0,2.8361756e+07,pending,
140,Los Angeles Fire and Police,CA,2001.0,48.0,2.7862308e+07,pending,
140,Los Angeles Fire and Police,CA,2002.0,48.0,2.7862308e+07,pending,
140,Los Angeles Fire and Police,CA,2003.0,48.0,2.7862308e+07,pending,
140,Los Angeles Fire and Police,CA,2004.0,48.0,2.7862308e+07,pending,
140,Los Angeles Fire and Police,CA,2005.0,48.0,2.7862308e+07,pending,
140,Los Angeles Fire and Police,CA,2006.0,48.0,2.7862308e+07,pending,
140,Los Angeles Fire and Police,CA,2007.0,48.0,2.7862308e+07,pending,
140,Los Angeles Fire and Police,CA,2008.0,48.0,2.7862308e+07,pending,
140,Los Angeles Fire and Police,CA,2009.0,48.0,2.7862308e+07,pending,
140,Los Angeles Fire and Police,CA,2010.0,48.0,2.7862308e+07,pending,
140,Los Angeles Fire and Police,CA,2011.0,48.0,2.7862308e+07,pending,
140,Los Angeles Fire and Police,CA,2012.0,48.0,2.7862308e+07,pending,
140,Los Angeles Fire and Police,CA,2013.0,48.0,2.7862308e+07,pending,
140,Los Angeles Fire and Police,CA,2014.0,48.0,2.7862308e+07,pending,
140,Los Angeles Fire and Police,CA,2015.0,48.0,2.7862308e+07,pending,
140,Los Angeles Fire and Police,CA,2016.0,48.0,2.7862308e+07,pending,
140,Los Angeles Fire and Police,CA,2017.0,48.0,2.7862308e+07,pending,
140,Los Angeles Fire and Police,CA,2018.0,48.0,2.7862308e+07,pending,
140,Los Angeles Fire and Police,CA,2019.0,48.0,2.7862308e+07,pending,
140,Los Angeles Fire and Police,CA,2020.0,48.0,2.7862308e+07,pending,
140,Los Angeles Fire and Police,CA,2021.0,48.0,2.7862308e+07,pending,
45,Louisiana Teachers,LA,2001.0,49.0,2.7724128e+07,pending,
45,Louisiana Teachers,LA,2002.0,49.0,2.7724128e+07,pending,
45,Louisiana Teachers,LA,2003.0,49.0,2.7724128e+07,pending,
45,Louisiana Teachers,LA,2004.0,49.0,2.7724128e+07,pending,
45,Louisiana Teachers,LA,2005.0,49.0,2.7724128e+07,pending,
45,Louisiana Teachers,LA,2006.0,49.0,2.7724128e+07,pending,
45,Louisiana Teachers,LA,2007.0,49.0,2.7724128e+07,pending,
45,Louisiana Teachers,LA,2008.0,49.0,2.7724128e+07,pending,
45,Louisiana Teachers,LA,2009.0,49.0,2.7724128e+07,pending,
45,Louisiana Teachers,LA,2010.0,49.0,2.7724128e+07,pending,
45,Louisiana Teachers,LA,2011.0,49.0,2.7724128e+07,pending,
45,Louisiana Teachers,LA,2012.0,49.0,2.7724128e+07,pending,
45,Louisiana Teachers,LA,2013.0,49.0,2.7724128e+07,pending,
45,Louisiana Teachers,LA,2014.0,49.0,2.7724128e+07,pending,
45,Louisiana Teachers,LA,2015.0,49.0,2.7724128e+07,pending,
45,Louisiana Teachers,LA,2016.0,49.0,2.7724128e+07,pending,
45,Louisiana Teachers,LA,2017.0,49.0,2.7724128e+07,pending,
45,Louisiana Teachers,LA,2018.0,49.0,2.7724128e+07,pending,
45,Louisiana Teachers,LA,2019.0,49.0,2.7724128e+07,pending,
45,Louisiana Teachers,LA,2020.0,49.0,2.7724128e+07,pending,
45,Louisiana Teachers,LA,2021.0,49.0,2.7724128e+07,pending,
73,New Jersey Teachers,NJ,2006.0,50.0,2.6533142e+07,pending,
73,New Jersey Teachers,NJ,2007.0,50.0,2.6533142e+07,pending,
73,New Jersey Teachers,NJ,2008.0,50.0,2.6533142e+07,pending,
73,New Jersey Teachers,NJ,2009.0,50.0,2.6533142e+07,pending,
73,New Jersey Teachers,NJ,2010.0,50.0,2.6533142e+07,pending,
73,New Jersey Teachers,NJ,2011.0,50.0,2.6533142e+07,pending,
73,New Jersey Teachers,NJ,2012.0,50.0,2.6533142e+07,pending,
73,New Jersey Teachers,NJ,2013.0,50.0,2.6533142e+07,pending,
73,New Jersey Teachers,NJ,2014.0,50.0,2.6533142e+07,pending,
73,New Jersey Teachers,NJ,2015.0,50.0,2.6533142e+07,pending,
73,New Jersey Teachers,NJ,2016.0,50.0,2.6533142e+07,pending,
73,New Jersey Teachers,NJ,2017.0,50.0,2.6533142e+07,pending,
73,New Jersey Teachers,NJ,2018.0,50.0,2.6533142e+07,pending,
73,New Jersey Teachers,NJ,2019.0,50.0,2.6533142e+07,pending,
73,New Jersey Teachers,NJ,2020.0,50.0,2.6533142e+07,pending,
73,New Jersey Teachers,NJ,2021.0,50.0,2.6533142e+07,pending,
42,Kentucky Teachers,KY,2001.0,51.0,2.593578e+07,pending,
42,Kentucky Teachers,KY,2002.0,51.0,2.593578e+07,pending,
42,Kentucky Teachers,KY,2003.0,51.0,2.593578e+07,pending,
42,Kentucky Teachers,KY,2004.0,51.0,2.593578e+07,pending,
42,Kentucky Teachers,KY,2005.0,51.0,2.593578e+07,pending,
42,Kentucky Teachers,KY,2006.0,51.0,2.593578e+07,pending,
42,Kentucky Teachers,KY,2007.0,51.0,2.593578e+07,pending,
42,Kentucky Teachers,KY,2008.0,51.0,2.593578e+07,pending,
42,Kentucky Teachers,KY,2009.0,51.0,2.593578e+07,pending,
42,Kentucky Teachers,KY,2010.0,51.0,2.593578e+07,pending,
42,Kentucky Teachers,KY,2011.0,51.0,2.593578e+07,pending,
42,Kentucky Teachers,KY,2012.0,51.0,2.593578e+07,pending,
42,Kentucky Teachers,KY,2013.0,51.0,2.593578e+07,pending,
42,Kentucky Teachers,KY,2014.0,51.0,2.593578e+07,pending,
42,Kentucky Teachers,KY,2015.0,51.0,2.593578e+07,pending,
42,Kentucky Teachers,KY,2016.0,51.0,2.593578e+07,pending,
42,Kentucky Teachers,KY,2017.0,51.0,2.593578e+07,pending,
42,Kentucky Teachers,KY,2018.0,51.0,2.593578e+07,pending,
42,Kentucky Teachers,KY,2019.0,51.0,2.593578e+07,pending,
42,Kentucky Teachers,KY,2020.0,51.0,2.593578e+07,pending,
42,Kentucky Teachers,KY,2021.0,51.0,2.593578e+07,pending,
39,Kansas PERS,KS,2001.0,52.0,2.5254596e+07,pending,
39,Kansas PERS,KS,2002.0,52.0,2.5254596e+07,pending,
39,Kansas PERS,KS,2003.0,52.0,2.5254596e+07,pending,
39,Kansas PERS,KS,2004.0,52.0,2.5254596e+07,pending,
39,Kansas PERS,KS,2005.0,52.0,2.5254596e+07,pending,
39,Kansas PERS,KS,2006.0,52.0,2.5254596e+07,pending,
39,Kansas PERS,KS,2007.0,52.0,2.5254596e+07,pending,
39,Kansas PERS,KS,2008.0,52.0,2.5254596e+07,pending,
39,Kansas PERS,KS,2009.0,52.0,2.5254596e+07,pending,
39,Kansas PERS,KS,2010.0,52.0,2.5254596e+07,pending,
39,Kansas PERS,KS,2011.0,52.0,2.5254596e+07,pending,
39,Kansas PERS,KS,2012.0,52.0,2.5254596e+07,pending,
39,Kansas PERS,KS,2013.0,52.0,2.5254596e+07,pending,
39,Kansas PERS,KS,2014.0,52.0,2.5254596e+07,pending,
39,Kansas PERS,KS,2015.0,52.0,2.5254596e+07,pending,
39,Kansas PERS,KS,2016.0,52.0,2.5254596e+07,pending,
39,Kansas PERS,KS,2017.0,52.0,2.5254596e+07,pending,
39,Kansas PERS,KS,2018.0,52.0,2.5254596e+07,pending,
39,Kansas PERS,KS,2019.0,52.0,2.5254596e+07,pending,
39,Kansas PERS,KS,2020.0,52.0,2.5254596e+07,pending,
39,Kansas PERS,KS,2021.0,52.0,2.5254596e+07,pending,
33,Illinois SERS,IL,2001.0,53.0,2.3883338e+07,pending,
33,Illinois SERS,IL,2002.0,53.0,2.3883338e+07,pending,
33,Illinois SERS,IL,2003.0,53.0,2.3883338e+07,pending,
33,Illinois SERS,IL,2004.0,53.0,2.3883338e+07,pending,
33,Illinois SERS,IL,2005.0,53.0,2.3883338e+07,pending,
33,Illinois SERS,IL,2006.0,53.0,2.3883338e+07,pending,
33,Illinois SERS,IL,2007.0,53.0,2.3883338e+07,pending,
33,Illinois SERS,IL,2008.0,53.0,2.3883338e+07,pending,
33,Illinois SERS,IL,2009.0,53.0,2.3883338e+07,pending,
33,Illinois SERS,IL,2010.0,53.0,2.3883338e+07,pending,
33,Illinois SERS,IL,2011.0,53.0,2.3883338e+07,pending,
33,Illinois SERS,IL,2012.0,53.0,2.3883338e+07,pending,
33,Illinois SERS,IL,2013.0,53.0,2.3883338e+07,pending,
33,Illinois SERS,IL,2014.0,53.0,2.3883338e+07,pending,
33,Illinois SERS,IL,2015.0,53.0,2.3883338e+07,pending,
33,Illinois SERS,IL,2016.0,53.0,2.3883338e+07,pending,
33,Illinois SERS,IL,2017.0,53.0,2.3883338e+07,pending,
33,Illinois SERS,IL,2018.0,53.0,2.3883338e+07,pending,
33,Illinois SERS,IL,2019.0,53.0,2.3883338e+07,pending,
33,Illinois SERS,IL,2020.0,53.0,2.3883338e+07,pending,
33,Illinois SERS,IL,2021.0,53.0,2.3883338e+07,pending,
35,Illinois Universities,IL,2001.0,54.0,2.3768314e+07,pending,
35,Illinois Universities,IL,2002.0,54.0,2.3768314e+07,pending,
35,Illinois Universities,IL,2003.0,54.0,2.3768314e+07,pending,
35,Illinois Universities,IL,2004.0,54.0,2.3768314e+07,pending,
35,Illinois Universities,IL,2005.0,54.0,2.3768314e+07,pending,
35,Illinois Universities,IL,2006.0,54.0,2.3768314e+07,pending,
35,Illinois Universities,IL,2007.0,54.0,2.3768314e+07,pending,
35,Illinois Universities,IL,2008.0,54.0,2.3768314e+07,pending,
35,Illinois Universities,IL,2009.0,54.0,2.3768314e+07,pending,
35,Illinois Universities,IL,2010.0,54.0,2.3768314e+07,pending,
35,Illinois Universities,IL,2011.0,54.0,2.3768314e+07,pending,
35,Illinois Universities,IL,2012.0,54.0,2.3768314e+07,pending,
35,Illinois Universities,IL,2013.0,54.0,2.3768314e+07,pending,
35,Illinois Universities,IL,2014.0,54.0,2.3768314e+07,pending,
35,Illinois Universities,IL,2015.0,54.0,2.3768314e+07,pending,
35,Illinois Universities,IL,2016.0,54.0,2.3768314e+07,pending,
35,Illinois Universities,IL,2017.0,54.0,2.3768314e+07,pending,
35,Illinois Universities,IL,2018.0,54.0,2.3768314e+07,pending,
35,Illinois Universities,IL,2019.0,54.0,2.3768314e+07,pending,
35,Illinois Universities,IL,2020.0,54.0,2.3768314e+07,pending,
35,Illinois Universities,IL,2021.0,54.0,2.3768314e+07,pending,
17,Connecticut Teachers,CT,2002.0,55.0,2.3117088e+07,pending,
17,Connecticut Teachers,CT,2003.0,55.0,2.3117088e+07,pending,
17,Connecticut Teachers,CT,2004.0,55.0,2.3117088e+07,pending,
17,Connecticut Teachers,CT,2005.0,55.0,2.3117088e+07,pending,
17,Connecticut Teachers,CT,2006.0,55.0,2.3117088e+07,pending,
17,Connecticut Teachers,CT,2007.0,55.0,2.3117088e+07,pending,
17,Connecticut Teachers,CT,2008.0,55.0,2.3117088e+07,pending,
17,Connecticut Teachers,CT,2009.0,55.0,2.3117088e+07,pending,
17,Connecticut Teachers,CT,2010.0,55.0,2.3117088e+07,pending,
17,Connecticut Teachers,CT,2011.0,55.0,2.3117088e+07,pending,
17,Connecticut Teachers,CT,2012.0,55.0,2.3117088e+07,pending,
17,Connecticut Teachers,CT,2013.0,55.0,2.3117088e+07,pending,
17,Connecticut Teachers,CT,2014.0,55.0,2.3117088e+07,pending,
17,Connecticut Teachers,CT,2015.0,55.0,2.3117088e+07,pending,
17,Connecticut Teachers,CT,2016.0,55.0,2.3117088e+07,pending,
17,Connecticut Teachers,CT,2017.0,55.0,2.3117088e+07,pending,
17,Connecticut Teachers,CT,2018.0,55.0,2.3117088e+07,pending,
17,Connecticut Teachers,CT,2019.0,55.0,2.3117088e+07,pending,
17,Connecticut Teachers,CT,2020.0,55.0,2.3117088e+07,pending,
17,Connecticut Teachers,CT,2021.0,55.0,2.3117088e+07,pending,
122,Washington Teachers Plan 2/3,WA,2001.0,56.0,2.278449e+07,pending,
122,Washington Teachers Plan 2/3,WA,2002.0,56.0,2.278449e+07,pending,
122,Washington Teachers Plan 2/3,WA,2003.0,56.0,2.278449e+07,pending,
122,Washington Teachers Plan 2/3,WA,2004.0,56.0,2.278449e+07,pending,
122,Washington Teachers Plan 2/3,WA,2005.0,56.0,2.278449e+07,pending,
122,Washington Teachers Plan 2/3,WA,2006.0,56.0,2.278449e+07,pending,
122,Washington Teachers Plan 2/3,WA,2007.0,56.0,2.278449e+07,pending,
122,Washington Teachers Plan 2/3,WA,2008.0,56.0,2.278449e+07,pending,
122,Washington Teachers Plan 2/3,WA,2009.0,56.0,2.278449e+07,pending,
122,Washington Teachers Plan 2/3,WA,2010.0,56.0,2.278449e+07,pending,
122,Washington Teachers Plan 2/3,WA,2011.0,56.0,2.278449e+07,pending,
122,Washington Teachers Plan 2/3,WA,2012.0,56.0,2.278449e+07,pending,
122,Washington Teachers Plan 2/3,WA,2013.0,56.0,2.278449e+07,pending,
122,Washington Teachers Plan 2/3,WA,2014.0,56.0,2.278449e+07,pending,
122,Washington Teachers Plan 2/3,WA,2015.0,56.0,2.278449e+07,pending,
122,Washington Teachers Plan 2/3,WA,2016.0,56.0,2.278449e+07,pending,
122,Washington Teachers Plan 2/3,WA,2017.0,56.0,2.278449e+07,pending,
122,Washington Teachers Plan 2/3,WA,2018.0,56.0,2.278449e+07,pending,
122,Washington Teachers Plan 2/3,WA,2019.0,56.0,2.278449e+07,pending,
122,Washington Teachers Plan 2/3,WA,2020.0,56.0,2.278449e+07,pending,
122,Washington Teachers Plan 2/3,WA,2021.0,56.0,2.278449e+07,pending,
48,Maryland PERS,MD,2001.0,57.0,2.257749e+07,pending,
48,Maryland PERS,MD,2002.0,57.0,2.257749e+07,pending,
48,Maryland PERS,MD,2003.0,57.0,2.257749e+07,pending,
48,Maryland PERS,MD,2004.0,57.0,2.257749e+07,pending,
48,Maryland PERS,MD,2005.0,57.0,2.257749e+07,pending,
48,Maryland PERS,MD,2006.0,57.0,2.257749e+07,pending,
48,Maryland PERS,MD,2007.0,57.0,2.257749e+07,pending,
48,Maryland PERS,MD,2008.0,57.0,2.257749e+07,pending,
48,Maryland PERS,MD,2009.0,57.0,2.257749e+07,pending,
48,Maryland PERS,MD,2010.0,57.0,2.257749e+07,pending,
48,Maryland PERS,MD,2011.0,57.0,2.257749e+07,pending,
48,Maryland PERS,MD,2012.0,57.0,2.257749e+07,pending,
48,Maryland PERS,MD,2013.0,57.0,2.257749e+07,pending,
48,Maryland PERS,MD,2014.0,57.0,2.257749e+07,pending,
48,Maryland PERS,MD,2015.0,57.0,2.257749e+07,pending,
48,Maryland PERS,MD,2016.0,57.0,2.257749e+07,pending,
48,Maryland PERS,MD,2017.0,57.0,2.257749e+07,pending,
48,Maryland PERS,MD,2018.0,57.0,2.257749e+07,pending,
48,Maryland PERS,MD,2019.0,57.0,2.257749e+07,pending,
48,Maryland PERS,MD,2020.0,57.0,2.257749e+07,pending,
48,Maryland PERS,MD,2021.0,57.0,2.257749e+07,pending,
90,Oklahoma Teachers,OK,2001.0,58.0,2.205207e+07,pending,
90,Oklahoma Teachers,OK,2002.0,58.0,2.205207e+07,pending,
90,Oklahoma Teachers,OK,2003.0,58.0,2.205207e+07,pending,
90,Oklahoma Teachers,OK,2004.0,58.0,2.205207e+07,pending,
90,Oklahoma Teachers,OK,2005.0,58.0,2.205207e+07,pending,
90,Oklahoma Teachers,OK,2006.0,58.0,2.205207e+07,pending,
90,Oklahoma Teachers,OK,2007.0,58.0,2.205207e+07,pending,
90,Oklahoma Teachers,OK,2008.0,58.0,2.205207e+07,pending,
90,Oklahoma Teachers,OK,2009.0,58.0,2.205207e+07,pending,
90,Oklahoma Teachers,OK,2010.0,58.0,2.205207e+07,pending,
90,Oklahoma Teachers,OK,2011.0,58.0,2.205207e+07,pending,
90,Oklahoma Teachers,OK,2012.0,58.0,2.205207e+07,pending,
90,Oklahoma Teachers,OK,2013.0,58.0,2.205207e+07,pending,
90,Oklahoma Teachers,OK,2014.0,58.0,2.205207e+07,pending,
90,Oklahoma Teachers,OK,2015.0,58.0,2.205207e+07,pending,
90,Oklahoma Teachers,OK,2016.0,58.0,2.205207e+07,pending,
90,Oklahoma Teachers,OK,2017.0,58.0,2.205207e+07,pending,
90,Oklahoma Teachers,OK,2018.0,58.0,2.205207e+07,pending,
90,Oklahoma Teachers,OK,2019.0,58.0,2.205207e+07,pending,
90,Oklahoma Teachers,OK,2020.0,58.0,2.205207e+07,pending,
90,Oklahoma Teachers,OK,2021.0,58.0,2.205207e+07,pending,
29,Hawaii ERS,HI,2001.0,59.0,2.1935792e+07,pending,
29,Hawaii ERS,HI,2002.0,59.0,2.1935792e+07,pending,
29,Hawaii ERS,HI,2003.0,59.0,2.1935792e+07,pending,
29,Hawaii ERS,HI,2004.0,59.0,2.1935792e+07,pending,
29,Hawaii ERS,HI,2005.0,59.0,2.1935792e+07,pending,
29,Hawaii ERS,HI,2006.0,59.0,2.1935792e+07,pending,
29,Hawaii ERS,HI,2007.0,59.0,2.1935792e+07,pending,
29,Hawaii ERS,HI,2008.0,59.0,2.1935792e+07,pending,
29,Hawaii ERS,HI,2009.0,59.0,2.1935792e+07,pending,
29,Hawaii ERS,HI,2010.0,59.0,2.1935792e+07,pending,
29,Hawaii ERS,HI,2011.0,59.0,2.1935792e+07,pending,
29,Hawaii ERS,HI,2012.0,59.0,2.1935792e+07,pending,
29,Hawaii ERS,HI,2013.0,59.0,2.1935792e+07,pending,
29,Hawaii ERS,HI,2014.0,59.0,2.1935792e+07,pending,
29,Hawaii ERS,HI,2015.0,59.0,2.1935792e+07,pending,
29,Hawaii ERS,HI,2016.0,59.0,2.1935792e+07,pending,
29,Hawaii ERS,HI,2017.0,59.0,2.1935792e+07,pending,
29,Hawaii ERS,HI,2018.0,59.0,2.1935792e+07,pending,
29,Hawaii ERS,HI,2019.0,59.0,2.1935792e+07,pending,
29,Hawaii ERS,HI,2020.0,59.0,2.1935792e+07,pending,
29,Hawaii ERS,HI,2021.0,59.0,2.1935792e+07,pending,
142,Orange County ERS,CA,2001.0,60.0,2.1922182e+07,pending,
142,Orange County ERS,CA,2002.0,60.0,2.1922182e+07,pending,
142,Orange County ERS,CA,2003.0,60.0,2.1922182e+07,pending,
142,Orange County ERS,CA,2004.0,60.0,2.1922182e+07,pending,
142,Orange County ERS,CA,2005.0,60.0,2.1922182e+07,pending,
142,Orange County ERS,CA,2006.0,60.0,2.1922182e+07,pending,
142,Orange County ERS,CA,2007.0,60.0,2.1922182e+07,pending,
142,Orange County ERS,CA,2008.0,60.0,2.1922182e+07,pending,
142,Orange County ERS,CA,2009.0,60.0,2.1922182e+07,pending,
142,Orange County ERS,CA,2010.0,60.0,2.1922182e+07,pending,
142,Orange County ERS,CA,2011.0,60.0,2.1922182e+07,pending,
142,Orange County ERS,CA,2012.0,60.0,2.1922182e+07,pending,
142,Orange County ERS,CA,2013.0,60.0,2.1922182e+07,pending,
142,Orange County ERS,CA,2014.0,60.0,2.1922182e+07,pending,
142,Orange County ERS,CA,2015.0,60.0,2.1922182e+07,pending,
142,Orange County ERS,CA,2016.0,60.0,2.1922182e+07,pending,
142,Orange County ERS,CA,2017.0,60.0,2.1922182e+07,pending,
142,Orange County ERS,CA,2018.0,60.0,2.1922182e+07,pending,
142,Orange County ERS,CA,2019.0,60.0,2.1922182e+07,pending,
142,Orange County ERS,CA,2020.0,60.0,2.1922182e+07,pending,
142,Orange County ERS,CA,2021.0,60.0,2.1922182e+07,pending,
31,Idaho PERS,ID,2001.0,61.0,2.1819752e+07,pending,
31,Idaho PERS,ID,2002.0,61.0,2.1819752e+07,pending,
31,Idaho PERS,ID,2003.0,61.0,2.1819752e+07,pending,
31,Idaho PERS,ID,2004.0,61.0,2.1819752e+07,pending,
31,Idaho PERS,ID,2005.0,61.0,2.1819752e+07,pending,
31,Idaho PERS,ID,2006.0,61.0,2.1819752e+07,pending,
31,Idaho PERS,ID,2007.0,61.0,2.1819752e+07,pending,
31,Idaho PERS,ID,2008.0,61.0,2.1819752e+07,pending,
31,Idaho PERS,ID,2009.0,61.0,2.1819752e+07,pending,
31,Idaho PERS,ID,2010.0,61.0,2.1819752e+07,pending,
31,Idaho PERS,ID,2011.0,61.0,2.1819752e+07,pending,
31,Idaho PERS,ID,2012.0,61.0,2.1819752e+07,pending,
31,Idaho PERS,ID,2013.0,61.0,2.1819752e+07,pending,
31,Idaho PERS,ID,2014.0,61.0,2.1819752e+07,pending,
31,Idaho PERS,ID,2015.0,61.0,2.1819752e+07,pending,
31,Idaho PERS,ID,2016.0,61.0,2.1819752e+07,pending,
31,Idaho PERS,ID,2017.0,61.0,2.1819752e+07,pending,
31,Idaho PERS,ID,2018.0,61.0,2.1819752e+07,pending,
31,Idaho PERS,ID,2019.0,61.0,2.1819752e+07,pending,
31,Idaho PERS,ID,2020.0,61.0,2.1819752e+07,pending,
31,Idaho PERS,ID,2021.0,61.0,2.1819752e+07,pending,
8,Arkansas Teachers,AR,2001.0,62.0,2.1468772e+07,pending,
8,Arkansas Teachers,AR,2002.0,62.0,2.1468772e+07,pending,
8,Arkansas Teachers,AR,2003.0,62.0,2.1468772e+07,pending,
8,Arkansas Teachers,AR,2004.0,62.0,2.1468772e+07,pending,
8,Arkansas Teachers,AR,2005.0,62.0,2.1468772e+07,pending,
8,Arkansas Teachers,AR,2006.0,62.0,2.1468772e+07,pending,
8,Arkansas Teachers,AR,2007.0,62.0,2.1468772e+07,pending,
8,Arkansas Teachers,AR,2008.0,62.0,2.1468772e+07,pending,
8,Arkansas Teachers,AR,2009.0,62.0,2.1468772e+07,pending,
8,Arkansas Teachers,AR,2010.0,62.0,2.1468772e+07,pending,
8,Arkansas Teachers,AR,2011.0,62.0,2.1468772e+07,pending,
8,Arkansas Teachers,AR,2012.0,62.0,2.1468772e+07,pending,
8,Arkansas Teachers,AR,2013.0,62.0,2.1468772e+07,pending,
8,Arkansas Teachers,AR,2014.0,62.0,2.1468772e+07,pending,
8,Arkansas Teachers,AR,2015.0,62.0,2.1468772e+07,pending,
8,Arkansas Teachers,AR,2016.0,62.0,2.1468772e+07,pending,
8,Arkansas Teachers,AR,2017.0,62.0,2.1468772e+07,pending,
8,Arkansas Teachers,AR,2018.0,62.0,2.1468772e+07,pending,
8,Arkansas Teachers,AR,2019.0,62.0,2.1468772e+07,pending,
8,Arkansas Teachers,AR,2020.0,62.0,2.1468772e+07,pending,
8,Arkansas Teachers,AR,2021.0,62.0,2.1468772e+07,pending,
15,Colorado State,CO,2001.0,63.0,1.9985566e+07,pending,
15,Colorado State,CO,2002.0,63.0,1.9985566e+07,pending,
15,Colorado State,CO,2003.0,63.0,1.9985566e+07,pending,
15,Colorado State,CO,2004.0,63.0,1.9985566e+07,pending,
15,Colorado State,CO,2005.0,63.0,1.9985566e+07,pending,
15,Colorado State,CO,2006.0,63.0,1.9985566e+07,pending,
15,Colorado State,CO,2007.0,63.0,1.9985566e+07,pending,
15,Colorado State,CO,2008.0,63.0,1.9985566e+07,pending,
15,Colorado State,CO,2009.0,63.0,1.9985566e+07,pending,
15,Colorado State,CO,2010.0,63.0,1.9985566e+07,pending,
15,Colorado State,CO,2011.0,63.0,1.9985566e+07,pending,
15,Colorado State,CO,2012.0,63.0,1.9985566e+07,pending,
15,Colorado State,CO,2013.0,63.0,1.9985566e+07,pending,
15,Colorado State,CO,2014.0,63.0,1.9985566e+07,pending,
15,Colorado State,CO,2015.0,63.0,1.9985566e+07,pending,
15,Colorado State,CO,2016.0,63.0,1.9985566e+07,pending,
15,Colorado State,CO,2017.0,63.0,1.9985566e+07,pending,
15,Colorado State,CO,2018.0,63.0,1.9985566e+07,pending,
15,Colorado State,CO,2019.0,63.0,1.9985566e+07,pending,
15,Colorado State,CO,2020.0,63.0,1.9985566e+07,pending,
15,Colorado State,CO,2021.0,63.0,1.9985566e+07,pending,
117,Washington LEOFF Plan 2,WA,2001.0,64.0,1.9638684e+07,pending,
117,Washington LEOFF Plan 2,WA,2002.0,64.0,1.9638684e+07,pending,
117,Washington LEOFF Plan 2,WA,2003.0,64.0,1.9638684e+07,pending,
117,Washington LEOFF Plan 2,WA,2004.0,64.0,1.9638684e+07,pending,
117,Washington LEOFF Plan 2,WA,2005.0,64.0,1.9638684e+07,pending,
117,Washington LEOFF Plan 2,WA,2006.0,64.0,1.9638684e+07,pending,
117,Washington LEOFF Plan 2,WA,2007.0,64.0,1.9638684e+07,pending,
117,Washington LEOFF Plan 2,WA,2008.0,64.0,1.9638684e+07,pending,
117,Washington LEOFF Plan 2,WA,2009.0,64.0,1.9638684e+07,pending,
117,Washington LEOFF Plan 2,WA,2010.0,64.0,1.9638684e+07,pending,
117,Washington LEOFF Plan 2,WA,2011.0,64.0,1.9638684e+07,pending,
117,Washington LEOFF Plan 2,WA,2012.0,64.0,1.9638684e+07,pending,
117,Washington LEOFF Plan 2,WA,2013.0,64.0,1.9638684e+07,pending,
117,Washington LEOFF Plan 2,WA,2014.0,64.0,1.9638684e+07,pending,
117,Washington LEOFF Plan 2,WA,2015.0,64.0,1.9638684e+07,pending,
117,Washington LEOFF Plan 2,WA,2016.0,64.0,1.9638684e+07,pending,
117,Washington LEOFF Plan 2,WA,2017.0,64.0,1.9638684e+07,pending,
117,Washington LEOFF Plan 2,WA,2018.0,64.0,1.9638684e+07,pending,
117,Washington LEOFF Plan 2,WA,2019.0,64.0,1.9638684e+07,pending,
117,Washington LEOFF Plan 2,WA,2020.0,64.0,1.9638684e+07,pending,
117,Washington LEOFF Plan 2,WA,2021.0,64.0,1.9638684e+07,pending,
139,Los Angeles ERS,CA,2001.0,65.0,1.9023688e+07,pending,
139,Los Angeles ERS,CA,2002.0,65.0,1.9023688e+07,pending,
139,Los Angeles ERS,CA,2003.0,65.0,1.9023688e+07,pending,
139,Los Angeles ERS,CA,2004.0,65.0,1.9023688e+07,pending,
139,Los Angeles ERS,CA,2005.0,65.0,1.9023688e+07,pending,
139,Los Angeles ERS,CA,2006.0,65.0,1.9023688e+07,pending,
139,Los Angeles ERS,CA,2007.0,65.0,1.9023688e+07,pending,
139,Los Angeles ERS,CA,2008.0,65.0,1.9023688e+07,pending,
139,Los Angeles ERS,CA,2009.0,65.0,1.9023688e+07,pending,
139,Los Angeles ERS,CA,2010.0,65.0,1.9023688e+07,pending,
139,Los Angeles ERS,CA,2011.0,65.0,1.9023688e+07,pending,
139,Los Angeles ERS,CA,2012.0,65.0,1.9023688e+07,pending,
139,Los Angeles ERS,CA,2013.0,65.0,1.9023688e+07,pending,
139,Los Angeles ERS,CA,2014.0,65.0,1.9023688e+07,pending,
139,Los Angeles ERS,CA,2015.0,65.0,1.9023688e+07,pending,
139,Los Angeles ERS,CA,2016.0,65.0,1.9023688e+07,pending,
139,Los Angeles ERS,CA,2017.0,65.0,1.9023688e+07,pending,
139,Los Angeles ERS,CA,2018.0,65.0,1.9023688e+07,pending,
139,Los Angeles ERS,CA,2019.0,65.0,1.9023688e+07,pending,
139,Los Angeles ERS,CA,2020.0,65.0,1.9023688e+07,pending,
139,Los Angeles ERS,CA,2021.0,65.0,1.9023688e+07,pending,
149,New York City Fire,NY,2004.0,66.0,1.890856e+07,pending,
149,New York City Fire,NY,2005.0,66.0,1.890856e+07,pending,
149,New York City Fire,NY,2006.0,66.0,1.890856e+07,pending,
149,New York City Fire,NY,2007.0,66.0,1.890856e+07,pending,
149,New York City Fire,NY,2009.0,66.0,1.890856e+07,pending,
149,New York City Fire,NY,2010.0,66.0,1.890856e+07,pending,
149,New York City Fire,NY,2011.0,66.0,1.890856e+07,pending,
149,New York City Fire,NY,2012.0,66.0,1.890856e+07,pending,
149,New York City Fire,NY,2013.0,66.0,1.890856e+07,pending,
149,New York City Fire,NY,2014.0,66.0,1.890856e+07,pending,
149,New York City Fire,NY,2015.0,66.0,1.890856e+07,pending,
149,New York City Fire,NY,2016.0,66.0,1.890856e+07,pending,
149,New York City Fire,NY,2017.0,66.0,1.890856e+07,pending,
149,New York City Fire,NY,2018.0,66.0,1.890856e+07,pending,
149,New York City Fire,NY,2019.0,66.0,1.890856e+07,pending,
149,New York City Fire,NY,2020.0,66.0,1.890856e+07,pending,
149,New York City Fire,NY,2021.0,66.0,1.890856e+07,pending,
86,Ohio Police & Fire,OH,2001.0,67.0,1.8776918e+07,pending,
86,Ohio Police & Fire,OH,2002.0,67.0,1.8776918e+07,pending,
86,Ohio Police & Fire,OH,2003.0,67.0,1.8776918e+07,pending,
86,Ohio Police & Fire,OH,2004.0,67.0,1.8776918e+07,pending,
86,Ohio Police & Fire,OH,2005.0,67.0,1.8776918e+07,pending,
86,Ohio Police & Fire,OH,2006.0,67.0,1.8776918e+07,pending,
86,Ohio Police & Fire,OH,2007.0,67.0,1.8776918e+07,pending,
86,Ohio Police & Fire,OH,2008.0,67.0,1.8776918e+07,pending,
86,Ohio Police & Fire,OH,2009.0,67.0,1.8776918e+07,pending,
86,Ohio Police & Fire,OH,2010.0,67.0,1.8776918e+07,pending,
86,Ohio Police & Fire,OH,2011.0,67.0,1.8776918e+07,pending,
86,Ohio Police & Fire,OH,2012.0,67.0,1.8776918e+07,pending,
86,Ohio Police & Fire,OH,2013.0,67.0,1.8776918e+07,pending,
86,Ohio Police & Fire,OH,2014.0,67.0,1.8776918e+07,pending,
86,Ohio Police & Fire,OH,2015.0,67.0,1.8776918e+07,pending,
86,Ohio Police & Fire,OH,2016.0,67.0,1.8776918e+07,pending,
86,Ohio Police & Fire,OH,2017.0,67.0,1.8776918e+07,pending,
86,Ohio Police & Fire,OH,2018.0,67.0,1.8776918e+07,pending,
86,Ohio Police & Fire,OH,2019.0,67.0,1.8776918e+07,pending,
86,Ohio Police & Fire,OH,2020.0,67.0,1.8776918e+07,pending,
86,Ohio Police & Fire,OH,2021.0,67.0,1.8776918e+07,pending,
74,New Mexico PERA,NM,2001.0,68.0,1.7813948e+07,pending,
74,New Mexico PERA,NM,2002.0,68.0,1.7813948e+07,pending,
74,New Mexico PERA,NM,2003.0,68.0,1.7813948e+07,pending,
74,New Mexico PERA,NM,2004.0,68.0,1.7813948e+07,pending,
74,New Mexico PERA,NM,2005.0,68.0,1.7813948e+07,pending,
74,New Mexico PERA,NM,2006.0,68.0,1.7813948e+07,pending,
74,New Mexico PERA,NM,2007.0,68.0,1.7813948e+07,pending,
74,New Mexico PERA,NM,2008.0,68.0,1.7813948e+07,pending,
74,New Mexico PERA,NM,2009.0,68.0,1.7813948e+07,pending,
74,New Mexico PERA,NM,2010.0,68.0,1.7813948e+07,pending,
74,New Mexico PERA,NM,2011.0,68.0,1.7813948e+07,pending,
74,New Mexico PERA,NM,2012.0,68.0,1.7813948e+07,pending,
74,New Mexico PERA,NM,2013.0,68.0,1.7813948e+07,pending,
74,New Mexico PERA,NM,2014.0,68.0,1.7813948e+07,pending,
74,New Mexico PERA,NM,2015.0,68.0,1.7813948e+07,pending,
74,New Mexico PERA,NM,2016.0,68.0,1.7813948e+07,pending,
74,New Mexico PERA,NM,2017.0,68.0,1.7813948e+07,pending,
74,New Mexico PERA,NM,2018.0,68.0,1.7813948e+07,pending,
74,New Mexico PERA,NM,2019.0,68.0,1.7813948e+07,pending,
74,New Mexico PERA,NM,2020.0,68.0,1.7813948e+07,pending,
74,New Mexico PERA,NM,2021.0,68.0,1.7813948e+07,pending,
87,Ohio School Employees,OH,2001.0,69.0,1.7561236e+07,pending,
87,Ohio School Employees,OH,2002.0,69.0,1.7561236e+07,pending,
87,Ohio School Employees,OH,2003.0,69.0,1.7561236e+07,pending,
87,Ohio School Employees,OH,2004.0,69.0,1.7561236e+07,pending,
87,Ohio School Employees,OH,2005.0,69.0,1.7561236e+07,pending,
87,Ohio School Employees,OH,2006.0,69.0,1.7561236e+07,pending,
87,Ohio School Employees,OH,2007.0,69.0,1.7561236e+07,pending,
87,Ohio School Employees,OH,2008.0,69.0,1.7561236e+07,pending,
87,Ohio School Employees,OH,2009.0,69.0,1.7561236e+07,pending,
87,Ohio School Employees,OH,2010.0,69.0,1.7561236e+07,pending,
87,Ohio School Employees,OH,2011.0,69.0,1.7561236e+07,pending,
87,Ohio School Employees,OH,2012.0,69.0,1.7561236e+07,pending,
87,Ohio School Employees,OH,2013.0,69.0,1.7561236e+07,pending,
87,Ohio School Employees,OH,2014.0,69.0,1.7561236e+07,pending,
87,Ohio School Employees,OH,2015.0,69.0,1.7561236e+07,pending,
87,Ohio School Employees,OH,2016.0,69.0,1.7561236e+07,pending,
87,Ohio School Employees,OH,2017.0,69.0,1.7561236e+07,pending,
87,Ohio School Employees,OH,2018.0,69.0,1.7561236e+07,pending,
87,Ohio School Employees,OH,2019.0,69.0,1.7561236e+07,pending,
87,Ohio School Employees,OH,2020.0,69.0,1.7561236e+07,pending,
87,Ohio School Employees,OH,2021.0,69.0,1.7561236e+07,pending,
57,Minnesota State Employees,MN,2001.0,70.0,1.7440052e+07,pending,
57,Minnesota State Employees,MN,2002.0,70.0,1.7440052e+07,pending,
57,Minnesota State Employees,MN,2003.0,70.0,1.7440052e+07,pending,
57,Minnesota State Employees,MN,2004.0,70.0,1.7440052e+07,pending,
57,Minnesota State Employees,MN,2005.0,70.0,1.7440052e+07,pending,
57,Minnesota State Employees,MN,2006.0,70.0,1.7440052e+07,pending,
57,Minnesota State Employees,MN,2007.0,70.0,1.7440052e+07,pending,
57,Minnesota State Employees,MN,2008.0,70.0,1.7440052e+07,pending,
57,Minnesota State Employees,MN,2009.0,70.0,1.7440052e+07,pending,
57,Minnesota State Employees,MN,2010.0,70.0,1.7440052e+07,pending,
57,Minnesota State Employees,MN,2011.0,70.0,1.7440052e+07,pending,
57,Minnesota State Employees,MN,2012.0,70.0,1.7440052e+07,pending,
57,Minnesota State Employees,MN,2013.0,70.0,1.7440052e+07,pending,
57,Minnesota State Employees,MN,2014.0,70.0,1.7440052e+07,pending,
57,Minnesota State Employees,MN,2015.0,70.0,1.7440052e+07,pending,
57,Minnesota State Employees,MN,2016.0,70.0,1.7440052e+07,pending,
57,Minnesota State Employees,MN,2017.0,70.0,1.7440052e+07,pending,
57,Minnesota State Employees,MN,2018.0,70.0,1.7440052e+07,pending,
57,Minnesota State Employees,MN,2019.0,70.0,1.7440052e+07,pending,
57,Minnesota State Employees,MN,2020.0,70.0,1.7440052e+07,pending,
57,Minnesota State Employees,MN,2021.0,70.0,1.7440052e+07,pending,
16,Connecticut SERS,CT,2001.0,71.0,1.708064e+07,pending,
16,Connecticut SERS,CT,2002.0,71.0,1.708064e+07,pending,
16,Connecticut SERS,CT,2003.0,71.0,1.708064e+07,pending,
16,Connecticut SERS,CT,2004.0,71.0,1.708064e+07,pending,
16,Connecticut SERS,CT,2005.0,71.0,1.708064e+07,pending,
16,Connecticut SERS,CT,2006.0,71.0,1.708064e+07,pending,
16,Connecticut SERS,CT,2007.0,71.0,1.708064e+07,pending,
16,Connecticut SERS,CT,2008.0,71.0,1.708064e+07,pending,
16,Connecticut SERS,CT,2009.0,71.0,1.708064e+07,pending,
16,Connecticut SERS,CT,2010.0,71.0,1.708064e+07,pending,
16,Connecticut SERS,CT,2011.0,71.0,1.708064e+07,pending,
16,Connecticut SERS,CT,2012.0,71.0,1.708064e+07,pending,
16,Connecticut SERS,CT,2013.0,71.0,1.708064e+07,pending,
16,Connecticut SERS,CT,2014.0,71.0,1.708064e+07,pending,
16,Connecticut SERS,CT,2015.0,71.0,1.708064e+07,pending,
16,Connecticut SERS,CT,2016.0,71.0,1.708064e+07,pending,
16,Connecticut SERS,CT,2017.0,71.0,1.708064e+07,pending,
16,Connecticut SERS,CT,2018.0,71.0,1.708064e+07,pending,
16,Connecticut SERS,CT,2019.0,71.0,1.708064e+07,pending,
16,Connecticut SERS,CT,2020.0,71.0,1.708064e+07,pending,
16,Connecticut SERS,CT,2021.0,71.0,1.708064e+07,pending,
141,Los Angeles Water and Power,CA,2002.0,72.0,1.6667464e+07,pending,
141,Los Angeles Water and Power,CA,2003.0,72.0,1.6667464e+07,pending,
141,Los Angeles Water and Power,CA,2004.0,72.0,1.6667464e+07,pending,
141,Los Angeles Water and Power,CA,2005.0,72.0,1.6667464e+07,pending,
141,Los Angeles Water and Power,CA,2006.0,72.0,1.6667464e+07,pending,
141,Los Angeles Water and Power,CA,2007.0,72.0,1.6667464e+07,pending,
141,Los Angeles Water and Power,CA,2008.0,72.0,1.6667464e+07,pending,
141,Los Angeles Water and Power,CA,2009.0,72.0,1.6667464e+07,pending,
141,Los Angeles Water and Power,CA,2010.0,72.0,1.6667464e+07,pending,
141,Los Angeles Water and Power,CA,2011.0,72.0,1.6667464e+07,pending,
141,Los Angeles Water and Power,CA,2012.0,72.0,1.6667464e+07,pending,
141,Los Angeles Water and Power,CA,2013.0,72.0,1.6667464e+07,pending,
141,Los Angeles Water and Power,CA,2014.0,72.0,1.6667464e+07,pending,
141,Los Angeles Water and Power,CA,2015.0,72.0,1.6667464e+07,pending,
141,Los Angeles Water and Power,CA,2016.0,72.0,1.6667464e+07,pending,
141,Los Angeles Water and Power,CA,2017.0,72.0,1.6667464e+07,pending,
141,Los Angeles Water and Power,CA,2018.0,72.0,1.6667464e+07,pending,
141,Los Angeles Water and Power,CA,2019.0,72.0,1.6667464e+07,pending,
141,Los Angeles Water and Power,CA,2020.0,72.0,1.6667464e+07,pending,
141,Los Angeles Water and Power,CA,2021.0,72.0,1.6667464e+07,pending,
27,Georgia ERS,GA,2001.0,73.0,1.6547905e+07,pending,
27,Georgia ERS,GA,2002.0,73.0,1.6547905e+07,pending,
27,Georgia ERS,GA,2003.0,73.0,1.6547905e+07,pending,
27,Georgia ERS,GA,2004.0,73.0,1.6547905e+07,pending,
27,Georgia ERS,GA,2005.0,73.0,1.6547905e+07,pending,
27,Georgia ERS,GA,2006.0,73.0,1.6547905e+07,pending,
27,Georgia ERS,GA,2007.0,73.0,1.6547905e+07,pending,
27,Georgia ERS,GA,2008.0,73.0,1.6547905e+07,pending,
27,Georgia ERS,GA,2009.0,73.0,1.6547905e+07,pending,
27,Georgia ERS,GA,2010.0,73.0,1.6547905e+07,pending,
27,Georgia ERS,GA,2011.0,73.0,1.6547905e+07,pending,
27,Georgia ERS,GA,2012.0,73.0,1.6547905e+07,pending,
27,Georgia ERS,GA,2013.0,73.0,1.6547905e+07,pending,
27,Georgia ERS,GA,2014.0,73.0,1.6547905e+07,pending,
27,Georgia ERS,GA,2015.0,73.0,1.6547905e+07,pending,
27,Georgia ERS,GA,2016.0,73.0,1.6547905e+07,pending,
27,Georgia ERS,GA,2017.0,73.0,1.6547905e+07,pending,
27,Georgia ERS,GA,2018.0,73.0,1.6547905e+07,pending,
27,Georgia ERS,GA,2019.0,73.0,1.6547905e+07,pending,
27,Georgia ERS,GA,2020.0,73.0,1.6547905e+07,pending,
27,Georgia ERS,GA,2021.0,73.0,1.6547905e+07,pending,
75,New Mexico Educational,NM,2001.0,74.0,1.6361524e+07,pending,
75,New Mexico Educational,NM,2002.0,74.0,1.6361524e+07,pending,
75,New Mexico Educational,NM,2003.0,74.0,1.6361524e+07,pending,
75,New Mexico Educational,NM,2004.0,74.0,1.6361524e+07,pending,
75,New Mexico Educational,NM,2005.0,74.0,1.6361524e+07,pending,
75,New Mexico Educational,NM,2006.0,74.0,1.6361524e+07,pending,
75,New Mexico Educational,NM,2007.0,74.0,1.6361524e+07,pending,
75,New Mexico Educational,NM,2008.0,74.0,1.6361524e+07,pending,
75,New Mexico Educational,NM,2009.0,74.0,1.6361524e+07,pending,
75,New Mexico Educational,NM,2010.0,74.0,1.6361524e+07,pending,
75,New Mexico Educational,NM,2011.0,74.0,1.6361524e+07,pending,
75,New Mexico Educational,NM,2012.0,74.0,1.6361524e+07,pending,
75,New Mexico Educational,NM,2013.0,74.0,1.6361524e+07,pending,
75,New Mexico Educational,NM,2014.0,74.0,1.6361524e+07,pending,
75,New Mexico Educational,NM,2015.0,74.0,1.6361524e+07,pending,
75,New Mexico Educational,NM,2016.0,74.0,1.6361524e+07,pending,
75,New Mexico Educational,NM,2017.0,74.0,1.6361524e+07,pending,
75,New Mexico Educational,NM,2018.0,74.0,1.6361524e+07,pending,
75,New Mexico Educational,NM,2019.0,74.0,1.6361524e+07,pending,
75,New Mexico Educational,NM,2020.0,74.0,1.6361524e+07,pending,
75,New Mexico Educational,NM,2021.0,74.0,1.6361524e+07,pending,
36,Indiana PERF,IN,2001.0,75.0,1.624731e+07,pending,
36,Indiana PERF,IN,2002.0,75.0,1.624731e+07,pending,
36,Indiana PERF,IN,2003.0,75.0,1.624731e+07,pending,
36,Indiana PERF,IN,2004.0,75.0,1.624731e+07,pending,
36,Indiana PERF,IN,2005.0,75.0,1.624731e+07,pending,
36,Indiana PERF,IN,2006.0,75.0,1.624731e+07,pending,
36,Indiana PERF,IN,2007.0,75.0,1.624731e+07,pending,
36,Indiana PERF,IN,2008.0,75.0,1.624731e+07,pending,
36,Indiana PERF,IN,2009.0,75.0,1.624731e+07,pending,
36,Indiana PERF,IN,2010.0,75.0,1.624731e+07,pending,
36,Indiana PERF,IN,2011.0,75.0,1.624731e+07,pending,
36,Indiana PERF,IN,2012.0,75.0,1.624731e+07,pending,
36,Indiana PERF,IN,2013.0,75.0,1.624731e+07,pending,
36,Indiana PERF,IN,2014.0,75.0,1.624731e+07,pending,
36,Indiana PERF,IN,2015.0,75.0,1.624731e+07,pending,
36,Indiana PERF,IN,2016.0,75.0,1.624731e+07,pending,
36,Indiana PERF,IN,2017.0,75.0,1.624731e+07,pending,
36,Indiana PERF,IN,2018.0,75.0,1.624731e+07,pending,
36,Indiana PERF,IN,2019.0,75.0,1.624731e+07,pending,
36,Indiana PERF,IN,2020.0,75.0,1.624731e+07,pending,
36,Indiana PERF,IN,2021.0,75.0,1.624731e+07,pending,
97,San Diego County,CA,2001.0,76.0,1.6126341e+07,pending,
97,San Diego County,CA,2002.0,76.0,1.6126341e+07,pending,
97,San Diego County,CA,2003.0,76.0,1.6126341e+07,pending,
97,San Diego County,CA,2004.0,76.0,1.6126341e+07,pending,
97,San Diego County,CA,2005.0,76.0,1.6126341e+07,pending,
97,San Diego County,CA,2006.0,76.0,1.6126341e+07,pending,
97,San Diego County,CA,2007.0,76.0,1.6126341e+07,pending,
97,San Diego County,CA,2008.0,76.0,1.6126341e+07,pending,
97,San Diego County,CA,2009.0,76.0,1.6126341e+07,pending,
97,San Diego County,CA,2010.0,76.0,1.6126341e+07,pending,
97,San Diego County,CA,2011.0,76.0,1.6126341e+07,pending,
97,San Diego County,CA,2012.0,76.0,1.6126341e+07,pending,
97,San Diego County,CA,2013.0,76.0,1.6126341e+07,pending,
97,San Diego County,CA,2014.0,76.0,1.6126341e+07,pending,
97,San Diego County,CA,2015.0,76.0,1.6126341e+07,pending,
97,San Diego County,CA,2016.0,76.0,1.6126341e+07,pending,
97,San Diego County,CA,2017.0,76.0,1.6126341e+07,pending,
97,San Diego County,CA,2018.0,76.0,1.6126341e+07,pending,
97,San Diego County,CA,2019.0,76.0,1.6126341e+07,pending,
97,San Diego County,CA,2020.0,76.0,1.6126341e+07,pending,
97,San Diego County,CA,2021.0,76.0,1.6126341e+07,pending,
67,Nebraska Schools,NE,2002.0,77.0,1.5692556e+07,pending,
67,Nebraska Schools,NE,2003.0,77.0,1.5692556e+07,pending,
67,Nebraska Schools,NE,2004.0,77.0,1.5692556e+07,pending,
67,Nebraska Schools,NE,2005.0,77.0,1.5692556e+07,pending,
67,Nebraska Schools,NE,2006.0,77.0,1.5692556e+07,pending,
67,Nebraska Schools,NE,2007.0,77.0,1.5692556e+07,pending,
67,Nebraska Schools,NE,2008.0,77.0,1.5692556e+07,pending,
67,Nebraska Schools,NE,2009.0,77.0,1.5692556e+07,pending,
67,Nebraska Schools,NE,2010.0,77.0,1.5692556e+07,pending,
67,Nebraska Schools,NE,2011.0,77.0,1.5692556e+07,pending,
67,Nebraska Schools,NE,2012.0,77.0,1.5692556e+07,pending,
67,Nebraska Schools,NE,2013.0,77.0,1.5692556e+07,pending,
67,Nebraska Schools,NE,2014.0,77.0,1.5692556e+07,pending,
67,Nebraska Schools,NE,2015.0,77.0,1.5692556e+07,pending,
67,Nebraska Schools,NE,2016.0,77.0,1.5692556e+07,pending,
67,Nebraska Schools,NE,2017.0,77.0,1.5692556e+07,pending,
67,Nebraska Schools,NE,2018.0,77.0,1.5692556e+07,pending,
67,Nebraska Schools,NE,2019.0,77.0,1.5692556e+07,pending,
67,Nebraska Schools,NE,2020.0,77.0,1.5692556e+07,pending,
67,Nebraska Schools,NE,2021.0,77.0,1.5692556e+07,pending,
1,Alabama ERS,AL,2001.0,78.0,1.5479476e+07,pending,
1,Alabama ERS,AL,2002.0,78.0,1.5479476e+07,pending,
1,Alabama ERS,AL,2003.0,78.0,1.5479476e+07,pending,
1,Alabama ERS,AL,2004.0,78.0,1.5479476e+07,pending,
1,Alabama ERS,AL,2005.0,78.0,1.5479476e+07,pending,
1,Alabama ERS,AL,2006.0,78.0,1.5479476e+07,pending,
1,Alabama ERS,AL,2007.0,78.0,1.5479476e+07,pending,
1,Alabama ERS,AL,2008.0,78.0,1.5479476e+07,pending,
1,Alabama ERS,AL,2009.0,78.0,1.5479476e+07,pending,
1,Alabama ERS,AL,2010.0,78.0,1.5479476e+07,pending,
1,Alabama ERS,AL,2011.0,78.0,1.5479476e+07,pending,
1,Alabama ERS,AL,2012.0,78.0,1.5479476e+07,pending,
1,Alabama ERS,AL,2013.0,78.0,1.5479476e+07,pending,
1,Alabama ERS,AL,2014.0,78.0,1.5479476e+07,pending,
1,Alabama ERS,AL,2015.0,78.0,1.5479476e+07,pending,
1,Alabama ERS,AL,2016.0,78.0,1.5479476e+07,pending,
1,Alabama ERS,AL,2017.0,78.0,1.5479476e+07,pending,
1,Alabama ERS,AL,2018.0,78.0,1.5479476e+07,pending,
1,Alabama ERS,AL,2019.0,78.0,1.5479476e+07,pending,
1,Alabama ERS,AL,2020.0,78.0,1.5479476e+07,pending,
1,Alabama ERS,AL,2021.0,78.0,1.5479476e+07,pending,
47,Maine State and Teacher,ME,2001.0,79.0,1.490065e+07,pending,
47,Maine State and Teacher,ME,2002.0,79.0,1.490065e+07,pending,
47,Maine State and Teacher,ME,2003.0,79.0,1.490065e+07,pending,
47,Maine State and Teacher,ME,2004.0,79.0,1.490065e+07,pending,
47,Maine State and Teacher,ME,2005.0,79.0,1.490065e+07,pending,
47,Maine State and Teacher,ME,2006.0,79.0,1.490065e+07,pending,
47,Maine State and Teacher,ME,2007.0,79.0,1.490065e+07,pending,
47,Maine State and Teacher,ME,2008.0,79.0,1.490065e+07,pending,
47,Maine State and Teacher,ME,2009.0,79.0,1.490065e+07,pending,
47,Maine State and Teacher,ME,2010.0,79.0,1.490065e+07,pending,
47,Maine State and Teacher,ME,2011.0,79.0,1.490065e+07,pending,
47,Maine State and Teacher,ME,2012.0,79.0,1.490065e+07,pending,
47,Maine State and Teacher,ME,2013.0,79.0,1.490065e+07,pending,
47,Maine State and Teacher,ME,2014.0,79.0,1.490065e+07,pending,
47,Maine State and Teacher,ME,2015.0,79.0,1.490065e+07,pending,
47,Maine State and Teacher,ME,2016.0,79.0,1.490065e+07,pending,
47,Maine State and Teacher,ME,2017.0,79.0,1.490065e+07,pending,
47,Maine State and Teacher,ME,2018.0,79.0,1.490065e+07,pending,
47,Maine State and Teacher,ME,2019.0,79.0,1.490065e+07,pending,
47,Maine State and Teacher,ME,2020.0,79.0,1.490065e+07,pending,
47,Maine State and Teacher,ME,2021.0,79.0,1.490065e+07,pending,
44,Louisiana SERS,LA,2001.0,80.0,1.4716345e+07,pending,
44,Louisiana SERS,LA,2002.0,80.0,1.4716345e+07,pending,
44,Louisiana SERS,LA,2003.0,80.0,1.4716345e+07,pending,
44,Louisiana SERS,LA,2004.0,80.0,1.4716345e+07,pending,
44,Louisiana SERS,LA,2005.0,80.0,1.4716345e+07,pending,
44,Louisiana SERS,LA,2006.0,80.0,1.4716345e+07,pending,
44,Louisiana SERS,LA,2007.0,80.0,1.4716345e+07,pending,
44,Louisiana SERS,LA,2008.0,80.0,1.4716345e+07,pending,
44,Louisiana SERS,LA,2009.0,80.0,1.4716345e+07,pending,
44,Louisiana SERS,LA,2010.0,80.0,1.4716345e+07,pending,
44,Louisiana SERS,LA,2011.0,80.0,1.4716345e+07,pending,
44,Louisiana SERS,LA,2012.0,80.0,1.4716345e+07,pending,
44,Louisiana SERS,LA,2013.0,80.0,1.4716345e+07,pending,
44,Louisiana SERS,LA,2014.0,80.0,1.4716345e+07,pending,
44,Louisiana SERS,LA,2015.0,80.0,1.4716345e+07,pending,
44,Louisiana SERS,LA,2016.0,80.0,1.4716345e+07,pending,
44,Louisiana SERS,LA,2017.0,80.0,1.4716345e+07,pending,
44,Louisiana SERS,LA,2018.0,80.0,1.4716345e+07,pending,
44,Louisiana SERS,LA,2019.0,80.0,1.4716345e+07,pending,
44,Louisiana SERS,LA,2020.0,80.0,1.4716345e+07,pending,
44,Louisiana SERS,LA,2021.0,80.0,1.4716345e+07,pending,
101,South Dakota RS,SD,2001.0,81.0,1.4632199e+07,pending,
101,South Dakota RS,SD,2002.0,81.0,1.4632199e+07,pending,
101,South Dakota RS,SD,2003.0,81.0,1.4632199e+07,pending,
101,South Dakota RS,SD,2004.0,81.0,1.4632199e+07,pending,
101,South Dakota RS,SD,2005.0,81.0,1.4632199e+07,pending,
101,South Dakota RS,SD,2006.0,81.0,1.4632199e+07,pending,
101,South Dakota RS,SD,2007.0,81.0,1.4632199e+07,pending,
101,South Dakota RS,SD,2008.0,81.0,1.4632199e+07,pending,
101,South Dakota RS,SD,2009.0,81.0,1.4632199e+07,pending,
101,South Dakota RS,SD,2010.0,81.0,1.4632199e+07,pending,
101,South Dakota RS,SD,2011.0,81.0,1.4632199e+07,pending,
101,South Dakota RS,SD,2012.0,81.0,1.4632199e+07,pending,
101,South Dakota RS,SD,2013.0,81.0,1.4632199e+07,pending,
101,South Dakota RS,SD,2014.0,81.0,1.4632199e+07,pending,
101,South Dakota RS,SD,2015.0,81.0,1.4632199e+07,pending,
101,South Dakota RS,SD,2016.0,81.0,1.4632199e+07,pending,
101,South Dakota RS,SD,2017.0,81.0,1.4632199e+07,pending,
101,South Dakota RS,SD,2018.0,81.0,1.4632199e+07,pending,
101,South Dakota RS,SD,2019.0,81.0,1.4632199e+07,pending,
101,South Dakota RS,SD,2020.0,81.0,1.4632199e+07,pending,
101,South Dakota RS,SD,2021.0,81.0,1.4632199e+07,pending,
54,Michigan SERS,MI,2001.0,82.0,1.4481588e+07,pending,
54,Michigan SERS,MI,2002.0,82.0,1.4481588e+07,pending,
54,Michigan SERS,MI,2003.0,82.0,1.4481588e+07,pending,
54,Michigan SERS,MI,2004.0,82.0,1.4481588e+07,pending,
54,Michigan SERS,MI,2005.0,82.0,1.4481588e+07,pending,
54,Michigan SERS,MI,2006.0,82.0,1.4481588e+07,pending,
54,Michigan SERS,MI,2007.0,82.0,1.4481588e+07,pending,
54,Michigan SERS,MI,2008.0,82.0,1.4481588e+07,pending,
54,Michigan SERS,MI,2009.0,82.0,1.4481588e+07,pending,
54,Michigan SERS,MI,2010.0,82.0,1.4481588e+07,pending,
54,Michigan SERS,MI,2011.0,82.0,1.4481588e+07,pending,
54,Michigan SERS,MI,2012.0,82.0,1.4481588e+07,pending,
54,Michigan SERS,MI,2013.0,82.0,1.4481588e+07,pending,
54,Michigan SERS,MI,2014.0,82.0,1.4481588e+07,pending,
54,Michigan SERS,MI,2015.0,82.0,1.4481588e+07,pending,
54,Michigan SERS,MI,2016.0,82.0,1.4481588e+07,pending,
54,Michigan SERS,MI,2017.0,82.0,1.4481588e+07,pending,
54,Michigan SERS,MI,2018.0,82.0,1.4481588e+07,pending,
54,Michigan SERS,MI,2019.0,82.0,1.4481588e+07,pending,
54,Michigan SERS,MI,2020.0,82.0,1.4481588e+07,pending,
54,Michigan SERS,MI,2021.0,82.0,1.4481588e+07,pending,
147,Cook County ERS,IL,2008.0,83.0,1.4281528e+07,pending,
147,Cook County ERS,IL,2009.0,83.0,1.4281528e+07,pending,
147,Cook County ERS,IL,2010.0,83.0,1.4281528e+07,pending,
147,Cook County ERS,IL,2011.0,83.0,1.4281528e+07,pending,
147,Cook County ERS,IL,2012.0,83.0,1.4281528e+07,pending,
147,Cook County ERS,IL,2013.0,83.0,1.4281528e+07,pending,
147,Cook County ERS,IL,2014.0,83.0,1.4281528e+07,pending,
147,Cook County ERS,IL,2015.0,83.0,1.4281528e+07,pending,
147,Cook County ERS,IL,2016.0,83.0,1.4281528e+07,pending,
147,Cook County ERS,IL,2017.0,83.0,1.4281528e+07,pending,
147,Cook County ERS,IL,2018.0,83.0,1.4281528e+07,pending,
147,Cook County ERS,IL,2019.0,83.0,1.4281528e+07,pending,
147,Cook County ERS,IL,2020.0,83.0,1.4281528e+07,pending,
147,Cook County ERS,IL,2021.0,83.0,1.4281528e+07,pending,
68,Nevada Police Officer and Firefighter,NV,2001.0,84.0,1.3418944e+07,pending,
68,Nevada Police Officer and Firefighter,NV,2002.0,84.0,1.3418944e+07,pending,
68,Nevada Police Officer and Firefighter,NV,2003.0,84.0,1.3418944e+07,pending,
68,Nevada Police Officer and Firefighter,NV,2004.0,84.0,1.3418944e+07,pending,
68,Nevada Police Officer and Firefighter,NV,2005.0,84.0,1.3418944e+07,pending,
68,Nevada Police Officer and Firefighter,NV,2006.0,84.0,1.3418944e+07,pending,
68,Nevada Police Officer and Firefighter,NV,2007.0,84.0,1.3418944e+07,pending,
68,Nevada Police Officer and Firefighter,NV,2008.0,84.0,1.3418944e+07,pending,
68,Nevada Police Officer and Firefighter,NV,2009.0,84.0,1.3418944e+07,pending,
68,Nevada Police Officer and Firefighter,NV,2010.0,84.0,1.3418944e+07,pending,
68,Nevada Police Officer and Firefighter,NV,2011.0,84.0,1.3418944e+07,pending,
68,Nevada Police Officer and Firefighter,NV,2012.0,84.0,1.3418944e+07,pending,
68,Nevada Police Officer and Firefighter,NV,2013.0,84.0,1.3418944e+07,pending,
68,Nevada Police Officer and Firefighter,NV,2014.0,84.0,1.3418944e+07,pending,
68,Nevada Police Officer and Firefighter,NV,2015.0,84.0,1.3418944e+07,pending,
68,Nevada Police Officer and Firefighter,NV,2016.0,84.0,1.3418944e+07,pending,
68,Nevada Police Officer and Firefighter,NV,2017.0,84.0,1.3418944e+07,pending,
68,Nevada Police Officer and Firefighter,NV,2018.0,84.0,1.3418944e+07,pending,
68,Nevada Police Officer and Firefighter,NV,2019.0,84.0,1.3418944e+07,pending,
68,Nevada Police Officer and Firefighter,NV,2020.0,84.0,1.3418944e+07,pending,
68,Nevada Police Officer and Firefighter,NV,2021.0,84.0,1.3418944e+07,pending,
11,Chicago Teachers,IL,2001.0,85.0,1.3373042e+07,pending,
11,Chicago Teachers,IL,2002.0,85.0,1.3373042e+07,pending,
11,Chicago Teachers,IL,2003.0,85.0,1.3373042e+07,pending,
11,Chicago Teachers,IL,2004.0,85.0,1.3373042e+07,pending,
11,Chicago Teachers,IL,2005.0,85.0,1.3373042e+07,pending,
11,Chicago Teachers,IL,2006.0,85.0,1.3373042e+07,pending,
11,Chicago Teachers,IL,2007.0,85.0,1.3373042e+07,pending,
11,Chicago Teachers,IL,2008.0,85.0,1.3373042e+07,pending,
11,Chicago Teachers,IL,2009.0,85.0,1.3373042e+07,pending,
11,Chicago Teachers,IL,2010.0,85.0,1.3373042e+07,pending,
11,Chicago Teachers,IL,2011.0,85.0,1.3373042e+07,pending,
11,Chicago Teachers,IL,2012.0,85.0,1.3373042e+07,pending,
11,Chicago Teachers,IL,2013.0,85.0,1.3373042e+07,pending,
11,Chicago Teachers,IL,2014.0,85.0,1.3373042e+07,pending,
11,Chicago Teachers,IL,2015.0,85.0,1.3373042e+07,pending,
11,Chicago Teachers,IL,2016.0,85.0,1.3373042e+07,pending,
11,Chicago Teachers,IL,2017.0,85.0,1.3373042e+07,pending,
11,Chicago Teachers,IL,2018.0,85.0,1.3373042e+07,pending,
11,Chicago Teachers,IL,2019.0,85.0,1.3373042e+07,pending,
11,Chicago Teachers,IL,2020.0,85.0,1.3373042e+07,pending,
11,Chicago Teachers,IL,2021.0,85.0,1.3373042e+07,pending,
37,Indiana Teachers,IN,2001.0,86.0,1.3062246e+07,pending,
37,Indiana Teachers,IN,2002.0,86.0,1.3062246e+07,pending,
37,Indiana Teachers,IN,2003.0,86.0,1.3062246e+07,pending,
37,Indiana Teachers,IN,2004.0,86.0,1.3062246e+07,pending,
37,Indiana Teachers,IN,2005.0,86.0,1.3062246e+07,pending,
37,Indiana Teachers,IN,2006.0,86.0,1.3062246e+07,pending,
37,Indiana Teachers,IN,2007.0,86.0,1.3062246e+07,pending,
37,Indiana Teachers,IN,2008.0,86.0,1.3062246e+07,pending,
37,Indiana Teachers,IN,2009.0,86.0,1.3062246e+07,pending,
37,Indiana Teachers,IN,2010.0,86.0,1.3062246e+07,pending,
37,Indiana Teachers,IN,2011.0,86.0,1.3062246e+07,pending,
37,Indiana Teachers,IN,2012.0,86.0,1.3062246e+07,pending,
37,Indiana Teachers,IN,2013.0,86.0,1.3062246e+07,pending,
37,Indiana Teachers,IN,2014.0,86.0,1.3062246e+07,pending,
37,Indiana Teachers,IN,2015.0,86.0,1.3062246e+07,pending,
37,Indiana Teachers,IN,2016.0,86.0,1.3062246e+07,pending,
37,Indiana Teachers,IN,2017.0,86.0,1.3062246e+07,pending,
37,Indiana Teachers,IN,2018.0,86.0,1.3062246e+07,pending,
37,Indiana Teachers,IN,2019.0,86.0,1.3062246e+07,pending,
37,Indiana Teachers,IN,2020.0,86.0,1.3062246e+07,pending,
37,Indiana Teachers,IN,2021.0,86.0,1.3062246e+07,pending,
21,Delaware State Employees,DE,2001.0,87.0,1.2851073e+07,pending,
21,Delaware State Employees,DE,2002.0,87.0,1.2851073e+07,pending,
21,Delaware State Employees,DE,2003.0,87.0,1.2851073e+07,pending,
21,Delaware State Employees,DE,2004.0,87.0,1.2851073e+07,pending,
21,Delaware State Employees,DE,2005.0,87.0,1.2851073e+07,pending,
21,Delaware State Employees,DE,2006.0,87.0,1.2851073e+07,pending,
21,Delaware State Employees,DE,2007.0,87.0,1.2851073e+07,pending,
21,Delaware State Employees,DE,2008.0,87.0,1.2851073e+07,pending,
21,Delaware State Employees,DE,2009.0,87.0,1.2851073e+07,pending,
21,Delaware State Employees,DE,2010.0,87.0,1.2851073e+07,pending,
21,Delaware State Employees,DE,2011.0,87.0,1.2851073e+07,pending,
21,Delaware State Employees,DE,2012.0,87.0,1.2851073e+07,pending,
21,Delaware State Employees,DE,2013.0,87.0,1.2851073e+07,pending,
21,Delaware State Employees,DE,2014.0,87.0,1.2851073e+07,pending,
21,Delaware State Employees,DE,2015.0,87.0,1.2851073e+07,pending,
21,Delaware State Employees,DE,2016.0,87.0,1.2851073e+07,pending,
21,Delaware State Employees,DE,2017.0,87.0,1.2851073e+07,pending,
21,Delaware State Employees,DE,2018.0,87.0,1.2851073e+07,pending,
21,Delaware State Employees,DE,2019.0,87.0,1.2851073e+07,pending,
21,Delaware State Employees,DE,2020.0,87.0,1.2851073e+07,pending,
21,Delaware State Employees,DE,2021.0,87.0,1.2851073e+07,pending,
52,Michigan Municipal,MI,2001.0,88.0,1.2580836e+07,pending,
52,Michigan Municipal,MI,2002.0,88.0,1.2580836e+07,pending,
52,Michigan Municipal,MI,2003.0,88.0,1.2580836e+07,pending,
52,Michigan Municipal,MI,2004.0,88.0,1.2580836e+07,pending,
52,Michigan Municipal,MI,2005.0,88.0,1.2580836e+07,pending,
52,Michigan Municipal,MI,2006.0,88.0,1.2580836e+07,pending,
52,Michigan Municipal,MI,2007.0,88.0,1.2580836e+07,pending,
52,Michigan Municipal,MI,2008.0,88.0,1.2580836e+07,pending,
52,Michigan Municipal,MI,2009.0,88.0,1.2580836e+07,pending,
52,Michigan Municipal,MI,2010.0,88.0,1.2580836e+07,pending,
52,Michigan Municipal,MI,2011.0,88.0,1.2580836e+07,pending,
52,Michigan Municipal,MI,2012.0,88.0,1.2580836e+07,pending,
52,Michigan Municipal,MI,2013.0,88.0,1.2580836e+07,pending,
52,Michigan Municipal,MI,2014.0,88.0,1.2580836e+07,pending,
52,Michigan Municipal,MI,2015.0,88.0,1.2580836e+07,pending,
52,Michigan Municipal,MI,2016.0,88.0,1.2580836e+07,pending,
52,Michigan Municipal,MI,2017.0,88.0,1.2580836e+07,pending,
52,Michigan Municipal,MI,2018.0,88.0,1.2580836e+07,pending,
52,Michigan Municipal,MI,2019.0,88.0,1.2580836e+07,pending,
52,Michigan Municipal,MI,2020.0,88.0,1.2580836e+07,pending,
52,Michigan Municipal,MI,2021.0,88.0,1.2580836e+07,pending,
143,Sacramento County ERS,CA,2001.0,89.0,1.2564149e+07,pending,
143,Sacramento County ERS,CA,2002.0,89.0,1.2564149e+07,pending,
143,Sacramento County ERS,CA,2003.0,89.0,1.2564149e+07,pending,
143,Sacramento County ERS,CA,2004.0,89.0,1.2564149e+07,pending,
143,Sacramento County ERS,CA,2005.0,89.0,1.2564149e+07,pending,
143,Sacramento County ERS,CA,2006.0,89.0,1.2564149e+07,pending,
143,Sacramento County ERS,CA,2007.0,89.0,1.2564149e+07,pending,
143,Sacramento County ERS,CA,2008.0,89.0,1.2564149e+07,pending,
143,Sacramento County ERS,CA,2009.0,89.0,1.2564149e+07,pending,
143,Sacramento County ERS,CA,2010.0,89.0,1.2564149e+07,pending,
143,Sacramento County ERS,CA,2011.0,89.0,1.2564149e+07,pending,
143,Sacramento County ERS,CA,2012.0,89.0,1.2564149e+07,pending,
143,Sacramento County ERS,CA,2013.0,89.0,1.2564149e+07,pending,
143,Sacramento County ERS,CA,2014.0,89.0,1.2564149e+07,pending,
143,Sacramento County ERS,CA,2015.0,89.0,1.2564149e+07,pending,
143,Sacramento County ERS,CA,2016.0,89.0,1.2564149e+07,pending,
143,Sacramento County ERS,CA,2017.0,89.0,1.2564149e+07,pending,
143,Sacramento County ERS,CA,2018.0,89.0,1.2564149e+07,pending,
143,Sacramento County ERS,CA,2019.0,89.0,1.2564149e+07,pending,
143,Sacramento County ERS,CA,2020.0,89.0,1.2564149e+07,pending,
143,Sacramento County ERS,CA,2021.0,89.0,1.2564149e+07,pending,
89,Oklahoma PERS,OK,2001.0,90.0,1.2067733e+07,pending,
89,Oklahoma PERS,OK,2002.0,90.0,1.2067733e+07,pending,
89,Oklahoma PERS,OK,2003.0,90.0,1.2067733e+07,pending,
89,Oklahoma PERS,OK,2004.0,90.0,1.2067733e+07,pending,
89,Oklahoma PERS,OK,2005.0,90.0,1.2067733e+07,pending,
89,Oklahoma PERS,OK,2006.0,90.0,1.2067733e+07,pending,
89,Oklahoma PERS,OK,2007.0,90.0,1.2067733e+07,pending,
89,Oklahoma PERS,OK,2008.0,90.0,1.2067733e+07,pending,
89,Oklahoma PERS,OK,2009.0,90.0,1.2067733e+07,pending,
89,Oklahoma PERS,OK,2010.0,90.0,1.2067733e+07,pending,
89,Oklahoma PERS,OK,2011.0,90.0,1.2067733e+07,pending,
89,Oklahoma PERS,OK,2012.0,90.0,1.2067733e+07,pending,
89,Oklahoma PERS,OK,2013.0,90.0,1.2067733e+07,pending,
89,Oklahoma PERS,OK,2014.0,90.0,1.2067733e+07,pending,
89,Oklahoma PERS,OK,2015.0,90.0,1.2067733e+07,pending,
89,Oklahoma PERS,OK,2016.0,90.0,1.2067733e+07,pending,
89,Oklahoma PERS,OK,2017.0,90.0,1.2067733e+07,pending,
89,Oklahoma PERS,OK,2018.0,90.0,1.2067733e+07,pending,
89,Oklahoma PERS,OK,2019.0,90.0,1.2067733e+07,pending,
89,Oklahoma PERS,OK,2020.0,90.0,1.2067733e+07,pending,
89,Oklahoma PERS,OK,2021.0,90.0,1.2067733e+07,pending,
3,Alaska PERS,AK,2001.0,91.0,1.1912309e+07,pending,
3,Alaska PERS,AK,2002.0,91.0,1.1912309e+07,pending,
3,Alaska PERS,AK,2003.0,91.0,1.1912309e+07,pending,
3,Alaska PERS,AK,2004.0,91.0,1.1912309e+07,pending,
3,Alaska PERS,AK,2005.0,91.0,1.1912309e+07,pending,
3,Alaska PERS,AK,2006.0,91.0,1.1912309e+07,pending,
3,Alaska PERS,AK,2007.0,91.0,1.1912309e+07,pending,
3,Alaska PERS,AK,2008.0,91.0,1.1912309e+07,pending,
3,Alaska PERS,AK,2009.0,91.0,1.1912309e+07,pending,
3,Alaska PERS,AK,2010.0,91.0,1.1912309e+07,pending,
3,Alaska PERS,AK,2011.0,91.0,1.1912309e+07,pending,
3,Alaska PERS,AK,2012.0,91.0,1.1912309e+07,pending,
3,Alaska PERS,AK,2013.0,91.0,1.1912309e+07,pending,
3,Alaska PERS,AK,2014.0,91.0,1.1912309e+07,pending,
3,Alaska PERS,AK,2015.0,91.0,1.1912309e+07,pending,
3,Alaska PERS,AK,2016.0,91.0,1.1912309e+07,pending,
3,Alaska PERS,AK,2017.0,91.0,1.1912309e+07,pending,
3,Alaska PERS,AK,2018.0,91.0,1.1912309e+07,pending,
3,Alaska PERS,AK,2019.0,91.0,1.1912309e+07,pending,
3,Alaska PERS,AK,2020.0,91.0,1.1912309e+07,pending,
3,Alaska PERS,AK,2021.0,91.0,1.1912309e+07,pending,
40,Kentucky County,KY,2001.0,92.0,1.1605088e+07,pending,
40,Kentucky County,KY,2002.0,92.0,1.1605088e+07,pending,
40,Kentucky County,KY,2003.0,92.0,1.1605088e+07,pending,
40,Kentucky County,KY,2004.0,92.0,1.1605088e+07,pending,
40,Kentucky County,KY,2005.0,92.0,1.1605088e+07,pending,
40,Kentucky County,KY,2006.0,92.0,1.1605088e+07,pending,
40,Kentucky County,KY,2007.0,92.0,1.1605088e+07,pending,
40,Kentucky County,KY,2008.0,92.0,1.1605088e+07,pending,
40,Kentucky County,KY,2009.0,92.0,1.1605088e+07,pending,
40,Kentucky County,KY,2010.0,92.0,1.1605088e+07,pending,
40,Kentucky County,KY,2011.0,92.0,1.1605088e+07,pending,
40,Kentucky County,KY,2012.0,92.0,1.1605088e+07,pending,
40,Kentucky County,KY,2013.0,92.0,1.1605088e+07,pending,
40,Kentucky County,KY,2014.0,92.0,1.1605088e+07,pending,
40,Kentucky County,KY,2015.0,92.0,1.1605088e+07,pending,
40,Kentucky County,KY,2016.0,92.0,1.1605088e+07,pending,
40,Kentucky County,KY,2017.0,92.0,1.1605088e+07,pending,
40,Kentucky County,KY,2018.0,92.0,1.1605088e+07,pending,
40,Kentucky County,KY,2019.0,92.0,1.1605088e+07,pending,
40,Kentucky County,KY,2020.0,92.0,1.1605088e+07,pending,
40,Kentucky County,KY,2021.0,92.0,1.1605088e+07,pending,
5,Arizona Public Safety,AZ,2001.0,93.0,1.1556792e+07,pending,
5,Arizona Public Safety,AZ,2002.0,93.0,1.1556792e+07,pending,
5,Arizona Public Safety,AZ,2003.0,93.0,1.1556792e+07,pending,
5,Arizona Public Safety,AZ,2004.0,93.0,1.1556792e+07,pending,
5,Arizona Public Safety,AZ,2005.0,93.0,1.1556792e+07,pending,
5,Arizona Public Safety,AZ,2006.0,93.0,1.1556792e+07,pending,
5,Arizona Public Safety,AZ,2007.0,93.0,1.1556792e+07,pending,
5,Arizona Public Safety,AZ,2008.0,93.0,1.1556792e+07,pending,
5,Arizona Public Safety,AZ,2009.0,93.0,1.1556792e+07,pending,
5,Arizona Public Safety,AZ,2010.0,93.0,1.1556792e+07,pending,
5,Arizona Public Safety,AZ,2011.0,93.0,1.1556792e+07,pending,
5,Arizona Public Safety,AZ,2012.0,93.0,1.1556792e+07,pending,
5,Arizona Public Safety,AZ,2013.0,93.0,1.1556792e+07,pending,
5,Arizona Public Safety,AZ,2014.0,93.0,1.1556792e+07,pending,
5,Arizona Public Safety,AZ,2015.0,93.0,1.1556792e+07,pending,
5,Arizona Public Safety,AZ,2016.0,93.0,1.1556792e+07,pending,
5,Arizona Public Safety,AZ,2017.0,93.0,1.1556792e+07,pending,
5,Arizona Public Safety,AZ,2018.0,93.0,1.1556792e+07,pending,
5,Arizona Public Safety,AZ,2019.0,93.0,1.1556792e+07,pending,
5,Arizona Public Safety,AZ,2020.0,93.0,1.1556792e+07,pending,
5,Arizona Public Safety,AZ,2021.0,93.0,1.1556792e+07,pending,
70,New Hampshire RS,NH,2001.0,94.0,1.1523879e+07,pending,
70,New Hampshire RS,NH,2002.0,94.0,1.1523879e+07,pending,
70,New Hampshire RS,NH,2003.0,94.0,1.1523879e+07,pending,
70,New Hampshire RS,NH,2004.0,94.0,1.1523879e+07,pending,
70,New Hampshire RS,NH,2005.0,94.0,1.1523879e+07,pending,
70,New Hampshire RS,NH,2006.0,94.0,1.1523879e+07,pending,
70,New Hampshire RS,NH,2007.0,94.0,1.1523879e+07,pending,
70,New Hampshire RS,NH,2008.0,94.0,1.1523879e+07,pending,
70,New Hampshire RS,NH,2009.0,94.0,1.1523879e+07,pending,
70,New Hampshire RS,NH,2010.0,94.0,1.1523879e+07,pending,
70,New Hampshire RS,NH,2011.0,94.0,1.1523879e+07,pending,
70,New Hampshire RS,NH,2012.0,94.0,1.1523879e+07,pending,
70,New Hampshire RS,NH,2013.0,94.0,1.1523879e+07,pending,
70,New Hampshire RS,NH,2014.0,94.0,1.1523879e+07,pending,
70,New Hampshire RS,NH,2015.0,94.0,1.1523879e+07,pending,
70,New Hampshire RS,NH,2016.0,94.0,1.1523879e+07,pending,
70,New Hampshire RS,NH,2017.0,94.0,1.1523879e+07,pending,
70,New Hampshire RS,NH,2018.0,94.0,1.1523879e+07,pending,
70,New Hampshire RS,NH,2019.0,94.0,1.1523879e+07,pending,
70,New Hampshire RS,NH,2020.0,94.0,1.1523879e+07,pending,
70,New Hampshire RS,NH,2021.0,94.0,1.1523879e+07,pending,
18,Contra Costa County,CA,2001.0,95.0,1.1453766e+07,pending,
18,Contra Costa County,CA,2002.0,95.0,1.1453766e+07,pending,
18,Contra Costa County,CA,2003.0,95.0,1.1453766e+07,pending,
18,Contra Costa County,CA,2004.0,95.0,1.1453766e+07,pending,
18,Contra Costa County,CA,2005.0,95.0,1.1453766e+07,pending,
18,Contra Costa County,CA,2006.0,95.0,1.1453766e+07,pending,
18,Contra Costa County,CA,2007.0,95.0,1.1453766e+07,pending,
18,Contra Costa County,CA,2008.0,95.0,1.1453766e+07,pending,
18,Contra Costa County,CA,2009.0,95.0,1.1453766e+07,pending,
18,Contra Costa County,CA,2010.0,95.0,1.1453766e+07,pending,
18,Contra Costa County,CA,2011.0,95.0,1.1453766e+07,pending,
18,Contra Costa County,CA,2012.0,95.0,1.1453766e+07,pending,
18,Contra Costa County,CA,2013.0,95.0,1.1453766e+07,pending,
18,Contra Costa County,CA,2014.0,95.0,1.1453766e+07,pending,
18,Contra Costa County,CA,2015.0,95.0,1.1453766e+07,pending,
18,Contra Costa County,CA,2016.0,95.0,1.1453766e+07,pending,
18,Contra Costa County,CA,2017.0,95.0,1.1453766e+07,pending,
18,Contra Costa County,CA,2018.0,95.0,1.1453766e+07,pending,
18,Contra Costa County,CA,2019.0,95.0,1.1453766e+07,pending,
18,Contra Costa County,CA,2020.0,95.0,1.1453766e+07,pending,
18,Contra Costa County,CA,2021.0,95.0,1.1453766e+07,pending,
133,Minnesota Police and Fire,MN,2001.0,96.0,1.1398101e+07,pending,
133,Minnesota Police and Fire,MN,2002.0,96.0,1.1398101e+07,pending,
133,Minnesota Police and Fire,MN,2003.0,96.0,1.1398101e+07,pending,
133,Minnesota Police and Fire,MN,2004.0,96.0,1.1398101e+07,pending,
133,Minnesota Police and Fire,MN,2005.0,96.0,1.1398101e+07,pending,
133,Minnesota Police and Fire,MN,2006.0,96.0,1.1398101e+07,pending,
133,Minnesota Police and Fire,MN,2007.0,96.0,1.1398101e+07,pending,
133,Minnesota Police and Fire,MN,2008.0,96.0,1.1398101e+07,pending,
133,Minnesota Police and Fire,MN,2009.0,96.0,1.1398101e+07,pending,
133,Minnesota Police and Fire,MN,2010.0,96.0,1.1398101e+07,pending,
133,Minnesota Police and Fire,MN,2011.0,96.0,1.1398101e+07,pending,
133,Minnesota Police and Fire,MN,2012.0,96.0,1.1398101e+07,pending,
133,Minnesota Police and Fire,MN,2013.0,96.0,1.1398101e+07,pending,
133,Minnesota Police and Fire,MN,2014.0,96.0,1.1398101e+07,pending,
133,Minnesota Police and Fire,MN,2015.0,96.0,1.1398101e+07,pending,
133,Minnesota Police and Fire,MN,2016.0,96.0,1.1398101e+07,pending,
133,Minnesota Police and Fire,MN,2017.0,96.0,1.1398101e+07,pending,
133,Minnesota Police and Fire,MN,2018.0,96.0,1.1398101e+07,pending,
133,Minnesota Police and Fire,MN,2019.0,96.0,1.1398101e+07,pending,
133,Minnesota Police and Fire,MN,2020.0,96.0,1.1398101e+07,pending,
133,Minnesota Police and Fire,MN,2021.0,96.0,1.1398101e+07,pending,
7,Arkansas PERS,AR,2001.0,97.0,1.1185454e+07,pending,
7,Arkansas PERS,AR,2002.0,97.0,1.1185454e+07,pending,
7,Arkansas PERS,AR,2003.0,97.0,1.1185454e+07,pending,
7,Arkansas PERS,AR,2004.0,97.0,1.1185454e+07,pending,
7,Arkansas PERS,AR,2005.0,97.0,1.1185454e+07,pending,
7,Arkansas PERS,AR,2006.0,97.0,1.1185454e+07,pending,
7,Arkansas PERS,AR,2007.0,97.0,1.1185454e+07,pending,
7,Arkansas PERS,AR,2008.0,97.0,1.1185454e+07,pending,
7,Arkansas PERS,AR,2009.0,97.0,1.1185454e+07,pending,
7,Arkansas PERS,AR,2010.0,97.0,1.1185454e+07,pending,
7,Arkansas PERS,AR,2011.0,97.0,1.1185454e+07,pending,
7,Arkansas PERS,AR,2012.0,97.0,1.1185454e+07,pending,
7,Arkansas PERS,AR,2013.0,97.0,1.1185454e+07,pending,
7,Arkansas PERS,AR,2014.0,97.0,1.1185454e+07,pending,
7,Arkansas PERS,AR,2015.0,97.0,1.1185454e+07,pending,
7,Arkansas PERS,AR,2016.0,97.0,1.1185454e+07,pending,
7,Arkansas PERS,AR,2017.0,97.0,1.1185454e+07,pending,
7,Arkansas PERS,AR,2018.0,97.0,1.1185454e+07,pending,
7,Arkansas PERS,AR,2019.0,97.0,1.1185454e+07,pending,
7,Arkansas PERS,AR,2020.0,97.0,1.1185454e+07,pending,
7,Arkansas PERS,AR,2021.0,97.0,1.1185454e+07,pending,
109,TN Political Subdivisions,TN,2001.0,98.0,1.1019988e+07,pending,
109,TN Political Subdivisions,TN,2002.0,98.0,1.1019988e+07,pending,
109,TN Political Subdivisions,TN,2003.0,98.0,1.1019988e+07,pending,
109,TN Political Subdivisions,TN,2004.0,98.0,1.1019988e+07,pending,
109,TN Political Subdivisions,TN,2005.0,98.0,1.1019988e+07,pending,
109,TN Political Subdivisions,TN,2006.0,98.0,1.1019988e+07,pending,
109,TN Political Subdivisions,TN,2007.0,98.0,1.1019988e+07,pending,
109,TN Political Subdivisions,TN,2008.0,98.0,1.1019988e+07,pending,
109,TN Political Subdivisions,TN,2009.0,98.0,1.1019988e+07,pending,
109,TN Political Subdivisions,TN,2010.0,98.0,1.1019988e+07,pending,
109,TN Political Subdivisions,TN,2011.0,98.0,1.1019988e+07,pending,
109,TN Political Subdivisions,TN,2012.0,98.0,1.1019988e+07,pending,
109,TN Political Subdivisions,TN,2013.0,98.0,1.1019988e+07,pending,
109,TN Political Subdivisions,TN,2014.0,98.0,1.1019988e+07,pending,
109,TN Political Subdivisions,TN,2015.0,98.0,1.1019988e+07,pending,
109,TN Political Subdivisions,TN,2016.0,98.0,1.1019988e+07,pending,
109,TN Political Subdivisions,TN,2017.0,98.0,1.1019988e+07,pending,
109,TN Political Subdivisions,TN,2018.0,98.0,1.1019988e+07,pending,
109,TN Political Subdivisions,TN,2019.0,98.0,1.1019988e+07,pending,
137,Alameda County ERS,CA,2001.0,99.0,1.0752506e+07,pending,
137,Alameda County ERS,CA,2002.0,99.0,1.0752506e+07,pending,
137,Alameda County ERS,CA,2003.0,99.0,1.0752506e+07,pending,
137,Alameda County ERS,CA,2004.0,99.0,1.0752506e+07,pending,
137,Alameda County ERS,CA,2005.0,99.0,1.0752506e+07,pending,
137,Alameda County ERS,CA,2006.0,99.0,1.0752506e+07,pending,
137,Alameda County ERS,CA,2007.0,99.0,1.0752506e+07,pending,
137,Alameda County ERS,CA,2008.0,99.0,1.0752506e+07,pending,
137,Alameda County ERS,CA,2009.0,99.0,1.0752506e+07,pending,
137,Alameda County ERS,CA,2010.0,99.0,1.0752506e+07,pending,
137,Alameda County ERS,CA,2011.0,99.0,1.0752506e+07,pending,
137,Alameda County ERS,CA,2012.0,99.0,1.0752506e+07,pending,
137,Alameda County ERS,CA,2013.0,99.0,1.0752506e+07,pending,
137,Alameda County ERS,CA,2014.0,99.0,1.0752506e+07,pending,
137,Alameda County ERS,CA,2015.0,99.0,1.0752506e+07,pending,
137,Alameda County ERS,CA,2016.0,99.0,1.0752506e+07,pending,
137,Alameda County ERS,CA,2017.0,99.0,1.0752506e+07,pending,
137,Alameda County ERS,CA,2018.0,99.0,1.0752506e+07,pending,
137,Alameda County ERS,CA,2019.0,99.0,1.0752506e+07,pending,
137,Alameda County ERS,CA,2020.0,99.0,1.0752506e+07,pending,
137,Alameda County ERS,CA,2021.0,99.0,1.0752506e+07,pending,
61,Missouri Local,MO,2001.0,100.0,1.0284985e+07,pending,
61,Missouri Local,MO,2002.0,100.0,1.0284985e+07,pending,
61,Missouri Local,MO,2003.0,100.0,1.0284985e+07,pending,
61,Missouri Local,MO,2004.0,100.0,1.0284985e+07,pending,
61,Missouri Local,MO,2005.0,100.0,1.0284985e+07,pending,
61,Missouri Local,MO,2006.0,100.0,1.0284985e+07,pending,
61,Missouri Local,MO,2007.0,100.0,1.0284985e+07,pending,
61,Missouri Local,MO,2008.0,100.0,1.0284985e+07,pending,
61,Missouri Local,MO,2009.0,100.0,1.0284985e+07,pending,
61,Missouri Local,MO,2010.0,100.0,1.0284985e+07,pending,
61,Missouri Local,MO,2011.0,100.0,1.0284985e+07,pending,
61,Missouri Local,MO,2012.0,100.0,1.0284985e+07,pending,
61,Missouri Local,MO,2013.0,100.0,1.0284985e+07,pending,
61,Missouri Local,MO,2014.0,100.0,1.0284985e+07,pending,
61,Missouri Local,MO,2015.0,100.0,1.0284985e+07,pending,
61,Missouri Local,MO,2016.0,100.0,1.0284985e+07,pending,
61,Missouri Local,MO,2017.0,100.0,1.0284985e+07,pending,
61,Missouri Local,MO,2018.0,100.0,1.0284985e+07,pending,
61,Missouri Local,MO,2019.0,100.0,1.0284985e+07,pending,
61,Missouri Local,MO,2020.0,100.0,1.0284985e+07,pending,
61,Missouri Local,MO,2021.0,100.0,1.0284985e+07,pending,
144,San Diego City ERS,CA,2001.0,101.0,1.0281592e+07,pending,
144,San Diego City ERS,CA,2002.0,101.0,1.0281592e+07,pending,
144,San Diego City ERS,CA,2003.0,101.0,1.0281592e+07,pending,
144,San Diego City ERS,CA,2004.0,101.0,1.0281592e+07,pending,
144,San Diego City ERS,CA,2005.0,101.0,1.0281592e+07,pending,
144,San Diego City ERS,CA,2006.0,101.0,1.0281592e+07,pending,
144,San Diego City ERS,CA,2007.0,101.0,1.0281592e+07,pending,
144,San Diego City ERS,CA,2008.0,101.0,1.0281592e+07,pending,
144,San Diego City ERS,CA,2009.0,101.0,1.0281592e+07,pending,
144,San Diego City ERS,CA,2010.0,101.0,1.0281592e+07,pending,
144,San Diego City ERS,CA,2011.0,101.0,1.0281592e+07,pending,
144,San Diego City ERS,CA,2012.0,101.0,1.0281592e+07,pending,
144,San Diego City ERS,CA,2013.0,101.0,1.0281592e+07,pending,
144,San Diego City ERS,CA,2014.0,101.0,1.0281592e+07,pending,
144,San Diego City ERS,CA,2015.0,101.0,1.0281592e+07,pending,
144,San Diego City ERS,CA,2016.0,101.0,1.0281592e+07,pending,
144,San Diego City ERS,CA,2017.0,101.0,1.0281592e+07,pending,
144,San Diego City ERS,CA,2018.0,101.0,1.0281592e+07,pending,
144,San Diego City ERS,CA,2019.0,101.0,1.0281592e+07,pending,
144,San Diego City ERS,CA,2020.0,101.0,1.0281592e+07,pending,
144,San Diego City ERS,CA,2021.0,101.0,1.0281592e+07,pending,
124,West Virginia Teachers,WV,2001.0,102.0,9.914787e+06,pending,
124,West Virginia Teachers,WV,2002.0,102.0,9.914787e+06,pending,
124,West Virginia Teachers,WV,2003.0,102.0,9.914787e+06,pending,
124,West Virginia Teachers,WV,2004.0,102.0,9.914787e+06,pending,
124,West Virginia Teachers,WV,2005.0,102.0,9.914787e+06,pending,
124,West Virginia Teachers,WV,2006.0,102.0,9.914787e+06,pending,
124,West Virginia Teachers,WV,2007.0,102.0,9.914787e+06,pending,
124,West Virginia Teachers,WV,2008.0,102.0,9.914787e+06,pending,
124,West Virginia Teachers,WV,2009.0,102.0,9.914787e+06,pending,
124,West Virginia Teachers,WV,2010.0,102.0,9.914787e+06,pending,
124,West Virginia Teachers,WV,2011.0,102.0,9.914787e+06,pending,
124,West Virginia Teachers,WV,2012.0,102.0,9.914787e+06,pending,
124,West Virginia Teachers,WV,2013.0,102.0,9.914787e+06,pending,
124,West Virginia Teachers,WV,2014.0,102.0,9.914787e+06,pending,
124,West Virginia Teachers,WV,2015.0,102.0,9.914787e+06,pending,
124,West Virginia Teachers,WV,2016.0,102.0,9.914787e+06,pending,
124,West Virginia Teachers,WV,2017.0,102.0,9.914787e+06,pending,
124,West Virginia Teachers,WV,2018.0,102.0,9.914787e+06,pending,
124,West Virginia Teachers,WV,2019.0,102.0,9.914787e+06,pending,
124,West Virginia Teachers,WV,2020.0,102.0,9.914787e+06,pending,
124,West Virginia Teachers,WV,2021.0,102.0,9.914787e+06,pending,
63,Missouri State Employees,MO,2001.0,103.0,9.51993e+06,pending,
63,Missouri State Employees,MO,2002.0,103.0,9.51993e+06,pending,
63,Missouri State Employees,MO,2003.0,103.0,9.51993e+06,pending,
63,Missouri State Employees,MO,2004.0,103.0,9.51993e+06,pending,
63,Missouri State Employees,MO,2005.0,103.0,9.51993e+06,pending,
63,Missouri State Employees,MO,2006.0,103.0,9.51993e+06,pending,
63,Missouri State Employees,MO,2007.0,103.0,9.51993e+06,pending,
63,Missouri State Employees,MO,2008.0,103.0,9.51993e+06,pending,
63,Missouri State Employees,MO,2009.0,103.0,9.51993e+06,pending,
63,Missouri State Employees,MO,2010.0,103.0,9.51993e+06,pending,
63,Missouri State Employees,MO,2011.0,103.0,9.51993e+06,pending,
63,Missouri State Employees,MO,2012.0,103.0,9.51993e+06,pending,
63,Missouri State Employees,MO,2013.0,103.0,9.51993e+06,pending,
63,Missouri State Employees,MO,2014.0,103.0,9.51993e+06,pending,
63,Missouri State Employees,MO,2015.0,103.0,9.51993e+06,pending,
63,Missouri State Employees,MO,2016.0,103.0,9.51993e+06,pending,
63,Missouri State Employees,MO,2017.0,103.0,9.51993e+06,pending,
63,Missouri State Employees,MO,2018.0,103.0,9.51993e+06,pending,
63,Missouri State Employees,MO,2019.0,103.0,9.51993e+06,pending,
63,Missouri State Employees,MO,2020.0,103.0,9.51993e+06,pending,
63,Missouri State Employees,MO,2021.0,103.0,9.51993e+06,pending,
148,Boston RS,MA,2013.0,104.0,9.48363e+06,pending,
148,Boston RS,MA,2014.0,104.0,9.48363e+06,pending,
148,Boston RS,MA,2015.0,104.0,9.48363e+06,pending,
148,Boston RS,MA,2016.0,104.0,9.48363e+06,pending,
148,Boston RS,MA,2017.0,104.0,9.48363e+06,pending,
148,Boston RS,MA,2018.0,104.0,9.48363e+06,pending,
148,Boston RS,MA,2019.0,104.0,9.48363e+06,pending,
148,Boston RS,MA,2020.0,104.0,9.48363e+06,pending,
148,Boston RS,MA,2021.0,104.0,9.48363e+06,pending,
126,Wyoming Public Employees,WY,2001.0,105.0,9.389867e+06,pending,
126,Wyoming Public Employees,WY,2002.0,105.0,9.389867e+06,pending,
126,Wyoming Public Employees,WY,2003.0,105.0,9.389867e+06,pending,
126,Wyoming Public Employees,WY,2004.0,105.0,9.389867e+06,pending,
126,Wyoming Public Employees,WY,2005.0,105.0,9.389867e+06,pending,
126,Wyoming Public Employees,WY,2006.0,105.0,9.389867e+06,pending,
126,Wyoming Public Employees,WY,2007.0,105.0,9.389867e+06,pending,
126,Wyoming Public Employees,WY,2008.0,105.0,9.389867e+06,pending,
126,Wyoming Public Employees,WY,2009.0,105.0,9.389867e+06,pending,
126,Wyoming Public Employees,WY,2010.0,105.0,9.389867e+06,pending,
126,Wyoming Public Employees,WY,2011.0,105.0,9.389867e+06,pending,
126,Wyoming Public Employees,WY,2012.0,105.0,9.389867e+06,pending,
126,Wyoming Public Employees,WY,2013.0,105.0,9.389867e+06,pending,
126,Wyoming Public Employees,WY,2014.0,105.0,9.389867e+06,pending,
126,Wyoming Public Employees,WY,2015.0,105.0,9.389867e+06,pending,
126,Wyoming Public Employees,WY,2016.0,105.0,9.389867e+06,pending,
126,Wyoming Public Employees,WY,2017.0,105.0,9.389867e+06,pending,
126,Wyoming Public Employees,WY,2018.0,105.0,9.389867e+06,pending,
126,Wyoming Public Employees,WY,2019.0,105.0,9.389867e+06,pending,
126,Wyoming Public Employees,WY,2020.0,105.0,9.389867e+06,pending,
126,Wyoming Public Employees,WY,2021.0,105.0,9.389867e+06,pending,
123,West Virginia PERS,WV,2001.0,106.0,8.805884e+06,pending,
123,West Virginia PERS,WV,2002.0,106.0,8.805884e+06,pending,
123,West Virginia PERS,WV,2003.0,106.0,8.805884e+06,pending,
123,West Virginia PERS,WV,2004.0,106.0,8.805884e+06,pending,
123,West Virginia PERS,WV,2005.0,106.0,8.805884e+06,pending,
123,West Virginia PERS,WV,2006.0,106.0,8.805884e+06,pending,
123,West Virginia PERS,WV,2007.0,106.0,8.805884e+06,pending,
123,West Virginia PERS,WV,2008.0,106.0,8.805884e+06,pending,
123,West Virginia PERS,WV,2009.0,106.0,8.805884e+06,pending,
123,West Virginia PERS,WV,2010.0,106.0,8.805884e+06,pending,
123,West Virginia PERS,WV,2011.0,106.0,8.805884e+06,pending,
123,West Virginia PERS,WV,2012.0,106.0,8.805884e+06,pending,
123,West Virginia PERS,WV,2013.0,106.0,8.805884e+06,pending,
123,West Virginia PERS,WV,2014.0,106.0,8.805884e+06,pending,
123,West Virginia PERS,WV,2015.0,106.0,8.805884e+06,pending,
123,West Virginia PERS,WV,2016.0,106.0,8.805884e+06,pending,
123,West Virginia PERS,WV,2017.0,106.0,8.805884e+06,pending,
123,West Virginia PERS,WV,2018.0,106.0,8.805884e+06,pending,
123,West Virginia PERS,WV,2019.0,106.0,8.805884e+06,pending,
123,West Virginia PERS,WV,2020.0,106.0,8.805884e+06,pending,
123,West Virginia PERS,WV,2021.0,106.0,8.805884e+06,pending,
120,Washington School Employees Plan 2/3,WA,2001.0,107.0,8.66097e+06,pending,
120,Washington School Employees Plan 2/3,WA,2002.0,107.0,8.66097e+06,pending,
120,Washington School Employees Plan 2/3,WA,2003.0,107.0,8.66097e+06,pending,
120,Washington School Employees Plan 2/3,WA,2004.0,107.0,8.66097e+06,pending,
120,Washington School Employees Plan 2/3,WA,2005.0,107.0,8.66097e+06,pending,
120,Washington School Employees Plan 2/3,WA,2006.0,107.0,8.66097e+06,pending,
120,Washington School Employees Plan 2/3,WA,2007.0,107.0,8.66097e+06,pending,
120,Washington School Employees Plan 2/3,WA,2008.0,107.0,8.66097e+06,pending,
120,Washington School Employees Plan 2/3,WA,2009.0,107.0,8.66097e+06,pending,
120,Washington School Employees Plan 2/3,WA,2010.0,107.0,8.66097e+06,pending,
120,Washington School Employees Plan 2/3,WA,2011.0,107.0,8.66097e+06,pending,
120,Washington School Employees Plan 2/3,WA,2012.0,107.0,8.66097e+06,pending,
120,Washington School Employees Plan 2/3,WA,2013.0,107.0,8.66097e+06,pending,
120,Washington School Employees Plan 2/3,WA,2014.0,107.0,8.66097e+06,pending,
120,Washington School Employees Plan 2/3,WA,2015.0,107.0,8.66097e+06,pending,
120,Washington School Employees Plan 2/3,WA,2016.0,107.0,8.66097e+06,pending,
120,Washington School Employees Plan 2/3,WA,2017.0,107.0,8.66097e+06,pending,
120,Washington School Employees Plan 2/3,WA,2018.0,107.0,8.66097e+06,pending,
120,Washington School Employees Plan 2/3,WA,2019.0,107.0,8.66097e+06,pending,
120,Washington School Employees Plan 2/3,WA,2020.0,107.0,8.66097e+06,pending,
120,Washington School Employees Plan 2/3,WA,2021.0,107.0,8.66097e+06,pending,
19,DC Police & Fire,DC,2006.0,108.0,7.991994e+06,pending,
19,DC Police & Fire,DC,2007.0,108.0,7.991994e+06,pending,
19,DC Police & Fire,DC,2008.0,108.0,7.991994e+06,pending,
19,DC Police & Fire,DC,2009.0,108.0,7.991994e+06,pending,
19,DC Police & Fire,DC,2010.0,108.0,7.991994e+06,pending,
19,DC Police & Fire,DC,2011.0,108.0,7.991994e+06,pending,
19,DC Police & Fire,DC,2012.0,108.0,7.991994e+06,pending,
19,DC Police & Fire,DC,2013.0,108.0,7.991994e+06,pending,
19,DC Police & Fire,DC,2014.0,108.0,7.991994e+06,pending,
19,DC Police & Fire,DC,2015.0,108.0,7.991994e+06,pending,
19,DC Police & Fire,DC,2016.0,108.0,7.991994e+06,pending,
19,DC Police & Fire,DC,2017.0,108.0,7.991994e+06,pending,
19,DC Police & Fire,DC,2018.0,108.0,7.991994e+06,pending,
19,DC Police & Fire,DC,2019.0,108.0,7.991994e+06,pending,
19,DC Police & Fire,DC,2020.0,108.0,7.991994e+06,pending,
19,DC Police & Fire,DC,2021.0,108.0,7.991994e+06,pending,
95,Rhode Island State and Teacher,RI,2005.0,109.0,7.728868e+06,pending,
95,Rhode Island State and Teacher,RI,2006.0,109.0,7.728868e+06,pending,
95,Rhode Island State and Teacher,RI,2007.0,109.0,7.728868e+06,pending,
95,Rhode Island State and Teacher,RI,2008.0,109.0,7.728868e+06,pending,
95,Rhode Island State and Teacher,RI,2009.0,109.0,7.728868e+06,pending,
95,Rhode Island State and Teacher,RI,2010.0,109.0,7.728868e+06,pending,
95,Rhode Island State and Teacher,RI,2011.0,109.0,7.728868e+06,pending,
95,Rhode Island State and Teacher,RI,2012.0,109.0,7.728868e+06,pending,
95,Rhode Island State and Teacher,RI,2013.0,109.0,7.728868e+06,pending,
95,Rhode Island State and Teacher,RI,2014.0,109.0,7.728868e+06,pending,
95,Rhode Island State and Teacher,RI,2015.0,109.0,7.728868e+06,pending,
95,Rhode Island State and Teacher,RI,2016.0,109.0,7.728868e+06,pending,
95,Rhode Island State and Teacher,RI,2017.0,109.0,7.728868e+06,pending,
95,Rhode Island State and Teacher,RI,2018.0,109.0,7.728868e+06,pending,
95,Rhode Island State and Teacher,RI,2019.0,109.0,7.728868e+06,pending,
95,Rhode Island State and Teacher,RI,2020.0,109.0,7.728868e+06,pending,
95,Rhode Island State and Teacher,RI,2021.0,109.0,7.728868e+06,pending,
152,Philadelphia Municipal,PA,2001.0,110.0,7.424983e+06,pending,
152,Philadelphia Municipal,PA,2002.0,110.0,7.424983e+06,pending,
152,Philadelphia Municipal,PA,2003.0,110.0,7.424983e+06,pending,
152,Philadelphia Municipal,PA,2004.0,110.0,7.424983e+06,pending,
152,Philadelphia Municipal,PA,2005.0,110.0,7.424983e+06,pending,
152,Philadelphia Municipal,PA,2006.0,110.0,7.424983e+06,pending,
152,Philadelphia Municipal,PA,2007.0,110.0,7.424983e+06,pending,
152,Philadelphia Municipal,PA,2008.0,110.0,7.424983e+06,pending,
152,Philadelphia Municipal,PA,2009.0,110.0,7.424983e+06,pending,
152,Philadelphia Municipal,PA,2011.0,110.0,7.424983e+06,pending,
152,Philadelphia Municipal,PA,2012.0,110.0,7.424983e+06,pending,
152,Philadelphia Municipal,PA,2013.0,110.0,7.424983e+06,pending,
152,Philadelphia Municipal,PA,2014.0,110.0,7.424983e+06,pending,
152,Philadelphia Municipal,PA,2015.0,110.0,7.424983e+06,pending,
152,Philadelphia Municipal,PA,2016.0,110.0,7.424983e+06,pending,
152,Philadelphia Municipal,PA,2017.0,110.0,7.424983e+06,pending,
152,Philadelphia Municipal,PA,2018.0,110.0,7.424983e+06,pending,
152,Philadelphia Municipal,PA,2019.0,110.0,7.424983e+06,pending,
152,Philadelphia Municipal,PA,2020.0,110.0,7.424983e+06,pending,
152,Philadelphia Municipal,PA,2021.0,110.0,7.424983e+06,pending,
65,Montana PERS,MT,2002.0,111.0,7.210027e+06,pending,
65,Montana PERS,MT,2003.0,111.0,7.210027e+06,pending,
65,Montana PERS,MT,2004.0,111.0,7.210027e+06,pending,
65,Montana PERS,MT,2005.0,111.0,7.210027e+06,pending,
65,Montana PERS,MT,2006.0,111.0,7.210027e+06,pending,
65,Montana PERS,MT,2007.0,111.0,7.210027e+06,pending,
65,Montana PERS,MT,2008.0,111.0,7.210027e+06,pending,
65,Montana PERS,MT,2009.0,111.0,7.210027e+06,pending,
65,Montana PERS,MT,2010.0,111.0,7.210027e+06,pending,
65,Montana PERS,MT,2011.0,111.0,7.210027e+06,pending,
65,Montana PERS,MT,2012.0,111.0,7.210027e+06,pending,
65,Montana PERS,MT,2013.0,111.0,7.210027e+06,pending,
65,Montana PERS,MT,2014.0,111.0,7.210027e+06,pending,
65,Montana PERS,MT,2015.0,111.0,7.210027e+06,pending,
65,Montana PERS,MT,2016.0,111.0,7.210027e+06,pending,
65,Montana PERS,MT,2017.0,111.0,7.210027e+06,pending,
65,Montana PERS,MT,2018.0,111.0,7.210027e+06,pending,
65,Montana PERS,MT,2019.0,111.0,7.210027e+06,pending,
65,Montana PERS,MT,2020.0,111.0,7.210027e+06,pending,
65,Montana PERS,MT,2021.0,111.0,7.210027e+06,pending,
208,Houston Police,TX,2001.0,112.0,7.137251e+06,pending,
208,Houston Police,TX,2002.0,112.0,7.137251e+06,pending,
208,Houston Police,TX,2003.0,112.0,7.137251e+06,pending,
208,Houston Police,TX,2004.0,112.0,7.137251e+06,pending,
208,Houston Police,TX,2005.0,112.0,7.137251e+06,pending,
208,Houston Police,TX,2006.0,112.0,7.137251e+06,pending,
208,Houston Police,TX,2007.0,112.0,7.137251e+06,pending,
208,Houston Police,TX,2008.0,112.0,7.137251e+06,pending,
208,Houston Police,TX,2009.0,112.0,7.137251e+06,pending,
208,Houston Police,TX,2010.0,112.0,7.137251e+06,pending,
208,Houston Police,TX,2011.0,112.0,7.137251e+06,pending,
208,Houston Police,TX,2012.0,112.0,7.137251e+06,pending,
208,Houston Police,TX,2013.0,112.0,7.137251e+06,pending,
208,Houston Police,TX,2014.0,112.0,7.137251e+06,pending,
208,Houston Police,TX,2015.0,112.0,7.137251e+06,pending,
208,Houston Police,TX,2016.0,112.0,7.137251e+06,pending,
208,Houston Police,TX,2017.0,112.0,7.137251e+06,pending,
208,Houston Police,TX,2018.0,112.0,7.137251e+06,pending,
208,Houston Police,TX,2019.0,112.0,7.137251e+06,pending,
208,Houston Police,TX,2020.0,112.0,7.137251e+06,pending,
208,Houston Police,TX,2021.0,112.0,7.137251e+06,pending,
211,New York City Educational,NY,2001.0,113.0,7.04424e+06,pending,
211,New York City Educational,NY,2002.0,113.0,7.04424e+06,pending,
211,New York City Educational,NY,2003.0,113.0,7.04424e+06,pending,
211,New York City Educational,NY,2004.0,113.0,7.04424e+06,pending,
211,New York City Educational,NY,2005.0,113.0,7.04424e+06,pending,
211,New York City Educational,NY,2006.0,113.0,7.04424e+06,pending,
211,New York City Educational,NY,2007.0,113.0,7.04424e+06,pending,
211,New York City Educational,NY,2008.0,113.0,7.04424e+06,pending,
211,New York City Educational,NY,2009.0,113.0,7.04424e+06,pending,
211,New York City Educational,NY,2010.0,113.0,7.04424e+06,pending,
211,New York City Educational,NY,2011.0,113.0,7.04424e+06,pending,
211,New York City Educational,NY,2012.0,113.0,7.04424e+06,pending,
211,New York City Educational,NY,2013.0,113.0,7.04424e+06,pending,
211,New York City Educational,NY,2014.0,113.0,7.04424e+06,pending,
211,New York City Educational,NY,2015.0,113.0,7.04424e+06,pending,
211,New York City Educational,NY,2016.0,113.0,7.04424e+06,pending,
211,New York City Educational,NY,2017.0,113.0,7.04424e+06,pending,
211,New York City Educational,NY,2018.0,113.0,7.04424e+06,pending,
211,New York City Educational,NY,2019.0,113.0,7.04424e+06,pending,
211,New York City Educational,NY,2020.0,113.0,7.04424e+06,pending,
211,New York City Educational,NY,2021.0,113.0,7.04424e+06,pending,
4,Alaska Teachers,AK,2001.0,114.0,6.731481e+06,pending,
4,Alaska Teachers,AK,2002.0,114.0,6.731481e+06,pending,
4,Alaska Teachers,AK,2003.0,114.0,6.731481e+06,pending,
4,Alaska Teachers,AK,2004.0,114.0,6.731481e+06,pending,
4,Alaska Teachers,AK,2005.0,114.0,6.731481e+06,pending,
4,Alaska Teachers,AK,2006.0,114.0,6.731481e+06,pending,
4,Alaska Teachers,AK,2007.0,114.0,6.731481e+06,pending,
4,Alaska Teachers,AK,2008.0,114.0,6.731481e+06,pending,
4,Alaska Teachers,AK,2009.0,114.0,6.731481e+06,pending,
4,Alaska Teachers,AK,2010.0,114.0,6.731481e+06,pending,
4,Alaska Teachers,AK,2011.0,114.0,6.731481e+06,pending,
4,Alaska Teachers,AK,2012.0,114.0,6.731481e+06,pending,
4,Alaska Teachers,AK,2013.0,114.0,6.731481e+06,pending,
4,Alaska Teachers,AK,2014.0,114.0,6.731481e+06,pending,
4,Alaska Teachers,AK,2015.0,114.0,6.731481e+06,pending,
4,Alaska Teachers,AK,2016.0,114.0,6.731481e+06,pending,
4,Alaska Teachers,AK,2017.0,114.0,6.731481e+06,pending,
4,Alaska Teachers,AK,2018.0,114.0,6.731481e+06,pending,
4,Alaska Teachers,AK,2019.0,114.0,6.731481e+06,pending,
4,Alaska Teachers,AK,2020.0,114.0,6.731481e+06,pending,
4,Alaska Teachers,AK,2021.0,114.0,6.731481e+06,pending,
62,Missouri PEERS,MO,2001.0,115.0,6.453162e+06,pending,
62,Missouri PEERS,MO,2002.0,115.0,6.453162e+06,pending,
62,Missouri PEERS,MO,2003.0,115.0,6.453162e+06,pending,
62,Missouri PEERS,MO,2004.0,115.0,6.453162e+06,pending,
62,Missouri PEERS,MO,2005.0,115.0,6.453162e+06,pending,
62,Missouri PEERS,MO,2006.0,115.0,6.453162e+06,pending,
62,Missouri PEERS,MO,2007.0,115.0,6.453162e+06,pending,
62,Missouri PEERS,MO,2008.0,115.0,6.453162e+06,pending,
62,Missouri PEERS,MO,2009.0,115.0,6.453162e+06,pending,
62,Missouri PEERS,MO,2010.0,115.0,6.453162e+06,pending,
62,Missouri PEERS,MO,2011.0,115.0,6.453162e+06,pending,
62,Missouri PEERS,MO,2012.0,115.0,6.453162e+06,pending,
62,Missouri PEERS,MO,2013.0,115.0,6.453162e+06,pending,
62,Missouri PEERS,MO,2014.0,115.0,6.453162e+06,pending,
62,Missouri PEERS,MO,2015.0,115.0,6.453162e+06,pending,
62,Missouri PEERS,MO,2016.0,115.0,6.453162e+06,pending,
62,Missouri PEERS,MO,2017.0,115.0,6.453162e+06,pending,
62,Missouri PEERS,MO,2018.0,115.0,6.453162e+06,pending,
62,Missouri PEERS,MO,2019.0,115.0,6.453162e+06,pending,
62,Missouri PEERS,MO,2020.0,115.0,6.453162e+06,pending,
62,Missouri PEERS,MO,2021.0,115.0,6.453162e+06,pending,
151,Milwaukee City ERS,WI,2002.0,116.0,6.431356e+06,pending,
151,Milwaukee City ERS,WI,2003.0,116.0,6.431356e+06,pending,
151,Milwaukee City ERS,WI,2004.0,116.0,6.431356e+06,pending,
151,Milwaukee City ERS,WI,2005.0,116.0,6.431356e+06,pending,
151,Milwaukee City ERS,WI,2006.0,116.0,6.431356e+06,pending,
151,Milwaukee City ERS,WI,2007.0,116.0,6.431356e+06,pending,
151,Milwaukee City ERS,WI,2008.0,116.0,6.431356e+06,pending,
151,Milwaukee City ERS,WI,2009.0,116.0,6.431356e+06,pending,
151,Milwaukee City ERS,WI,2010.0,116.0,6.431356e+06,pending,
151,Milwaukee City ERS,WI,2011.0,116.0,6.431356e+06,pending,
151,Milwaukee City ERS,WI,2012.0,116.0,6.431356e+06,pending,
151,Milwaukee City ERS,WI,2013.0,116.0,6.431356e+06,pending,
151,Milwaukee City ERS,WI,2014.0,116.0,6.431356e+06,pending,
151,Milwaukee City ERS,WI,2015.0,116.0,6.431356e+06,pending,
151,Milwaukee City ERS,WI,2016.0,116.0,6.431356e+06,pending,
151,Milwaukee City ERS,WI,2017.0,116.0,6.431356e+06,pending,
151,Milwaukee City ERS,WI,2018.0,116.0,6.431356e+06,pending,
151,Milwaukee City ERS,WI,2019.0,116.0,6.431356e+06,pending,
151,Milwaukee City ERS,WI,2020.0,116.0,6.431356e+06,pending,
151,Milwaukee City ERS,WI,2021.0,116.0,6.431356e+06,pending,
99,South Carolina Police,SC,2001.0,117.0,6.111672e+06,pending,
99,South Carolina Police,SC,2002.0,117.0,6.111672e+06,pending,
99,South Carolina Police,SC,2003.0,117.0,6.111672e+06,pending,
99,South Carolina Police,SC,2004.0,117.0,6.111672e+06,pending,
99,South Carolina Police,SC,2005.0,117.0,6.111672e+06,pending,
99,South Carolina Police,SC,2006.0,117.0,6.111672e+06,pending,
99,South Carolina Police,SC,2007.0,117.0,6.111672e+06,pending,
99,South Carolina Police,SC,2008.0,117.0,6.111672e+06,pending,
99,South Carolina Police,SC,2009.0,117.0,6.111672e+06,pending,
99,South Carolina Police,SC,2010.0,117.0,6.111672e+06,pending,
99,South Carolina Police,SC,2011.0,117.0,6.111672e+06,pending,
99,South Carolina Police,SC,2012.0,117.0,6.111672e+06,pending,
99,South Carolina Police,SC,2013.0,117.0,6.111672e+06,pending,
99,South Carolina Police,SC,2014.0,117.0,6.111672e+06,pending,
99,South Carolina Police,SC,2015.0,117.0,6.111672e+06,pending,
99,South Carolina Police,SC,2016.0,117.0,6.111672e+06,pending,
99,South Carolina Police,SC,2017.0,117.0,6.111672e+06,pending,
99,South Carolina Police,SC,2018.0,117.0,6.111672e+06,pending,
99,South Carolina Police,SC,2019.0,117.0,6.111672e+06,pending,
99,South Carolina Police,SC,2020.0,117.0,6.111672e+06,pending,
99,South Carolina Police,SC,2021.0,117.0,6.111672e+06,pending,
13,Colorado Municipal,CO,2001.0,118.0,5.844117e+06,pending,
13,Colorado Municipal,CO,2002.0,118.0,5.844117e+06,pending,
13,Colorado Municipal,CO,2003.0,118.0,5.844117e+06,pending,
13,Colorado Municipal,CO,2004.0,118.0,5.844117e+06,pending,
13,Colorado Municipal,CO,2005.0,118.0,5.844117e+06,pending,
13,Colorado Municipal,CO,2006.0,118.0,5.844117e+06,pending,
13,Colorado Municipal,CO,2007.0,118.0,5.844117e+06,pending,
13,Colorado Municipal,CO,2008.0,118.0,5.844117e+06,pending,
13,Colorado Municipal,CO,2009.0,118.0,5.844117e+06,pending,
13,Colorado Municipal,CO,2010.0,118.0,5.844117e+06,pending,
13,Colorado Municipal,CO,2011.0,118.0,5.844117e+06,pending,
13,Colorado Municipal,CO,2012.0,118.0,5.844117e+06,pending,
13,Colorado Municipal,CO,2013.0,118.0,5.844117e+06,pending,
13,Colorado Municipal,CO,2014.0,118.0,5.844117e+06,pending,
13,Colorado Municipal,CO,2015.0,118.0,5.844117e+06,pending,
13,Colorado Municipal,CO,2016.0,118.0,5.844117e+06,pending,
13,Colorado Municipal,CO,2017.0,118.0,5.844117e+06,pending,
13,Colorado Municipal,CO,2018.0,118.0,5.844117e+06,pending,
13,Colorado Municipal,CO,2019.0,118.0,5.844117e+06,pending,
13,Colorado Municipal,CO,2020.0,118.0,5.844117e+06,pending,
13,Colorado Municipal,CO,2021.0,118.0,5.844117e+06,pending,
132,Louisiana Parochial Employees,LA,2014.0,119.0,5.4254295e+06,pending,
132,Louisiana Parochial Employees,LA,2015.0,119.0,5.4254295e+06,pending,
132,Louisiana Parochial Employees,LA,2016.0,119.0,5.4254295e+06,pending,
132,Louisiana Parochial Employees,LA,2017.0,119.0,5.4254295e+06,pending,
132,Louisiana Parochial Employees,LA,2018.0,119.0,5.4254295e+06,pending,
132,Louisiana Parochial Employees,LA,2019.0,119.0,5.4254295e+06,pending,
132,Louisiana Parochial Employees,LA,2020.0,119.0,5.4254295e+06,pending,
132,Louisiana Parochial Employees,LA,2021.0,119.0,5.4254295e+06,pending,
138,Kern County ERS,CA,2001.0,120.0,5.417513e+06,pending,
138,Kern County ERS,CA,2002.0,120.0,5.417513e+06,pending,
138,Kern County ERS,CA,2003.0,120.0,5.417513e+06,pending,
138,Kern County ERS,CA,2004.0,120.0,5.417513e+06,pending,
138,Kern County ERS,CA,2005.0,120.0,5.417513e+06,pending,
138,Kern County ERS,CA,2006.0,120.0,5.417513e+06,pending,
138,Kern County ERS,CA,2007.0,120.0,5.417513e+06,pending,
138,Kern County ERS,CA,2008.0,120.0,5.417513e+06,pending,
138,Kern County ERS,CA,2009.0,120.0,5.417513e+06,pending,
138,Kern County ERS,CA,2010.0,120.0,5.417513e+06,pending,
138,Kern County ERS,CA,2011.0,120.0,5.417513e+06,pending,
138,Kern County ERS,CA,2012.0,120.0,5.417513e+06,pending,
138,Kern County ERS,CA,2013.0,120.0,5.417513e+06,pending,
138,Kern County ERS,CA,2014.0,120.0,5.417513e+06,pending,
138,Kern County ERS,CA,2015.0,120.0,5.417513e+06,pending,
138,Kern County ERS,CA,2016.0,120.0,5.417513e+06,pending,
138,Kern County ERS,CA,2017.0,120.0,5.417513e+06,pending,
138,Kern County ERS,CA,2018.0,120.0,5.417513e+06,pending,
138,Kern County ERS,CA,2019.0,120.0,5.417513e+06,pending,
138,Kern County ERS,CA,2020.0,120.0,5.417513e+06,pending,
138,Kern County ERS,CA,2021.0,120.0,5.417513e+06,pending,
166,Montgomery County (MD) ERS,MD,2006.0,121.0,5.2959725e+06,pending,
166,Montgomery County (MD) ERS,MD,2007.0,121.0,5.2959725e+06,pending,
166,Montgomery County (MD) ERS,MD,2008.0,121.0,5.2959725e+06,pending,
166,Montgomery County (MD) ERS,MD,2009.0,121.0,5.2959725e+06,pending,
166,Montgomery County (MD) ERS,MD,2010.0,121.0,5.2959725e+06,pending,
166,Montgomery County (MD) ERS,MD,2011.0,121.0,5.2959725e+06,pending,
166,Montgomery County (MD) ERS,MD,2012.0,121.0,5.2959725e+06,pending,
166,Montgomery County (MD) ERS,MD,2013.0,121.0,5.2959725e+06,pending,
166,Montgomery County (MD) ERS,MD,2014.0,121.0,5.2959725e+06,pending,
166,Montgomery County (MD) ERS,MD,2015.0,121.0,5.2959725e+06,pending,
166,Montgomery County (MD) ERS,MD,2016.0,121.0,5.2959725e+06,pending,
166,Montgomery County (MD) ERS,MD,2017.0,121.0,5.2959725e+06,pending,
166,Montgomery County (MD) ERS,MD,2018.0,121.0,5.2959725e+06,pending,
166,Montgomery County (MD) ERS,MD,2019.0,121.0,5.2959725e+06,pending,
166,Montgomery County (MD) ERS,MD,2020.0,121.0,5.2959725e+06,pending,
166,Montgomery County (MD) ERS,MD,2021.0,121.0,5.2959725e+06,pending,
30,Houston Firefighters,TX,2001.0,122.0,5.256763e+06,pending,
30,Houston Firefighters,TX,2002.0,122.0,5.256763e+06,pending,
30,Houston Firefighters,TX,2003.0,122.0,5.256763e+06,pending,
30,Houston Firefighters,TX,2004.0,122.0,5.256763e+06,pending,
30,Houston Firefighters,TX,2005.0,122.0,5.256763e+06,pending,
30,Houston Firefighters,TX,2006.0,122.0,5.256763e+06,pending,
30,Houston Firefighters,TX,2007.0,122.0,5.256763e+06,pending,
30,Houston Firefighters,TX,2008.0,122.0,5.256763e+06,pending,
30,Houston Firefighters,TX,2009.0,122.0,5.256763e+06,pending,
30,Houston Firefighters,TX,2010.0,122.0,5.256763e+06,pending,
30,Houston Firefighters,TX,2011.0,122.0,5.256763e+06,pending,
30,Houston Firefighters,TX,2012.0,122.0,5.256763e+06,pending,
30,Houston Firefighters,TX,2013.0,122.0,5.256763e+06,pending,
30,Houston Firefighters,TX,2014.0,122.0,5.256763e+06,pending,
30,Houston Firefighters,TX,2015.0,122.0,5.256763e+06,pending,
30,Houston Firefighters,TX,2016.0,122.0,5.256763e+06,pending,
30,Houston Firefighters,TX,2017.0,122.0,5.256763e+06,pending,
30,Houston Firefighters,TX,2018.0,122.0,5.256763e+06,pending,
30,Houston Firefighters,TX,2019.0,122.0,5.256763e+06,pending,
30,Houston Firefighters,TX,2020.0,122.0,5.256763e+06,pending,
30,Houston Firefighters,TX,2021.0,122.0,5.256763e+06,pending,
164,Fairfax County (VA) ERS,VA,2002.0,123.0,5.1462325e+06,pending,
164,Fairfax County (VA) ERS,VA,2003.0,123.0,5.1462325e+06,pending,
164,Fairfax County (VA) ERS,VA,2004.0,123.0,5.1462325e+06,pending,
164,Fairfax County (VA) ERS,VA,2005.0,123.0,5.1462325e+06,pending,
164,Fairfax County (VA) ERS,VA,2006.0,123.0,5.1462325e+06,pending,
164,Fairfax County (VA) ERS,VA,2007.0,123.0,5.1462325e+06,pending,
164,Fairfax County (VA) ERS,VA,2009.0,123.0,5.1462325e+06,pending,
164,Fairfax County (VA) ERS,VA,2010.0,123.0,5.1462325e+06,pending,
164,Fairfax County (VA) ERS,VA,2011.0,123.0,5.1462325e+06,pending,
164,Fairfax County (VA) ERS,VA,2012.0,123.0,5.1462325e+06,pending,
164,Fairfax County (VA) ERS,VA,2013.0,123.0,5.1462325e+06,pending,
164,Fairfax County (VA) ERS,VA,2014.0,123.0,5.1462325e+06,pending,
164,Fairfax County (VA) ERS,VA,2015.0,123.0,5.1462325e+06,pending,
164,Fairfax County (VA) ERS,VA,2016.0,123.0,5.1462325e+06,pending,
164,Fairfax County (VA) ERS,VA,2017.0,123.0,5.1462325e+06,pending,
164,Fairfax County (VA) ERS,VA,2018.0,123.0,5.1462325e+06,pending,
164,Fairfax County (VA) ERS,VA,2019.0,123.0,5.1462325e+06,pending,
164,Fairfax County (VA) ERS,VA,2020.0,123.0,5.1462325e+06,pending,
164,Fairfax County (VA) ERS,VA,2021.0,123.0,5.1462325e+06,pending,
66,Montana Teachers,MT,2002.0,124.0,5.116849e+06,pending,
66,Montana Teachers,MT,2003.0,124.0,5.116849e+06,pending,
66,Montana Teachers,MT,2004.0,124.0,5.116849e+06,pending,
66,Montana Teachers,MT,2005.0,124.0,5.116849e+06,pending,
66,Montana Teachers,MT,2006.0,124.0,5.116849e+06,pending,
66,Montana Teachers,MT,2007.0,124.0,5.116849e+06,pending,
66,Montana Teachers,MT,2008.0,124.0,5.116849e+06,pending,
66,Montana Teachers,MT,2009.0,124.0,5.116849e+06,pending,
66,Montana Teachers,MT,2010.0,124.0,5.116849e+06,pending,
66,Montana Teachers,MT,2011.0,124.0,5.116849e+06,pending,
66,Montana Teachers,MT,2012.0,124.0,5.116849e+06,pending,
66,Montana Teachers,MT,2013.0,124.0,5.116849e+06,pending,
66,Montana Teachers,MT,2014.0,124.0,5.116849e+06,pending,
66,Montana Teachers,MT,2015.0,124.0,5.116849e+06,pending,
66,Montana Teachers,MT,2016.0,124.0,5.116849e+06,pending,
66,Montana Teachers,MT,2017.0,124.0,5.116849e+06,pending,
66,Montana Teachers,MT,2018.0,124.0,5.116849e+06,pending,
66,Montana Teachers,MT,2019.0,124.0,5.116849e+06,pending,
66,Montana Teachers,MT,2020.0,124.0,5.116849e+06,pending,
66,Montana Teachers,MT,2021.0,124.0,5.116849e+06,pending,
135,Utah Public Safety,UT,2001.0,125.0,5.105393e+06,pending,
135,Utah Public Safety,UT,2002.0,125.0,5.105393e+06,pending,
135,Utah Public Safety,UT,2003.0,125.0,5.105393e+06,pending,
135,Utah Public Safety,UT,2004.0,125.0,5.105393e+06,pending,
135,Utah Public Safety,UT,2005.0,125.0,5.105393e+06,pending,
135,Utah Public Safety,UT,2006.0,125.0,5.105393e+06,pending,
135,Utah Public Safety,UT,2007.0,125.0,5.105393e+06,pending,
135,Utah Public Safety,UT,2008.0,125.0,5.105393e+06,pending,
135,Utah Public Safety,UT,2009.0,125.0,5.105393e+06,pending,
135,Utah Public Safety,UT,2010.0,125.0,5.105393e+06,pending,
135,Utah Public Safety,UT,2011.0,125.0,5.105393e+06,pending,
135,Utah Public Safety,UT,2012.0,125.0,5.105393e+06,pending,
135,Utah Public Safety,UT,2013.0,125.0,5.105393e+06,pending,
135,Utah Public Safety,UT,2014.0,125.0,5.105393e+06,pending,
135,Utah Public Safety,UT,2015.0,125.0,5.105393e+06,pending,
135,Utah Public Safety,UT,2016.0,125.0,5.105393e+06,pending,
135,Utah Public Safety,UT,2017.0,125.0,5.105393e+06,pending,
135,Utah Public Safety,UT,2018.0,125.0,5.105393e+06,pending,
135,Utah Public Safety,UT,2019.0,125.0,5.105393e+06,pending,
135,Utah Public Safety,UT,2020.0,125.0,5.105393e+06,pending,
135,Utah Public Safety,UT,2021.0,125.0,5.105393e+06,pending,
23,Denver Schools,CO,2001.0,126.0,4.633727e+06,pending,
23,Denver Schools,CO,2002.0,126.0,4.633727e+06,pending,
23,Denver Schools,CO,2003.0,126.0,4.633727e+06,pending,
23,Denver Schools,CO,2004.0,126.0,4.633727e+06,pending,
23,Denver Schools,CO,2005.0,126.0,4.633727e+06,pending,
23,Denver Schools,CO,2006.0,126.0,4.633727e+06,pending,
23,Denver Schools,CO,2007.0,126.0,4.633727e+06,pending,
23,Denver Schools,CO,2008.0,126.0,4.633727e+06,pending,
23,Denver Schools,CO,2009.0,126.0,4.633727e+06,pending,
23,Denver Schools,CO,2010.0,126.0,4.633727e+06,pending,
23,Denver Schools,CO,2011.0,126.0,4.633727e+06,pending,
23,Denver Schools,CO,2012.0,126.0,4.633727e+06,pending,
23,Denver Schools,CO,2013.0,126.0,4.633727e+06,pending,
23,Denver Schools,CO,2014.0,126.0,4.633727e+06,pending,
23,Denver Schools,CO,2015.0,126.0,4.633727e+06,pending,
23,Denver Schools,CO,2016.0,126.0,4.633727e+06,pending,
23,Denver Schools,CO,2017.0,126.0,4.633727e+06,pending,
23,Denver Schools,CO,2018.0,126.0,4.633727e+06,pending,
23,Denver Schools,CO,2019.0,126.0,4.633727e+06,pending,
23,Denver Schools,CO,2020.0,126.0,4.633727e+06,pending,
23,Denver Schools,CO,2021.0,126.0,4.633727e+06,pending,
145,Chicago Municipal,IL,2001.0,127.0,4.308269e+06,pending,
145,Chicago Municipal,IL,2002.0,127.0,4.308269e+06,pending,
145,Chicago Municipal,IL,2003.0,127.0,4.308269e+06,pending,
145,Chicago Municipal,IL,2004.0,127.0,4.308269e+06,pending,
145,Chicago Municipal,IL,2005.0,127.0,4.308269e+06,pending,
145,Chicago Municipal,IL,2006.0,127.0,4.308269e+06,pending,
145,Chicago Municipal,IL,2007.0,127.0,4.308269e+06,pending,
145,Chicago Municipal,IL,2008.0,127.0,4.308269e+06,pending,
145,Chicago Municipal,IL,2009.0,127.0,4.308269e+06,pending,
145,Chicago Municipal,IL,2010.0,127.0,4.308269e+06,pending,
145,Chicago Municipal,IL,2011.0,127.0,4.308269e+06,pending,
145,Chicago Municipal,IL,2012.0,127.0,4.308269e+06,pending,
145,Chicago Municipal,IL,2013.0,127.0,4.308269e+06,pending,
145,Chicago Municipal,IL,2014.0,127.0,4.308269e+06,pending,
145,Chicago Municipal,IL,2015.0,127.0,4.308269e+06,pending,
145,Chicago Municipal,IL,2016.0,127.0,4.308269e+06,pending,
145,Chicago Municipal,IL,2017.0,127.0,4.308269e+06,pending,
145,Chicago Municipal,IL,2018.0,127.0,4.308269e+06,pending,
145,Chicago Municipal,IL,2019.0,127.0,4.308269e+06,pending,
145,Chicago Municipal,IL,2020.0,127.0,4.308269e+06,pending,
145,Chicago Municipal,IL,2021.0,127.0,4.308269e+06,pending,
158,Nashville-Davidson ERS,TN,2014.0,128.0,4.204832e+06,pending,
158,Nashville-Davidson ERS,TN,2015.0,128.0,4.204832e+06,pending,
158,Nashville-Davidson ERS,TN,2016.0,128.0,4.204832e+06,pending,
158,Nashville-Davidson ERS,TN,2017.0,128.0,4.204832e+06,pending,
158,Nashville-Davidson ERS,TN,2018.0,128.0,4.204832e+06,pending,
158,Nashville-Davidson ERS,TN,2019.0,128.0,4.204832e+06,pending,
158,Nashville-Davidson ERS,TN,2020.0,128.0,4.204832e+06,pending,
158,Nashville-Davidson ERS,TN,2021.0,128.0,4.204832e+06,pending,
156,Seattle ERS,WA,2009.0,129.0,4.134782e+06,pending,
156,Seattle ERS,WA,2011.0,129.0,4.134782e+06,pending,
156,Seattle ERS,WA,2012.0,129.0,4.134782e+06,pending,
156,Seattle ERS,WA,2013.0,129.0,4.134782e+06,pending,
156,Seattle ERS,WA,2014.0,129.0,4.134782e+06,pending,
156,Seattle ERS,WA,2015.0,129.0,4.134782e+06,pending,
156,Seattle ERS,WA,2016.0,129.0,4.134782e+06,pending,
156,Seattle ERS,WA,2017.0,129.0,4.134782e+06,pending,
156,Seattle ERS,WA,2018.0,129.0,4.134782e+06,pending,
156,Seattle ERS,WA,2019.0,129.0,4.134782e+06,pending,
156,Seattle ERS,WA,2020.0,129.0,4.134782e+06,pending,
156,Seattle ERS,WA,2021.0,129.0,4.134782e+06,pending,
201,Dallas ERS,TX,2001.0,130.0,4.093215e+06,pending,
201,Dallas ERS,TX,2002.0,130.0,4.093215e+06,pending,
201,Dallas ERS,TX,2003.0,130.0,4.093215e+06,pending,
201,Dallas ERS,TX,2004.0,130.0,4.093215e+06,pending,
201,Dallas ERS,TX,2005.0,130.0,4.093215e+06,pending,
201,Dallas ERS,TX,2006.0,130.0,4.093215e+06,pending,
201,Dallas ERS,TX,2007.0,130.0,4.093215e+06,pending,
201,Dallas ERS,TX,2008.0,130.0,4.093215e+06,pending,
201,Dallas ERS,TX,2009.0,130.0,4.093215e+06,pending,
201,Dallas ERS,TX,2010.0,130.0,4.093215e+06,pending,
201,Dallas ERS,TX,2011.0,130.0,4.093215e+06,pending,
201,Dallas ERS,TX,2012.0,130.0,4.093215e+06,pending,
201,Dallas ERS,TX,2013.0,130.0,4.093215e+06,pending,
201,Dallas ERS,TX,2014.0,130.0,4.093215e+06,pending,
201,Dallas ERS,TX,2015.0,130.0,4.093215e+06,pending,
201,Dallas ERS,TX,2016.0,130.0,4.093215e+06,pending,
201,Dallas ERS,TX,2017.0,130.0,4.093215e+06,pending,
201,Dallas ERS,TX,2018.0,130.0,4.093215e+06,pending,
201,Dallas ERS,TX,2019.0,130.0,4.093215e+06,pending,
201,Dallas ERS,TX,2020.0,130.0,4.093215e+06,pending,
201,Dallas ERS,TX,2021.0,130.0,4.093215e+06,pending,
41,Kentucky ERS,KY,2001.0,131.0,3.959942e+06,pending,
41,Kentucky ERS,KY,2002.0,131.0,3.959942e+06,pending,
41,Kentucky ERS,KY,2003.0,131.0,3.959942e+06,pending,
41,Kentucky ERS,KY,2004.0,131.0,3.959942e+06,pending,
41,Kentucky ERS,KY,2005.0,131.0,3.959942e+06,pending,
41,Kentucky ERS,KY,2006.0,131.0,3.959942e+06,pending,
41,Kentucky ERS,KY,2007.0,131.0,3.959942e+06,pending,
41,Kentucky ERS,KY,2008.0,131.0,3.959942e+06,pending,
41,Kentucky ERS,KY,2009.0,131.0,3.959942e+06,pending,
41,Kentucky ERS,KY,2010.0,131.0,3.959942e+06,pending,
41,Kentucky ERS,KY,2011.0,131.0,3.959942e+06,pending,
41,Kentucky ERS,KY,2012.0,131.0,3.959942e+06,pending,
41,Kentucky ERS,KY,2013.0,131.0,3.959942e+06,pending,
41,Kentucky ERS,KY,2014.0,131.0,3.959942e+06,pending,
41,Kentucky ERS,KY,2015.0,131.0,3.959942e+06,pending,
41,Kentucky ERS,KY,2016.0,131.0,3.959942e+06,pending,
41,Kentucky ERS,KY,2017.0,131.0,3.959942e+06,pending,
41,Kentucky ERS,KY,2018.0,131.0,3.959942e+06,pending,
41,Kentucky ERS,KY,2019.0,131.0,3.959942e+06,pending,
41,Kentucky ERS,KY,2020.0,131.0,3.959942e+06,pending,
41,Kentucky ERS,KY,2021.0,131.0,3.959942e+06,pending,
81,North Dakota PERS,ND,2001.0,132.0,3.9497228e+06,pending,
81,North Dakota PERS,ND,2002.0,132.0,3.9497228e+06,pending,
81,North Dakota PERS,ND,2003.0,132.0,3.9497228e+06,pending,
81,North Dakota PERS,ND,2004.0,132.0,3.9497228e+06,pending,
81,North Dakota PERS,ND,2005.0,132.0,3.9497228e+06,pending,
81,North Dakota PERS,ND,2006.0,132.0,3.9497228e+06,pending,
81,North Dakota PERS,ND,2007.0,132.0,3.9497228e+06,pending,
81,North Dakota PERS,ND,2008.0,132.0,3.9497228e+06,pending,
81,North Dakota PERS,ND,2009.0,132.0,3.9497228e+06,pending,
81,North Dakota PERS,ND,2010.0,132.0,3.9497228e+06,pending,
81,North Dakota PERS,ND,2011.0,132.0,3.9497228e+06,pending,
81,North Dakota PERS,ND,2012.0,132.0,3.9497228e+06,pending,
81,North Dakota PERS,ND,2013.0,132.0,3.9497228e+06,pending,
81,North Dakota PERS,ND,2014.0,132.0,3.9497228e+06,pending,
81,North Dakota PERS,ND,2015.0,132.0,3.9497228e+06,pending,
81,North Dakota PERS,ND,2016.0,132.0,3.9497228e+06,pending,
81,North Dakota PERS,ND,2017.0,132.0,3.9497228e+06,pending,
81,North Dakota PERS,ND,2018.0,132.0,3.9497228e+06,pending,
81,North Dakota PERS,ND,2019.0,132.0,3.9497228e+06,pending,
81,North Dakota PERS,ND,2020.0,132.0,3.9497228e+06,pending,
81,North Dakota PERS,ND,2021.0,132.0,3.9497228e+06,pending,
204,Houston Municipal,TX,2001.0,133.0,3.8670868e+06,pending,
204,Houston Municipal,TX,2002.0,133.0,3.8670868e+06,pending,
204,Houston Municipal,TX,2003.0,133.0,3.8670868e+06,pending,
204,Houston Municipal,TX,2004.0,133.0,3.8670868e+06,pending,
204,Houston Municipal,TX,2005.0,133.0,3.8670868e+06,pending,
204,Houston Municipal,TX,2006.0,133.0,3.8670868e+06,pending,
204,Houston Municipal,TX,2007.0,133.0,3.8670868e+06,pending,
204,Houston Municipal,TX,2008.0,133.0,3.8670868e+06,pending,
204,Houston Municipal,TX,2009.0,133.0,3.8670868e+06,pending,
204,Houston Municipal,TX,2010.0,133.0,3.8670868e+06,pending,
204,Houston Municipal,TX,2011.0,133.0,3.8670868e+06,pending,
204,Houston Municipal,TX,2012.0,133.0,3.8670868e+06,pending,
204,Houston Municipal,TX,2013.0,133.0,3.8670868e+06,pending,
204,Houston Municipal,TX,2014.0,133.0,3.8670868e+06,pending,
204,Houston Municipal,TX,2015.0,133.0,3.8670868e+06,pending,
204,Houston Municipal,TX,2016.0,133.0,3.8670868e+06,pending,
204,Houston Municipal,TX,2017.0,133.0,3.8670868e+06,pending,
204,Houston Municipal,TX,2018.0,133.0,3.8670868e+06,pending,
204,Houston Municipal,TX,2019.0,133.0,3.8670868e+06,pending,
204,Houston Municipal,TX,2020.0,133.0,3.8670868e+06,pending,
204,Houston Municipal,TX,2021.0,133.0,3.8670868e+06,pending,
146,Chicago Police,IL,2004.0,134.0,3.8466645e+06,pending,
146,Chicago Police,IL,2005.0,134.0,3.8466645e+06,pending,
146,Chicago Police,IL,2006.0,134.0,3.8466645e+06,pending,
146,Chicago Police,IL,2007.0,134.0,3.8466645e+06,pending,
146,Chicago Police,IL,2008.0,134.0,3.8466645e+06,pending,
146,Chicago Police,IL,2009.0,134.0,3.8466645e+06,pending,
146,Chicago Police,IL,2010.0,134.0,3.8466645e+06,pending,
146,Chicago Police,IL,2011.0,134.0,3.8466645e+06,pending,
146,Chicago Police,IL,2012.0,134.0,3.8466645e+06,pending,
146,Chicago Police,IL,2013.0,134.0,3.8466645e+06,pending,
146,Chicago Police,IL,2014.0,134.0,3.8466645e+06,pending,
146,Chicago Police,IL,2015.0,134.0,3.8466645e+06,pending,
146,Chicago Police,IL,2016.0,134.0,3.8466645e+06,pending,
146,Chicago Police,IL,2017.0,134.0,3.8466645e+06,pending,
146,Chicago Police,IL,2018.0,134.0,3.8466645e+06,pending,
146,Chicago Police,IL,2019.0,134.0,3.8466645e+06,pending,
146,Chicago Police,IL,2020.0,134.0,3.8466645e+06,pending,
146,Chicago Police,IL,2021.0,134.0,3.8466645e+06,pending,
46,Maine Local,ME,2001.0,135.0,3.7511525e+06,pending,
46,Maine Local,ME,2002.0,135.0,3.7511525e+06,pending,
46,Maine Local,ME,2003.0,135.0,3.7511525e+06,pending,
46,Maine Local,ME,2004.0,135.0,3.7511525e+06,pending,
46,Maine Local,ME,2005.0,135.0,3.7511525e+06,pending,
46,Maine Local,ME,2006.0,135.0,3.7511525e+06,pending,
46,Maine Local,ME,2007.0,135.0,3.7511525e+06,pending,
46,Maine Local,ME,2008.0,135.0,3.7511525e+06,pending,
46,Maine Local,ME,2009.0,135.0,3.7511525e+06,pending,
46,Maine Local,ME,2010.0,135.0,3.7511525e+06,pending,
46,Maine Local,ME,2011.0,135.0,3.7511525e+06,pending,
46,Maine Local,ME,2012.0,135.0,3.7511525e+06,pending,
46,Maine Local,ME,2013.0,135.0,3.7511525e+06,pending,
46,Maine Local,ME,2014.0,135.0,3.7511525e+06,pending,
46,Maine Local,ME,2015.0,135.0,3.7511525e+06,pending,
46,Maine Local,ME,2016.0,135.0,3.7511525e+06,pending,
46,Maine Local,ME,2017.0,135.0,3.7511525e+06,pending,
46,Maine Local,ME,2018.0,135.0,3.7511525e+06,pending,
46,Maine Local,ME,2019.0,135.0,3.7511525e+06,pending,
46,Maine Local,ME,2020.0,135.0,3.7511525e+06,pending,
46,Maine Local,ME,2021.0,135.0,3.7511525e+06,pending,
12,Austin ERS,TX,2001.0,136.0,3.5651398e+06,pending,
12,Austin ERS,TX,2002.0,136.0,3.5651398e+06,pending,
12,Austin ERS,TX,2003.0,136.0,3.5651398e+06,pending,
12,Austin ERS,TX,2004.0,136.0,3.5651398e+06,pending,
12,Austin ERS,TX,2005.0,136.0,3.5651398e+06,pending,
12,Austin ERS,TX,2006.0,136.0,3.5651398e+06,pending,
12,Austin ERS,TX,2007.0,136.0,3.5651398e+06,pending,
12,Austin ERS,TX,2008.0,136.0,3.5651398e+06,pending,
12,Austin ERS,TX,2009.0,136.0,3.5651398e+06,pending,
12,Austin ERS,TX,2010.0,136.0,3.5651398e+06,pending,
12,Austin ERS,TX,2011.0,136.0,3.5651398e+06,pending,
12,Austin ERS,TX,2012.0,136.0,3.5651398e+06,pending,
12,Austin ERS,TX,2013.0,136.0,3.5651398e+06,pending,
12,Austin ERS,TX,2014.0,136.0,3.5651398e+06,pending,
12,Austin ERS,TX,2015.0,136.0,3.5651398e+06,pending,
12,Austin ERS,TX,2016.0,136.0,3.5651398e+06,pending,
12,Austin ERS,TX,2017.0,136.0,3.5651398e+06,pending,
12,Austin ERS,TX,2018.0,136.0,3.5651398e+06,pending,
12,Austin ERS,TX,2019.0,136.0,3.5651398e+06,pending,
12,Austin ERS,TX,2020.0,136.0,3.5651398e+06,pending,
12,Austin ERS,TX,2021.0,136.0,3.5651398e+06,pending,
94,Phoenix ERS,AZ,2004.0,137.0,3.438027e+06,pending,
94,Phoenix ERS,AZ,2005.0,137.0,3.438027e+06,pending,
94,Phoenix ERS,AZ,2006.0,137.0,3.438027e+06,pending,
94,Phoenix ERS,AZ,2007.0,137.0,3.438027e+06,pending,
94,Phoenix ERS,AZ,2008.0,137.0,3.438027e+06,pending,
94,Phoenix ERS,AZ,2009.0,137.0,3.438027e+06,pending,
94,Phoenix ERS,AZ,2010.0,137.0,3.438027e+06,pending,
94,Phoenix ERS,AZ,2011.0,137.0,3.438027e+06,pending,
94,Phoenix ERS,AZ,2012.0,137.0,3.438027e+06,pending,
94,Phoenix ERS,AZ,2013.0,137.0,3.438027e+06,pending,
94,Phoenix ERS,AZ,2014.0,137.0,3.438027e+06,pending,
94,Phoenix ERS,AZ,2015.0,137.0,3.438027e+06,pending,
94,Phoenix ERS,AZ,2016.0,137.0,3.438027e+06,pending,
94,Phoenix ERS,AZ,2017.0,137.0,3.438027e+06,pending,
94,Phoenix ERS,AZ,2018.0,137.0,3.438027e+06,pending,
94,Phoenix ERS,AZ,2019.0,137.0,3.438027e+06,pending,
94,Phoenix ERS,AZ,2020.0,137.0,3.438027e+06,pending,
94,Phoenix ERS,AZ,2021.0,137.0,3.438027e+06,pending,
128,Connecticut Municipal,CT,2001.0,138.0,3.367803e+06,pending,
128,Connecticut Municipal,CT,2002.0,138.0,3.367803e+06,pending,
128,Connecticut Municipal,CT,2003.0,138.0,3.367803e+06,pending,
128,Connecticut Municipal,CT,2004.0,138.0,3.367803e+06,pending,
128,Connecticut Municipal,CT,2005.0,138.0,3.367803e+06,pending,
128,Connecticut Municipal,CT,2006.0,138.0,3.367803e+06,pending,
128,Connecticut Municipal,CT,2007.0,138.0,3.367803e+06,pending,
128,Connecticut Municipal,CT,2008.0,138.0,3.367803e+06,pending,
128,Connecticut Municipal,CT,2009.0,138.0,3.367803e+06,pending,
128,Connecticut Municipal,CT,2010.0,138.0,3.367803e+06,pending,
128,Connecticut Municipal,CT,2011.0,138.0,3.367803e+06,pending,
128,Connecticut Municipal,CT,2012.0,138.0,3.367803e+06,pending,
128,Connecticut Municipal,CT,2013.0,138.0,3.367803e+06,pending,
128,Connecticut Municipal,CT,2014.0,138.0,3.367803e+06,pending,
128,Connecticut Municipal,CT,2015.0,138.0,3.367803e+06,pending,
128,Connecticut Municipal,CT,2016.0,138.0,3.367803e+06,pending,
128,Connecticut Municipal,CT,2017.0,138.0,3.367803e+06,pending,
128,Connecticut Municipal,CT,2018.0,138.0,3.367803e+06,pending,
128,Connecticut Municipal,CT,2019.0,138.0,3.367803e+06,pending,
128,Connecticut Municipal,CT,2020.0,138.0,3.367803e+06,pending,
128,Connecticut Municipal,CT,2021.0,138.0,3.367803e+06,pending,
155,Baltimore Fire and Police,MD,2001.0,139.0,3.3288318e+06,pending,
155,Baltimore Fire and Police,MD,2002.0,139.0,3.3288318e+06,pending,
155,Baltimore Fire and Police,MD,2003.0,139.0,3.3288318e+06,pending,
155,Baltimore Fire and Police,MD,2004.0,139.0,3.3288318e+06,pending,
155,Baltimore Fire and Police,MD,2005.0,139.0,3.3288318e+06,pending,
155,Baltimore Fire and Police,MD,2006.0,139.0,3.3288318e+06,pending,
155,Baltimore Fire and Police,MD,2007.0,139.0,3.3288318e+06,pending,
155,Baltimore Fire and Police,MD,2008.0,139.0,3.3288318e+06,pending,
155,Baltimore Fire and Police,MD,2009.0,139.0,3.3288318e+06,pending,
155,Baltimore Fire and Police,MD,2010.0,139.0,3.3288318e+06,pending,
155,Baltimore Fire and Police,MD,2011.0,139.0,3.3288318e+06,pending,
155,Baltimore Fire and Police,MD,2012.0,139.0,3.3288318e+06,pending,
155,Baltimore Fire and Police,MD,2013.0,139.0,3.3288318e+06,pending,
155,Baltimore Fire and Police,MD,2014.0,139.0,3.3288318e+06,pending,
155,Baltimore Fire and Police,MD,2015.0,139.0,3.3288318e+06,pending,
155,Baltimore Fire and Police,MD,2016.0,139.0,3.3288318e+06,pending,
155,Baltimore Fire and Police,MD,2017.0,139.0,3.3288318e+06,pending,
155,Baltimore Fire and Police,MD,2018.0,139.0,3.3288318e+06,pending,
155,Baltimore Fire and Police,MD,2019.0,139.0,3.3288318e+06,pending,
155,Baltimore Fire and Police,MD,2020.0,139.0,3.3288318e+06,pending,
155,Baltimore Fire and Police,MD,2021.0,139.0,3.3288318e+06,pending,
129,Iowa Municipal Fire and Police,IA,2001.0,140.0,3.2936102e+06,pending,
129,Iowa Municipal Fire and Police,IA,2002.0,140.0,3.2936102e+06,pending,
129,Iowa Municipal Fire and Police,IA,2003.0,140.0,3.2936102e+06,pending,
129,Iowa Municipal Fire and Police,IA,2004.0,140.0,3.2936102e+06,pending,
129,Iowa Municipal Fire and Police,IA,2005.0,140.0,3.2936102e+06,pending,
129,Iowa Municipal Fire and Police,IA,2006.0,140.0,3.2936102e+06,pending,
129,Iowa Municipal Fire and Police,IA,2007.0,140.0,3.2936102e+06,pending,
129,Iowa Municipal Fire and Police,IA,2008.0,140.0,3.2936102e+06,pending,
129,Iowa Municipal Fire and Police,IA,2009.0,140.0,3.2936102e+06,pending,
129,Iowa Municipal Fire and Police,IA,2010.0,140.0,3.2936102e+06,pending,
129,Iowa Municipal Fire and Police,IA,2011.0,140.0,3.2936102e+06,pending,
129,Iowa Municipal Fire and Police,IA,2012.0,140.0,3.2936102e+06,pending,
129,Iowa Municipal Fire and Police,IA,2013.0,140.0,3.2936102e+06,pending,
129,Iowa Municipal Fire and Police,IA,2014.0,140.0,3.2936102e+06,pending,
129,Iowa Municipal Fire and Police,IA,2015.0,140.0,3.2936102e+06,pending,
129,Iowa Municipal Fire and Police,IA,2016.0,140.0,3.2936102e+06,pending,
129,Iowa Municipal Fire and Police,IA,2017.0,140.0,3.2936102e+06,pending,
129,Iowa Municipal Fire and Police,IA,2018.0,140.0,3.2936102e+06,pending,
129,Iowa Municipal Fire and Police,IA,2019.0,140.0,3.2936102e+06,pending,
129,Iowa Municipal Fire and Police,IA,2020.0,140.0,3.2936102e+06,pending,
129,Iowa Municipal Fire and Police,IA,2021.0,140.0,3.2936102e+06,pending,
134,Oklahoma Police,OK,2001.0,141.0,3.289959e+06,pending,
134,Oklahoma Police,OK,2002.0,141.0,3.289959e+06,pending,
134,Oklahoma Police,OK,2003.0,141.0,3.289959e+06,pending,
134,Oklahoma Police,OK,2004.0,141.0,3.289959e+06,pending,
134,Oklahoma Police,OK,2005.0,141.0,3.289959e+06,pending,
134,Oklahoma Police,OK,2006.0,141.0,3.289959e+06,pending,
134,Oklahoma Police,OK,2007.0,141.0,3.289959e+06,pending,
134,Oklahoma Police,OK,2008.0,141.0,3.289959e+06,pending,
134,Oklahoma Police,OK,2009.0,141.0,3.289959e+06,pending,
134,Oklahoma Police,OK,2010.0,141.0,3.289959e+06,pending,
134,Oklahoma Police,OK,2011.0,141.0,3.289959e+06,pending,
134,Oklahoma Police,OK,2012.0,141.0,3.289959e+06,pending,
134,Oklahoma Police,OK,2013.0,141.0,3.289959e+06,pending,
134,Oklahoma Police,OK,2014.0,141.0,3.289959e+06,pending,
134,Oklahoma Police,OK,2015.0,141.0,3.289959e+06,pending,
134,Oklahoma Police,OK,2016.0,141.0,3.289959e+06,pending,
134,Oklahoma Police,OK,2017.0,141.0,3.289959e+06,pending,
134,Oklahoma Police,OK,2018.0,141.0,3.289959e+06,pending,
134,Oklahoma Police,OK,2019.0,141.0,3.289959e+06,pending,
134,Oklahoma Police,OK,2020.0,141.0,3.289959e+06,pending,
134,Oklahoma Police,OK,2021.0,141.0,3.289959e+06,pending,
82,North Dakota Teachers,ND,2001.0,142.0,3.2824048e+06,pending,
82,North Dakota Teachers,ND,2002.0,142.0,3.2824048e+06,pending,
82,North Dakota Teachers,ND,2003.0,142.0,3.2824048e+06,pending,
82,North Dakota Teachers,ND,2004.0,142.0,3.2824048e+06,pending,
82,North Dakota Teachers,ND,2005.0,142.0,3.2824048e+06,pending,
82,North Dakota Teachers,ND,2006.0,142.0,3.2824048e+06,pending,
82,North Dakota Teachers,ND,2007.0,142.0,3.2824048e+06,pending,
82,North Dakota Teachers,ND,2008.0,142.0,3.2824048e+06,pending,
82,North Dakota Teachers,ND,2009.0,142.0,3.2824048e+06,pending,
82,North Dakota Teachers,ND,2010.0,142.0,3.2824048e+06,pending,
82,North Dakota Teachers,ND,2011.0,142.0,3.2824048e+06,pending,
82,North Dakota Teachers,ND,2012.0,142.0,3.2824048e+06,pending,
82,North Dakota Teachers,ND,2013.0,142.0,3.2824048e+06,pending,
82,North Dakota Teachers,ND,2014.0,142.0,3.2824048e+06,pending,
82,North Dakota Teachers,ND,2015.0,142.0,3.2824048e+06,pending,
82,North Dakota Teachers,ND,2016.0,142.0,3.2824048e+06,pending,
82,North Dakota Teachers,ND,2017.0,142.0,3.2824048e+06,pending,
82,North Dakota Teachers,ND,2018.0,142.0,3.2824048e+06,pending,
82,North Dakota Teachers,ND,2019.0,142.0,3.2824048e+06,pending,
82,North Dakota Teachers,ND,2020.0,142.0,3.2824048e+06,pending,
82,North Dakota Teachers,ND,2021.0,142.0,3.2824048e+06,pending,
25,Fairfax County Schools,VA,2006.0,143.0,3.272151e+06,pending,
25,Fairfax County Schools,VA,2007.0,143.0,3.272151e+06,pending,
25,Fairfax County Schools,VA,2008.0,143.0,3.272151e+06,pending,
25,Fairfax County Schools,VA,2009.0,143.0,3.272151e+06,pending,
25,Fairfax County Schools,VA,2010.0,143.0,3.272151e+06,pending,
25,Fairfax County Schools,VA,2011.0,143.0,3.272151e+06,pending,
25,Fairfax County Schools,VA,2012.0,143.0,3.272151e+06,pending,
25,Fairfax County Schools,VA,2013.0,143.0,3.272151e+06,pending,
25,Fairfax County Schools,VA,2014.0,143.0,3.272151e+06,pending,
25,Fairfax County Schools,VA,2015.0,143.0,3.272151e+06,pending,
25,Fairfax County Schools,VA,2016.0,143.0,3.272151e+06,pending,
25,Fairfax County Schools,VA,2017.0,143.0,3.272151e+06,pending,
25,Fairfax County Schools,VA,2018.0,143.0,3.272151e+06,pending,
25,Fairfax County Schools,VA,2019.0,143.0,3.272151e+06,pending,
25,Fairfax County Schools,VA,2020.0,143.0,3.272151e+06,pending,
25,Fairfax County Schools,VA,2021.0,143.0,3.272151e+06,pending,
233,Arkansas Police and Fire,AR,2006.0,144.0,3.2672818e+06,pending,
233,Arkansas Police and Fire,AR,2008.0,144.0,3.2672818e+06,pending,
233,Arkansas Police and Fire,AR,2009.0,144.0,3.2672818e+06,pending,
233,Arkansas Police and Fire,AR,2010.0,144.0,3.2672818e+06,pending,
233,Arkansas Police and Fire,AR,2011.0,144.0,3.2672818e+06,pending,
233,Arkansas Police and Fire,AR,2012.0,144.0,3.2672818e+06,pending,
233,Arkansas Police and Fire,AR,2013.0,144.0,3.2672818e+06,pending,
233,Arkansas Police and Fire,AR,2014.0,144.0,3.2672818e+06,pending,
233,Arkansas Police and Fire,AR,2015.0,144.0,3.2672818e+06,pending,
233,Arkansas Police and Fire,AR,2016.0,144.0,3.2672818e+06,pending,
233,Arkansas Police and Fire,AR,2017.0,144.0,3.2672818e+06,pending,
233,Arkansas Police and Fire,AR,2018.0,144.0,3.2672818e+06,pending,
233,Arkansas Police and Fire,AR,2019.0,144.0,3.2672818e+06,pending,
233,Arkansas Police and Fire,AR,2020.0,144.0,3.2672818e+06,pending,
233,Arkansas Police and Fire,AR,2021.0,144.0,3.2672818e+06,pending,
136,Pennsylvania Municipal,PA,2002.0,145.0,3.1666998e+06,pending,
136,Pennsylvania Municipal,PA,2003.0,145.0,3.1666998e+06,pending,
136,Pennsylvania Municipal,PA,2004.0,145.0,3.1666998e+06,pending,
136,Pennsylvania Municipal,PA,2005.0,145.0,3.1666998e+06,pending,
136,Pennsylvania Municipal,PA,2006.0,145.0,3.1666998e+06,pending,
136,Pennsylvania Municipal,PA,2007.0,145.0,3.1666998e+06,pending,
136,Pennsylvania Municipal,PA,2008.0,145.0,3.1666998e+06,pending,
136,Pennsylvania Municipal,PA,2009.0,145.0,3.1666998e+06,pending,
136,Pennsylvania Municipal,PA,2010.0,145.0,3.1666998e+06,pending,
136,Pennsylvania Municipal,PA,2011.0,145.0,3.1666998e+06,pending,
136,Pennsylvania Municipal,PA,2012.0,145.0,3.1666998e+06,pending,
136,Pennsylvania Municipal,PA,2013.0,145.0,3.1666998e+06,pending,
136,Pennsylvania Municipal,PA,2014.0,145.0,3.1666998e+06,pending,
136,Pennsylvania Municipal,PA,2015.0,145.0,3.1666998e+06,pending,
136,Pennsylvania Municipal,PA,2016.0,145.0,3.1666998e+06,pending,
136,Pennsylvania Municipal,PA,2017.0,145.0,3.1666998e+06,pending,
136,Pennsylvania Municipal,PA,2018.0,145.0,3.1666998e+06,pending,
136,Pennsylvania Municipal,PA,2019.0,145.0,3.1666998e+06,pending,
136,Pennsylvania Municipal,PA,2020.0,145.0,3.1666998e+06,pending,
154,Detroit Police and Fire,MI,2001.0,146.0,3.013485e+06,pending,
154,Detroit Police and Fire,MI,2002.0,146.0,3.013485e+06,pending,
154,Detroit Police and Fire,MI,2003.0,146.0,3.013485e+06,pending,
154,Detroit Police and Fire,MI,2004.0,146.0,3.013485e+06,pending,
154,Detroit Police and Fire,MI,2005.0,146.0,3.013485e+06,pending,
154,Detroit Police and Fire,MI,2006.0,146.0,3.013485e+06,pending,
154,Detroit Police and Fire,MI,2007.0,146.0,3.013485e+06,pending,
154,Detroit Police and Fire,MI,2008.0,146.0,3.013485e+06,pending,
154,Detroit Police and Fire,MI,2009.0,146.0,3.013485e+06,pending,
154,Detroit Police and Fire,MI,2010.0,146.0,3.013485e+06,pending,
154,Detroit Police and Fire,MI,2011.0,146.0,3.013485e+06,pending,
154,Detroit Police and Fire,MI,2012.0,146.0,3.013485e+06,pending,
154,Detroit Police and Fire,MI,2013.0,146.0,3.013485e+06,pending,
154,Detroit Police and Fire,MI,2014.0,146.0,3.013485e+06,pending,
154,Detroit Police and Fire,MI,2015.0,146.0,3.013485e+06,pending,
154,Detroit Police and Fire,MI,2016.0,146.0,3.013485e+06,pending,
154,Detroit Police and Fire,MI,2017.0,146.0,3.013485e+06,pending,
154,Detroit Police and Fire,MI,2018.0,146.0,3.013485e+06,pending,
154,Detroit Police and Fire,MI,2019.0,146.0,3.013485e+06,pending,
154,Detroit Police and Fire,MI,2020.0,146.0,3.013485e+06,pending,
154,Detroit Police and Fire,MI,2021.0,146.0,3.013485e+06,pending,
60,Missouri DOT and Highway,MO,2001.0,147.0,3.0039252e+06,pending,
60,Missouri DOT and Highway,MO,2002.0,147.0,3.0039252e+06,pending,
60,Missouri DOT and Highway,MO,2003.0,147.0,3.0039252e+06,pending,
60,Missouri DOT and Highway,MO,2004.0,147.0,3.0039252e+06,pending,
60,Missouri DOT and Highway,MO,2005.0,147.0,3.0039252e+06,pending,
60,Missouri DOT and Highway,MO,2006.0,147.0,3.0039252e+06,pending,
60,Missouri DOT and Highway,MO,2007.0,147.0,3.0039252e+06,pending,
60,Missouri DOT and Highway,MO,2008.0,147.0,3.0039252e+06,pending,
60,Missouri DOT and Highway,MO,2009.0,147.0,3.0039252e+06,pending,
60,Missouri DOT and Highway,MO,2010.0,147.0,3.0039252e+06,pending,
60,Missouri DOT and Highway,MO,2011.0,147.0,3.0039252e+06,pending,
60,Missouri DOT and Highway,MO,2012.0,147.0,3.0039252e+06,pending,
60,Missouri DOT and Highway,MO,2013.0,147.0,3.0039252e+06,pending,
60,Missouri DOT and Highway,MO,2014.0,147.0,3.0039252e+06,pending,
60,Missouri DOT and Highway,MO,2015.0,147.0,3.0039252e+06,pending,
60,Missouri DOT and Highway,MO,2016.0,147.0,3.0039252e+06,pending,
60,Missouri DOT and Highway,MO,2017.0,147.0,3.0039252e+06,pending,
60,Missouri DOT and Highway,MO,2018.0,147.0,3.0039252e+06,pending,
60,Missouri DOT and Highway,MO,2019.0,147.0,3.0039252e+06,pending,
60,Missouri DOT and Highway,MO,2020.0,147.0,3.0039252e+06,pending,
60,Missouri DOT and Highway,MO,2021.0,147.0,3.0039252e+06,pending,
20,DC Teachers,DC,2006.0,148.0,2.944884e+06,pending,
20,DC Teachers,DC,2007.0,148.0,2.944884e+06,pending,
20,DC Teachers,DC,2008.0,148.0,2.944884e+06,pending,
20,DC Teachers,DC,2009.0,148.0,2.944884e+06,pending,
20,DC Teachers,DC,2010.0,148.0,2.944884e+06,pending,
20,DC Teachers,DC,2011.0,148.0,2.944884e+06,pending,
20,DC Teachers,DC,2012.0,148.0,2.944884e+06,pending,
20,DC Teachers,DC,2013.0,148.0,2.944884e+06,pending,
20,DC Teachers,DC,2014.0,148.0,2.944884e+06,pending,
20,DC Teachers,DC,2015.0,148.0,2.944884e+06,pending,
20,DC Teachers,DC,2016.0,148.0,2.944884e+06,pending,
20,DC Teachers,DC,2017.0,148.0,2.944884e+06,pending,
20,DC Teachers,DC,2018.0,148.0,2.944884e+06,pending,
20,DC Teachers,DC,2019.0,148.0,2.944884e+06,pending,
20,DC Teachers,DC,2020.0,148.0,2.944884e+06,pending,
20,DC Teachers,DC,2021.0,148.0,2.944884e+06,pending,
210,Oklahoma Fire,OK,2014.0,149.0,2.871142e+06,pending,
210,Oklahoma Fire,OK,2015.0,149.0,2.871142e+06,pending,
210,Oklahoma Fire,OK,2016.0,149.0,2.871142e+06,pending,
210,Oklahoma Fire,OK,2017.0,149.0,2.871142e+06,pending,
210,Oklahoma Fire,OK,2018.0,149.0,2.871142e+06,pending,
210,Oklahoma Fire,OK,2019.0,149.0,2.871142e+06,pending,
210,Oklahoma Fire,OK,2020.0,149.0,2.871142e+06,pending,
130,Louisiana Municipal Police,LA,2011.0,150.0,2.8169738e+06,pending,
130,Louisiana Municipal Police,LA,2014.0,150.0,2.8169738e+06,pending,
130,Louisiana Municipal Police,LA,2015.0,150.0,2.8169738e+06,pending,
130,Louisiana Municipal Police,LA,2016.0,150.0,2.8169738e+06,pending,
130,Louisiana Municipal Police,LA,2017.0,150.0,2.8169738e+06,pending,
130,Louisiana Municipal Police,LA,2018.0,150.0,2.8169738e+06,pending,
130,Louisiana Municipal Police,LA,2019.0,150.0,2.8169738e+06,pending,
130,Louisiana Municipal Police,LA,2020.0,150.0,2.8169738e+06,pending,
130,Louisiana Municipal Police,LA,2021.0,150.0,2.8169738e+06,pending,
22,Denver Employees,CO,2001.0,151.0,2.665046e+06,pending,
22,Denver Employees,CO,2002.0,151.0,2.665046e+06,pending,
22,Denver Employees,CO,2003.0,151.0,2.665046e+06,pending,
22,Denver Employees,CO,2004.0,151.0,2.665046e+06,pending,
22,Denver Employees,CO,2005.0,151.0,2.665046e+06,pending,
22,Denver Employees,CO,2006.0,151.0,2.665046e+06,pending,
22,Denver Employees,CO,2007.0,151.0,2.665046e+06,pending,
22,Denver Employees,CO,2008.0,151.0,2.665046e+06,pending,
22,Denver Employees,CO,2009.0,151.0,2.665046e+06,pending,
22,Denver Employees,CO,2010.0,151.0,2.665046e+06,pending,
22,Denver Employees,CO,2011.0,151.0,2.665046e+06,pending,
22,Denver Employees,CO,2012.0,151.0,2.665046e+06,pending,
22,Denver Employees,CO,2013.0,151.0,2.665046e+06,pending,
22,Denver Employees,CO,2014.0,151.0,2.665046e+06,pending,
22,Denver Employees,CO,2015.0,151.0,2.665046e+06,pending,
22,Denver Employees,CO,2016.0,151.0,2.665046e+06,pending,
22,Denver Employees,CO,2017.0,151.0,2.665046e+06,pending,
22,Denver Employees,CO,2018.0,151.0,2.665046e+06,pending,
22,Denver Employees,CO,2019.0,151.0,2.665046e+06,pending,
22,Denver Employees,CO,2020.0,151.0,2.665046e+06,pending,
22,Denver Employees,CO,2021.0,151.0,2.665046e+06,pending,
127,Arizona State Corrections Officers,AZ,2001.0,152.0,2.599233e+06,pending,
127,Arizona State Corrections Officers,AZ,2002.0,152.0,2.599233e+06,pending,
127,Arizona State Corrections Officers,AZ,2003.0,152.0,2.599233e+06,pending,
127,Arizona State Corrections Officers,AZ,2004.0,152.0,2.599233e+06,pending,
127,Arizona State Corrections Officers,AZ,2005.0,152.0,2.599233e+06,pending,
127,Arizona State Corrections Officers,AZ,2006.0,152.0,2.599233e+06,pending,
127,Arizona State Corrections Officers,AZ,2007.0,152.0,2.599233e+06,pending,
127,Arizona State Corrections Officers,AZ,2008.0,152.0,2.599233e+06,pending,
127,Arizona State Corrections Officers,AZ,2009.0,152.0,2.599233e+06,pending,
127,Arizona State Corrections Officers,AZ,2010.0,152.0,2.599233e+06,pending,
127,Arizona State Corrections Officers,AZ,2011.0,152.0,2.599233e+06,pending,
127,Arizona State Corrections Officers,AZ,2012.0,152.0,2.599233e+06,pending,
127,Arizona State Corrections Officers,AZ,2013.0,152.0,2.599233e+06,pending,
127,Arizona State Corrections Officers,AZ,2014.0,152.0,2.599233e+06,pending,
127,Arizona State Corrections Officers,AZ,2015.0,152.0,2.599233e+06,pending,
127,Arizona State Corrections Officers,AZ,2016.0,152.0,2.599233e+06,pending,
127,Arizona State Corrections Officers,AZ,2017.0,152.0,2.599233e+06,pending,
127,Arizona State Corrections Officers,AZ,2018.0,152.0,2.599233e+06,pending,
127,Arizona State Corrections Officers,AZ,2019.0,152.0,2.599233e+06,pending,
127,Arizona State Corrections Officers,AZ,2020.0,152.0,2.599233e+06,pending,
127,Arizona State Corrections Officers,AZ,2021.0,152.0,2.599233e+06,pending,
212,Jacksonville Police and Fire,FL,2004.0,153.0,2.4869e+06,pending,
212,Jacksonville Police and Fire,FL,2005.0,153.0,2.4869e+06,pending,
212,Jacksonville Police and Fire,FL,2006.0,153.0,2.4869e+06,pending,
212,Jacksonville Police and Fire,FL,2007.0,153.0,2.4869e+06,pending,
212,Jacksonville Police and Fire,FL,2008.0,153.0,2.4869e+06,pending,
212,Jacksonville Police and Fire,FL,2009.0,153.0,2.4869e+06,pending,
212,Jacksonville Police and Fire,FL,2010.0,153.0,2.4869e+06,pending,
212,Jacksonville Police and Fire,FL,2011.0,153.0,2.4869e+06,pending,
212,Jacksonville Police and Fire,FL,2012.0,153.0,2.4869e+06,pending,
212,Jacksonville Police and Fire,FL,2013.0,153.0,2.4869e+06,pending,
212,Jacksonville Police and Fire,FL,2014.0,153.0,2.4869e+06,pending,
212,Jacksonville Police and Fire,FL,2015.0,153.0,2.4869e+06,pending,
212,Jacksonville Police and Fire,FL,2016.0,153.0,2.4869e+06,pending,
212,Jacksonville Police and Fire,FL,2017.0,153.0,2.4869e+06,pending,
212,Jacksonville Police and Fire,FL,2018.0,153.0,2.4869e+06,pending,
212,Jacksonville Police and Fire,FL,2019.0,153.0,2.4869e+06,pending,
212,Jacksonville Police and Fire,FL,2020.0,153.0,2.4869e+06,pending,
212,Jacksonville Police and Fire,FL,2021.0,153.0,2.4869e+06,pending,
113,Vermont State Employees,VT,2003.0,154.0,2.4252225e+06,pending,
113,Vermont State Employees,VT,2004.0,154.0,2.4252225e+06,pending,
113,Vermont State Employees,VT,2005.0,154.0,2.4252225e+06,pending,
113,Vermont State Employees,VT,2006.0,154.0,2.4252225e+06,pending,
113,Vermont State Employees,VT,2007.0,154.0,2.4252225e+06,pending,
113,Vermont State Employees,VT,2008.0,154.0,2.4252225e+06,pending,
113,Vermont State Employees,VT,2009.0,154.0,2.4252225e+06,pending,
113,Vermont State Employees,VT,2010.0,154.0,2.4252225e+06,pending,
113,Vermont State Employees,VT,2011.0,154.0,2.4252225e+06,pending,
113,Vermont State Employees,VT,2012.0,154.0,2.4252225e+06,pending,
113,Vermont State Employees,VT,2013.0,154.0,2.4252225e+06,pending,
113,Vermont State Employees,VT,2014.0,154.0,2.4252225e+06,pending,
113,Vermont State Employees,VT,2015.0,154.0,2.4252225e+06,pending,
113,Vermont State Employees,VT,2016.0,154.0,2.4252225e+06,pending,
113,Vermont State Employees,VT,2017.0,154.0,2.4252225e+06,pending,
113,Vermont State Employees,VT,2018.0,154.0,2.4252225e+06,pending,
113,Vermont State Employees,VT,2019.0,154.0,2.4252225e+06,pending,
113,Vermont State Employees,VT,2020.0,154.0,2.4252225e+06,pending,
113,Vermont State Employees,VT,2021.0,154.0,2.4252225e+06,pending,
114,Vermont Teachers,VT,2003.0,155.0,2.4227935e+06,pending,
114,Vermont Teachers,VT,2004.0,155.0,2.4227935e+06,pending,
114,Vermont Teachers,VT,2005.0,155.0,2.4227935e+06,pending,
114,Vermont Teachers,VT,2006.0,155.0,2.4227935e+06,pending,
114,Vermont Teachers,VT,2007.0,155.0,2.4227935e+06,pending,
114,Vermont Teachers,VT,2008.0,155.0,2.4227935e+06,pending,
114,Vermont Teachers,VT,2009.0,155.0,2.4227935e+06,pending,
114,Vermont Teachers,VT,2010.0,155.0,2.4227935e+06,pending,
114,Vermont Teachers,VT,2011.0,155.0,2.4227935e+06,pending,
114,Vermont Teachers,VT,2012.0,155.0,2.4227935e+06,pending,
114,Vermont Teachers,VT,2013.0,155.0,2.4227935e+06,pending,
114,Vermont Teachers,VT,2014.0,155.0,2.4227935e+06,pending,
114,Vermont Teachers,VT,2015.0,155.0,2.4227935e+06,pending,
114,Vermont Teachers,VT,2016.0,155.0,2.4227935e+06,pending,
114,Vermont Teachers,VT,2017.0,155.0,2.4227935e+06,pending,
114,Vermont Teachers,VT,2018.0,155.0,2.4227935e+06,pending,
114,Vermont Teachers,VT,2019.0,155.0,2.4227935e+06,pending,
114,Vermont Teachers,VT,2020.0,155.0,2.4227935e+06,pending,
114,Vermont Teachers,VT,2021.0,155.0,2.4227935e+06,pending,
159,Jacksonville ERS,FL,2010.0,156.0,2.29967e+06,pending,
159,Jacksonville ERS,FL,2011.0,156.0,2.29967e+06,pending,
159,Jacksonville ERS,FL,2012.0,156.0,2.29967e+06,pending,
159,Jacksonville ERS,FL,2013.0,156.0,2.29967e+06,pending,
159,Jacksonville ERS,FL,2014.0,156.0,2.29967e+06,pending,
159,Jacksonville ERS,FL,2015.0,156.0,2.29967e+06,pending,
159,Jacksonville ERS,FL,2016.0,156.0,2.29967e+06,pending,
159,Jacksonville ERS,FL,2017.0,156.0,2.29967e+06,pending,
159,Jacksonville ERS,FL,2018.0,156.0,2.29967e+06,pending,
159,Jacksonville ERS,FL,2019.0,156.0,2.29967e+06,pending,
159,Jacksonville ERS,FL,2020.0,156.0,2.29967e+06,pending,
159,Jacksonville ERS,FL,2021.0,156.0,2.29967e+06,pending,
131,Louisiana Schools,LA,2004.0,157.0,2.2430572e+06,pending,
131,Louisiana Schools,LA,2006.0,157.0,2.2430572e+06,pending,
131,Louisiana Schools,LA,2007.0,157.0,2.2430572e+06,pending,
131,Louisiana Schools,LA,2008.0,157.0,2.2430572e+06,pending,
131,Louisiana Schools,LA,2009.0,157.0,2.2430572e+06,pending,
131,Louisiana Schools,LA,2010.0,157.0,2.2430572e+06,pending,
131,Louisiana Schools,LA,2011.0,157.0,2.2430572e+06,pending,
131,Louisiana Schools,LA,2012.0,157.0,2.2430572e+06,pending,
131,Louisiana Schools,LA,2013.0,157.0,2.2430572e+06,pending,
131,Louisiana Schools,LA,2014.0,157.0,2.2430572e+06,pending,
131,Louisiana Schools,LA,2015.0,157.0,2.2430572e+06,pending,
131,Louisiana Schools,LA,2016.0,157.0,2.2430572e+06,pending,
131,Louisiana Schools,LA,2017.0,157.0,2.2430572e+06,pending,
131,Louisiana Schools,LA,2018.0,157.0,2.2430572e+06,pending,
131,Louisiana Schools,LA,2019.0,157.0,2.2430572e+06,pending,
131,Louisiana Schools,LA,2020.0,157.0,2.2430572e+06,pending,
131,Louisiana Schools,LA,2021.0,157.0,2.2430572e+06,pending,
153,Dallas Police and Fire,TX,2001.0,158.0,2.1765012e+06,pending,
153,Dallas Police and Fire,TX,2002.0,158.0,2.1765012e+06,pending,
153,Dallas Police and Fire,TX,2003.0,158.0,2.1765012e+06,pending,
153,Dallas Police and Fire,TX,2004.0,158.0,2.1765012e+06,pending,
153,Dallas Police and Fire,TX,2005.0,158.0,2.1765012e+06,pending,
153,Dallas Police and Fire,TX,2006.0,158.0,2.1765012e+06,pending,
153,Dallas Police and Fire,TX,2007.0,158.0,2.1765012e+06,pending,
153,Dallas Police and Fire,TX,2008.0,158.0,2.1765012e+06,pending,
153,Dallas Police and Fire,TX,2009.0,158.0,2.1765012e+06,pending,
153,Dallas Police and Fire,TX,2010.0,158.0,2.1765012e+06,pending,
153,Dallas Police and Fire,TX,2011.0,158.0,2.1765012e+06,pending,
153,Dallas Police and Fire,TX,2012.0,158.0,2.1765012e+06,pending,
153,Dallas Police and Fire,TX,2013.0,158.0,2.1765012e+06,pending,
153,Dallas Police and Fire,TX,2014.0,158.0,2.1765012e+06,pending,
153,Dallas Police and Fire,TX,2015.0,158.0,2.1765012e+06,pending,
153,Dallas Police and Fire,TX,2016.0,158.0,2.1765012e+06,pending,
153,Dallas Police and Fire,TX,2017.0,158.0,2.1765012e+06,pending,
153,Dallas Police and Fire,TX,2018.0,158.0,2.1765012e+06,pending,
153,Dallas Police and Fire,TX,2019.0,158.0,2.1765012e+06,pending,
153,Dallas Police and Fire,TX,2020.0,158.0,2.1765012e+06,pending,
153,Dallas Police and Fire,TX,2021.0,158.0,2.1765012e+06,pending,
218,Fairfax County Uniformed,VA,2002.0,159.0,2.1650255e+06,pending,
218,Fairfax County Uniformed,VA,2003.0,159.0,2.1650255e+06,pending,
218,Fairfax County Uniformed,VA,2004.0,159.0,2.1650255e+06,pending,
218,Fairfax County Uniformed,VA,2005.0,159.0,2.1650255e+06,pending,
218,Fairfax County Uniformed,VA,2006.0,159.0,2.1650255e+06,pending,
218,Fairfax County Uniformed,VA,2007.0,159.0,2.1650255e+06,pending,
218,Fairfax County Uniformed,VA,2008.0,159.0,2.1650255e+06,pending,
218,Fairfax County Uniformed,VA,2009.0,159.0,2.1650255e+06,pending,
218,Fairfax County Uniformed,VA,2010.0,159.0,2.1650255e+06,pending,
218,Fairfax County Uniformed,VA,2011.0,159.0,2.1650255e+06,pending,
218,Fairfax County Uniformed,VA,2012.0,159.0,2.1650255e+06,pending,
218,Fairfax County Uniformed,VA,2013.0,159.0,2.1650255e+06,pending,
218,Fairfax County Uniformed,VA,2014.0,159.0,2.1650255e+06,pending,
218,Fairfax County Uniformed,VA,2015.0,159.0,2.1650255e+06,pending,
218,Fairfax County Uniformed,VA,2016.0,159.0,2.1650255e+06,pending,
218,Fairfax County Uniformed,VA,2017.0,159.0,2.1650255e+06,pending,
218,Fairfax County Uniformed,VA,2018.0,159.0,2.1650255e+06,pending,
218,Fairfax County Uniformed,VA,2019.0,159.0,2.1650255e+06,pending,
218,Fairfax County Uniformed,VA,2020.0,159.0,2.1650255e+06,pending,
218,Fairfax County Uniformed,VA,2021.0,159.0,2.1650255e+06,pending,
213,Baltimore City Employees,MD,2007.0,160.0,2.105525e+06,pending,
213,Baltimore City Employees,MD,2008.0,160.0,2.105525e+06,pending,
213,Baltimore City Employees,MD,2009.0,160.0,2.105525e+06,pending,
213,Baltimore City Employees,MD,2010.0,160.0,2.105525e+06,pending,
213,Baltimore City Employees,MD,2011.0,160.0,2.105525e+06,pending,
213,Baltimore City Employees,MD,2012.0,160.0,2.105525e+06,pending,
213,Baltimore City Employees,MD,2013.0,160.0,2.105525e+06,pending,
213,Baltimore City Employees,MD,2014.0,160.0,2.105525e+06,pending,
213,Baltimore City Employees,MD,2015.0,160.0,2.105525e+06,pending,
213,Baltimore City Employees,MD,2016.0,160.0,2.105525e+06,pending,
213,Baltimore City Employees,MD,2017.0,160.0,2.105525e+06,pending,
213,Baltimore City Employees,MD,2018.0,160.0,2.105525e+06,pending,
213,Baltimore City Employees,MD,2019.0,160.0,2.105525e+06,pending,
213,Baltimore City Employees,MD,2020.0,160.0,2.105525e+06,pending,
213,Baltimore City Employees,MD,2021.0,160.0,2.105525e+06,pending,
96,Rhode Island Municipal,RI,2005.0,161.0,2.0795506e+06,pending,
96,Rhode Island Municipal,RI,2006.0,161.0,2.0795506e+06,pending,
96,Rhode Island Municipal,RI,2007.0,161.0,2.0795506e+06,pending,
96,Rhode Island Municipal,RI,2008.0,161.0,2.0795506e+06,pending,
96,Rhode Island Municipal,RI,2009.0,161.0,2.0795506e+06,pending,
96,Rhode Island Municipal,RI,2010.0,161.0,2.0795506e+06,pending,
96,Rhode Island Municipal,RI,2011.0,161.0,2.0795506e+06,pending,
96,Rhode Island Municipal,RI,2012.0,161.0,2.0795506e+06,pending,
96,Rhode Island Municipal,RI,2013.0,161.0,2.0795506e+06,pending,
96,Rhode Island Municipal,RI,2014.0,161.0,2.0795506e+06,pending,
96,Rhode Island Municipal,RI,2015.0,161.0,2.0795506e+06,pending,
96,Rhode Island Municipal,RI,2016.0,161.0,2.0795506e+06,pending,
96,Rhode Island Municipal,RI,2017.0,161.0,2.0795506e+06,pending,
96,Rhode Island Municipal,RI,2018.0,161.0,2.0795506e+06,pending,
96,Rhode Island Municipal,RI,2019.0,161.0,2.0795506e+06,pending,
96,Rhode Island Municipal,RI,2020.0,161.0,2.0795506e+06,pending,
96,Rhode Island Municipal,RI,2021.0,161.0,2.0795506e+06,pending,
165,Detroit General RS,MI,2001.0,162.0,2.0768531e+06,pending,
165,Detroit General RS,MI,2002.0,162.0,2.0768531e+06,pending,
165,Detroit General RS,MI,2003.0,162.0,2.0768531e+06,pending,
165,Detroit General RS,MI,2004.0,162.0,2.0768531e+06,pending,
165,Detroit General RS,MI,2005.0,162.0,2.0768531e+06,pending,
165,Detroit General RS,MI,2006.0,162.0,2.0768531e+06,pending,
165,Detroit General RS,MI,2007.0,162.0,2.0768531e+06,pending,
165,Detroit General RS,MI,2008.0,162.0,2.0768531e+06,pending,
165,Detroit General RS,MI,2009.0,162.0,2.0768531e+06,pending,
165,Detroit General RS,MI,2010.0,162.0,2.0768531e+06,pending,
165,Detroit General RS,MI,2011.0,162.0,2.0768531e+06,pending,
165,Detroit General RS,MI,2012.0,162.0,2.0768531e+06,pending,
165,Detroit General RS,MI,2013.0,162.0,2.0768531e+06,pending,
165,Detroit General RS,MI,2014.0,162.0,2.0768531e+06,pending,
165,Detroit General RS,MI,2015.0,162.0,2.0768531e+06,pending,
165,Detroit General RS,MI,2016.0,162.0,2.0768531e+06,pending,
165,Detroit General RS,MI,2017.0,162.0,2.0768531e+06,pending,
165,Detroit General RS,MI,2018.0,162.0,2.0768531e+06,pending,
165,Detroit General RS,MI,2019.0,162.0,2.0768531e+06,pending,
165,Detroit General RS,MI,2020.0,162.0,2.0768531e+06,pending,
165,Detroit General RS,MI,2021.0,162.0,2.0768531e+06,pending,
167,Milwaukee County ERS,WI,2001.0,163.0,1.9703675e+06,pending,
167,Milwaukee County ERS,WI,2002.0,163.0,1.9703675e+06,pending,
167,Milwaukee County ERS,WI,2003.0,163.0,1.9703675e+06,pending,
167,Milwaukee County ERS,WI,2004.0,163.0,1.9703675e+06,pending,
167,Milwaukee County ERS,WI,2005.0,163.0,1.9703675e+06,pending,
167,Milwaukee County ERS,WI,2006.0,163.0,1.9703675e+06,pending,
167,Milwaukee County ERS,WI,2007.0,163.0,1.9703675e+06,pending,
167,Milwaukee County ERS,WI,2008.0,163.0,1.9703675e+06,pending,
167,Milwaukee County ERS,WI,2009.0,163.0,1.9703675e+06,pending,
167,Milwaukee County ERS,WI,2010.0,163.0,1.9703675e+06,pending,
167,Milwaukee County ERS,WI,2011.0,163.0,1.9703675e+06,pending,
167,Milwaukee County ERS,WI,2012.0,163.0,1.9703675e+06,pending,
167,Milwaukee County ERS,WI,2013.0,163.0,1.9703675e+06,pending,
167,Milwaukee County ERS,WI,2014.0,163.0,1.9703675e+06,pending,
167,Milwaukee County ERS,WI,2015.0,163.0,1.9703675e+06,pending,
167,Milwaukee County ERS,WI,2016.0,163.0,1.9703675e+06,pending,
167,Milwaukee County ERS,WI,2017.0,163.0,1.9703675e+06,pending,
167,Milwaukee County ERS,WI,2018.0,163.0,1.9703675e+06,pending,
167,Milwaukee County ERS,WI,2019.0,163.0,1.9703675e+06,pending,
167,Milwaukee County ERS,WI,2020.0,163.0,1.9703675e+06,pending,
167,Milwaukee County ERS,WI,2021.0,163.0,1.9703675e+06,pending,
160,Cincinnati ERS,OH,2009.0,164.0,1.922316e+06,pending,
160,Cincinnati ERS,OH,2010.0,164.0,1.922316e+06,pending,
160,Cincinnati ERS,OH,2011.0,164.0,1.922316e+06,pending,
160,Cincinnati ERS,OH,2012.0,164.0,1.922316e+06,pending,
160,Cincinnati ERS,OH,2013.0,164.0,1.922316e+06,pending,
160,Cincinnati ERS,OH,2014.0,164.0,1.922316e+06,pending,
160,Cincinnati ERS,OH,2015.0,164.0,1.922316e+06,pending,
160,Cincinnati ERS,OH,2016.0,164.0,1.922316e+06,pending,
160,Cincinnati ERS,OH,2017.0,164.0,1.922316e+06,pending,
160,Cincinnati ERS,OH,2018.0,164.0,1.922316e+06,pending,
160,Cincinnati ERS,OH,2019.0,164.0,1.922316e+06,pending,
160,Cincinnati ERS,OH,2020.0,164.0,1.922316e+06,pending,
160,Cincinnati ERS,OH,2021.0,164.0,1.922316e+06,pending,
161,Atlanta ERS,GA,2011.0,165.0,1.909699e+06,pending,
161,Atlanta ERS,GA,2012.0,165.0,1.909699e+06,pending,
161,Atlanta ERS,GA,2013.0,165.0,1.909699e+06,pending,
161,Atlanta ERS,GA,2014.0,165.0,1.909699e+06,pending,
161,Atlanta ERS,GA,2015.0,165.0,1.909699e+06,pending,
161,Atlanta ERS,GA,2016.0,165.0,1.909699e+06,pending,
161,Atlanta ERS,GA,2017.0,165.0,1.909699e+06,pending,
161,Atlanta ERS,GA,2018.0,165.0,1.909699e+06,pending,
161,Atlanta ERS,GA,2019.0,165.0,1.909699e+06,pending,
161,Atlanta ERS,GA,2020.0,165.0,1.909699e+06,pending,
161,Atlanta ERS,GA,2021.0,165.0,1.909699e+06,pending,
214,Fairfax County Police,VA,2001.0,166.0,1.8081895e+06,pending,
214,Fairfax County Police,VA,2002.0,166.0,1.8081895e+06,pending,
214,Fairfax County Police,VA,2003.0,166.0,1.8081895e+06,pending,
214,Fairfax County Police,VA,2004.0,166.0,1.8081895e+06,pending,
214,Fairfax County Police,VA,2005.0,166.0,1.8081895e+06,pending,
214,Fairfax County Police,VA,2006.0,166.0,1.8081895e+06,pending,
214,Fairfax County Police,VA,2007.0,166.0,1.8081895e+06,pending,
214,Fairfax County Police,VA,2008.0,166.0,1.8081895e+06,pending,
214,Fairfax County Police,VA,2009.0,166.0,1.8081895e+06,pending,
214,Fairfax County Police,VA,2010.0,166.0,1.8081895e+06,pending,
214,Fairfax County Police,VA,2011.0,166.0,1.8081895e+06,pending,
214,Fairfax County Police,VA,2012.0,166.0,1.8081895e+06,pending,
214,Fairfax County Police,VA,2013.0,166.0,1.8081895e+06,pending,
214,Fairfax County Police,VA,2014.0,166.0,1.8081895e+06,pending,
214,Fairfax County Police,VA,2015.0,166.0,1.8081895e+06,pending,
214,Fairfax County Police,VA,2016.0,166.0,1.8081895e+06,pending,
214,Fairfax County Police,VA,2017.0,166.0,1.8081895e+06,pending,
214,Fairfax County Police,VA,2018.0,166.0,1.8081895e+06,pending,
214,Fairfax County Police,VA,2019.0,166.0,1.8081895e+06,pending,
214,Fairfax County Police,VA,2020.0,166.0,1.8081895e+06,pending,
214,Fairfax County Police,VA,2021.0,166.0,1.8081895e+06,pending,
168,Miami Fire and Police,FL,2001.0,167.0,1.7837686e+06,pending,
168,Miami Fire and Police,FL,2002.0,167.0,1.7837686e+06,pending,
168,Miami Fire and Police,FL,2003.0,167.0,1.7837686e+06,pending,
168,Miami Fire and Police,FL,2004.0,167.0,1.7837686e+06,pending,
168,Miami Fire and Police,FL,2005.0,167.0,1.7837686e+06,pending,
168,Miami Fire and Police,FL,2006.0,167.0,1.7837686e+06,pending,
168,Miami Fire and Police,FL,2007.0,167.0,1.7837686e+06,pending,
168,Miami Fire and Police,FL,2008.0,167.0,1.7837686e+06,pending,
168,Miami Fire and Police,FL,2009.0,167.0,1.7837686e+06,pending,
168,Miami Fire and Police,FL,2010.0,167.0,1.7837686e+06,pending,
168,Miami Fire and Police,FL,2011.0,167.0,1.7837686e+06,pending,
168,Miami Fire and Police,FL,2012.0,167.0,1.7837686e+06,pending,
168,Miami Fire and Police,FL,2013.0,167.0,1.7837686e+06,pending,
168,Miami Fire and Police,FL,2014.0,167.0,1.7837686e+06,pending,
168,Miami Fire and Police,FL,2015.0,167.0,1.7837686e+06,pending,
168,Miami Fire and Police,FL,2016.0,167.0,1.7837686e+06,pending,
168,Miami Fire and Police,FL,2017.0,167.0,1.7837686e+06,pending,
168,Miami Fire and Police,FL,2018.0,167.0,1.7837686e+06,pending,
168,Miami Fire and Police,FL,2019.0,167.0,1.7837686e+06,pending,
168,Miami Fire and Police,FL,2020.0,167.0,1.7837686e+06,pending,
168,Miami Fire and Police,FL,2021.0,167.0,1.7837686e+06,pending,
162,Omaha School,NE,2001.0,168.0,1.633741e+06,pending,
162,Omaha School,NE,2002.0,168.0,1.633741e+06,pending,
162,Omaha School,NE,2003.0,168.0,1.633741e+06,pending,
162,Omaha School,NE,2004.0,168.0,1.633741e+06,pending,
162,Omaha School,NE,2007.0,168.0,1.633741e+06,pending,
162,Omaha School,NE,2008.0,168.0,1.633741e+06,pending,
162,Omaha School,NE,2009.0,168.0,1.633741e+06,pending,
162,Omaha School,NE,2010.0,168.0,1.633741e+06,pending,
162,Omaha School,NE,2011.0,168.0,1.633741e+06,pending,
162,Omaha School,NE,2012.0,168.0,1.633741e+06,pending,
162,Omaha School,NE,2013.0,168.0,1.633741e+06,pending,
162,Omaha School,NE,2014.0,168.0,1.633741e+06,pending,
162,Omaha School,NE,2015.0,168.0,1.633741e+06,pending,
162,Omaha School,NE,2016.0,168.0,1.633741e+06,pending,
162,Omaha School,NE,2017.0,168.0,1.633741e+06,pending,
162,Omaha School,NE,2018.0,168.0,1.633741e+06,pending,
162,Omaha School,NE,2019.0,168.0,1.633741e+06,pending,
162,Omaha School,NE,2020.0,168.0,1.633741e+06,pending,
162,Omaha School,NE,2021.0,168.0,1.633741e+06,pending,
173,Atlanta Police,GA,2006.0,169.0,1.501624e+06,pending,
173,Atlanta Police,GA,2007.0,169.0,1.501624e+06,pending,
173,Atlanta Police,GA,2008.0,169.0,1.501624e+06,pending,
173,Atlanta Police,GA,2009.0,169.0,1.501624e+06,pending,
173,Atlanta Police,GA,2010.0,169.0,1.501624e+06,pending,
173,Atlanta Police,GA,2011.0,169.0,1.501624e+06,pending,
173,Atlanta Police,GA,2012.0,169.0,1.501624e+06,pending,
173,Atlanta Police,GA,2013.0,169.0,1.501624e+06,pending,
173,Atlanta Police,GA,2014.0,169.0,1.501624e+06,pending,
173,Atlanta Police,GA,2015.0,169.0,1.501624e+06,pending,
173,Atlanta Police,GA,2016.0,169.0,1.501624e+06,pending,
173,Atlanta Police,GA,2017.0,169.0,1.501624e+06,pending,
173,Atlanta Police,GA,2018.0,169.0,1.501624e+06,pending,
173,Atlanta Police,GA,2019.0,169.0,1.501624e+06,pending,
173,Atlanta Police,GA,2020.0,169.0,1.501624e+06,pending,
173,Atlanta Police,GA,2021.0,169.0,1.501624e+06,pending,
206,Chicago Fire,IL,2002.0,170.0,1.4663979e+06,pending,
206,Chicago Fire,IL,2005.0,170.0,1.4663979e+06,pending,
206,Chicago Fire,IL,2010.0,170.0,1.4663979e+06,pending,
206,Chicago Fire,IL,2011.0,170.0,1.4663979e+06,pending,
206,Chicago Fire,IL,2012.0,170.0,1.4663979e+06,pending,
206,Chicago Fire,IL,2013.0,170.0,1.4663979e+06,pending,
206,Chicago Fire,IL,2014.0,170.0,1.4663979e+06,pending,
206,Chicago Fire,IL,2015.0,170.0,1.4663979e+06,pending,
206,Chicago Fire,IL,2016.0,170.0,1.4663979e+06,pending,
206,Chicago Fire,IL,2017.0,170.0,1.4663979e+06,pending,
206,Chicago Fire,IL,2018.0,170.0,1.4663979e+06,pending,
206,Chicago Fire,IL,2019.0,170.0,1.4663979e+06,pending,
206,Chicago Fire,IL,2020.0,170.0,1.4663979e+06,pending,
206,Chicago Fire,IL,2021.0,170.0,1.4663979e+06,pending,
163,Baton Rouge City-Parish ERS,LA,2004.0,171.0,1.415468e+06,pending,
163,Baton Rouge City-Parish ERS,LA,2005.0,171.0,1.415468e+06,pending,
163,Baton Rouge City-Parish ERS,LA,2006.0,171.0,1.415468e+06,pending,
163,Baton Rouge City-Parish ERS,LA,2007.0,171.0,1.415468e+06,pending,
163,Baton Rouge City-Parish ERS,LA,2008.0,171.0,1.415468e+06,pending,
163,Baton Rouge City-Parish ERS,LA,2009.0,171.0,1.415468e+06,pending,
163,Baton Rouge City-Parish ERS,LA,2010.0,171.0,1.415468e+06,pending,
163,Baton Rouge City-Parish ERS,LA,2011.0,171.0,1.415468e+06,pending,
163,Baton Rouge City-Parish ERS,LA,2012.0,171.0,1.415468e+06,pending,
163,Baton Rouge City-Parish ERS,LA,2013.0,171.0,1.415468e+06,pending,
163,Baton Rouge City-Parish ERS,LA,2014.0,171.0,1.415468e+06,pending,
163,Baton Rouge City-Parish ERS,LA,2015.0,171.0,1.415468e+06,pending,
163,Baton Rouge City-Parish ERS,LA,2016.0,171.0,1.415468e+06,pending,
163,Baton Rouge City-Parish ERS,LA,2017.0,171.0,1.415468e+06,pending,
163,Baton Rouge City-Parish ERS,LA,2018.0,171.0,1.415468e+06,pending,
163,Baton Rouge City-Parish ERS,LA,2019.0,171.0,1.415468e+06,pending,
163,Baton Rouge City-Parish ERS,LA,2020.0,171.0,1.415468e+06,pending,
163,Baton Rouge City-Parish ERS,LA,2021.0,171.0,1.415468e+06,pending,
175,Kansas City (MO) ERS,MO,2001.0,172.0,1.3406624e+06,pending,
175,Kansas City (MO) ERS,MO,2002.0,172.0,1.3406624e+06,pending,
175,Kansas City (MO) ERS,MO,2003.0,172.0,1.3406624e+06,pending,
175,Kansas City (MO) ERS,MO,2004.0,172.0,1.3406624e+06,pending,
175,Kansas City (MO) ERS,MO,2005.0,172.0,1.3406624e+06,pending,
175,Kansas City (MO) ERS,MO,2006.0,172.0,1.3406624e+06,pending,
175,Kansas City (MO) ERS,MO,2007.0,172.0,1.3406624e+06,pending,
175,Kansas City (MO) ERS,MO,2008.0,172.0,1.3406624e+06,pending,
175,Kansas City (MO) ERS,MO,2009.0,172.0,1.3406624e+06,pending,
175,Kansas City (MO) ERS,MO,2010.0,172.0,1.3406624e+06,pending,
175,Kansas City (MO) ERS,MO,2011.0,172.0,1.3406624e+06,pending,
175,Kansas City (MO) ERS,MO,2012.0,172.0,1.3406624e+06,pending,
175,Kansas City (MO) ERS,MO,2013.0,172.0,1.3406624e+06,pending,
175,Kansas City (MO) ERS,MO,2014.0,172.0,1.3406624e+06,pending,
175,Kansas City (MO) ERS,MO,2015.0,172.0,1.3406624e+06,pending,
175,Kansas City (MO) ERS,MO,2016.0,172.0,1.3406624e+06,pending,
175,Kansas City (MO) ERS,MO,2017.0,172.0,1.3406624e+06,pending,
175,Kansas City (MO) ERS,MO,2018.0,172.0,1.3406624e+06,pending,
175,Kansas City (MO) ERS,MO,2019.0,172.0,1.3406624e+06,pending,
175,Kansas City (MO) ERS,MO,2020.0,172.0,1.3406624e+06,pending,
175,Kansas City (MO) ERS,MO,2021.0,172.0,1.3406624e+06,pending,
215,Chicago Laborers,IL,2004.0,173.0,1.3341018e+06,pending,
215,Chicago Laborers,IL,2005.0,173.0,1.3341018e+06,pending,
215,Chicago Laborers,IL,2006.0,173.0,1.3341018e+06,pending,
215,Chicago Laborers,IL,2007.0,173.0,1.3341018e+06,pending,
215,Chicago Laborers,IL,2008.0,173.0,1.3341018e+06,pending,
215,Chicago Laborers,IL,2009.0,173.0,1.3341018e+06,pending,
215,Chicago Laborers,IL,2010.0,173.0,1.3341018e+06,pending,
215,Chicago Laborers,IL,2011.0,173.0,1.3341018e+06,pending,
215,Chicago Laborers,IL,2012.0,173.0,1.3341018e+06,pending,
215,Chicago Laborers,IL,2013.0,173.0,1.3341018e+06,pending,
215,Chicago Laborers,IL,2014.0,173.0,1.3341018e+06,pending,
215,Chicago Laborers,IL,2015.0,173.0,1.3341018e+06,pending,
215,Chicago Laborers,IL,2016.0,173.0,1.3341018e+06,pending,
215,Chicago Laborers,IL,2017.0,173.0,1.3341018e+06,pending,
215,Chicago Laborers,IL,2018.0,173.0,1.3341018e+06,pending,
215,Chicago Laborers,IL,2019.0,173.0,1.3341018e+06,pending,
215,Chicago Laborers,IL,2020.0,173.0,1.3341018e+06,pending,
215,Chicago Laborers,IL,2021.0,173.0,1.3341018e+06,pending,
216,Austin Fire,TX,2015.0,174.0,1.3035445e+06,pending,
216,Austin Fire,TX,2016.0,174.0,1.3035445e+06,pending,
216,Austin Fire,TX,2017.0,174.0,1.3035445e+06,pending,
216,Austin Fire,TX,2018.0,174.0,1.3035445e+06,pending,
216,Austin Fire,TX,2019.0,174.0,1.3035445e+06,pending,
216,Austin Fire,TX,2020.0,174.0,1.3035445e+06,pending,
216,Austin Fire,TX,2021.0,174.0,1.3035445e+06,pending,
103,St. Paul Teachers,MN,2001.0,175.0,1.2950642e+06,pending,
103,St. Paul Teachers,MN,2002.0,175.0,1.2950642e+06,pending,
103,St. Paul Teachers,MN,2003.0,175.0,1.2950642e+06,pending,
103,St. Paul Teachers,MN,2004.0,175.0,1.2950642e+06,pending,
103,St. Paul Teachers,MN,2005.0,175.0,1.2950642e+06,pending,
103,St. Paul Teachers,MN,2006.0,175.0,1.2950642e+06,pending,
103,St. Paul Teachers,MN,2007.0,175.0,1.2950642e+06,pending,
103,St. Paul Teachers,MN,2008.0,175.0,1.2950642e+06,pending,
103,St. Paul Teachers,MN,2009.0,175.0,1.2950642e+06,pending,
103,St. Paul Teachers,MN,2010.0,175.0,1.2950642e+06,pending,
103,St. Paul Teachers,MN,2011.0,175.0,1.2950642e+06,pending,
103,St. Paul Teachers,MN,2012.0,175.0,1.2950642e+06,pending,
103,St. Paul Teachers,MN,2013.0,175.0,1.2950642e+06,pending,
103,St. Paul Teachers,MN,2014.0,175.0,1.2950642e+06,pending,
103,St. Paul Teachers,MN,2015.0,175.0,1.2950642e+06,pending,
103,St. Paul Teachers,MN,2016.0,175.0,1.2950642e+06,pending,
103,St. Paul Teachers,MN,2017.0,175.0,1.2950642e+06,pending,
103,St. Paul Teachers,MN,2018.0,175.0,1.2950642e+06,pending,
103,St. Paul Teachers,MN,2019.0,175.0,1.2950642e+06,pending,
103,St. Paul Teachers,MN,2020.0,175.0,1.2950642e+06,pending,
103,St. Paul Teachers,MN,2021.0,175.0,1.2950642e+06,pending,
171,Birmingham RRS,AL,2015.0,176.0,1.240787e+06,pending,
171,Birmingham RRS,AL,2016.0,176.0,1.240787e+06,pending,
171,Birmingham RRS,AL,2017.0,176.0,1.240787e+06,pending,
171,Birmingham RRS,AL,2018.0,176.0,1.240787e+06,pending,
171,Birmingham RRS,AL,2019.0,176.0,1.240787e+06,pending,
171,Birmingham RRS,AL,2020.0,176.0,1.240787e+06,pending,
171,Birmingham RRS,AL,2021.0,176.0,1.240787e+06,pending,
170,Hartford MERF,CT,2013.0,177.0,1.199856e+06,pending,
170,Hartford MERF,CT,2014.0,177.0,1.199856e+06,pending,
170,Hartford MERF,CT,2015.0,177.0,1.199856e+06,pending,
170,Hartford MERF,CT,2016.0,177.0,1.199856e+06,pending,
170,Hartford MERF,CT,2017.0,177.0,1.199856e+06,pending,
170,Hartford MERF,CT,2018.0,177.0,1.199856e+06,pending,
170,Hartford MERF,CT,2019.0,177.0,1.199856e+06,pending,
170,Hartford MERF,CT,2020.0,177.0,1.199856e+06,pending,
170,Hartford MERF,CT,2021.0,177.0,1.199856e+06,pending,
197,Louisiana Municipal Employees,LA,2018.0,178.0,1.1954681e+06,pending,
197,Louisiana Municipal Employees,LA,2019.0,178.0,1.1954681e+06,pending,
197,Louisiana Municipal Employees,LA,2020.0,178.0,1.1954681e+06,pending,
197,Louisiana Municipal Employees,LA,2021.0,178.0,1.1954681e+06,pending,
106,Texas LECOS,TX,2003.0,179.0,1.1160414e+06,pending,
106,Texas LECOS,TX,2004.0,179.0,1.1160414e+06,pending,
106,Texas LECOS,TX,2005.0,179.0,1.1160414e+06,pending,
106,Texas LECOS,TX,2006.0,179.0,1.1160414e+06,pending,
106,Texas LECOS,TX,2007.0,179.0,1.1160414e+06,pending,
106,Texas LECOS,TX,2008.0,179.0,1.1160414e+06,pending,
106,Texas LECOS,TX,2009.0,179.0,1.1160414e+06,pending,
106,Texas LECOS,TX,2010.0,179.0,1.1160414e+06,pending,
106,Texas LECOS,TX,2011.0,179.0,1.1160414e+06,pending,
106,Texas LECOS,TX,2012.0,179.0,1.1160414e+06,pending,
106,Texas LECOS,TX,2013.0,179.0,1.1160414e+06,pending,
106,Texas LECOS,TX,2014.0,179.0,1.1160414e+06,pending,
106,Texas LECOS,TX,2015.0,179.0,1.1160414e+06,pending,
106,Texas LECOS,TX,2016.0,179.0,1.1160414e+06,pending,
106,Texas LECOS,TX,2017.0,179.0,1.1160414e+06,pending,
106,Texas LECOS,TX,2018.0,179.0,1.1160414e+06,pending,
106,Texas LECOS,TX,2019.0,179.0,1.1160414e+06,pending,
106,Texas LECOS,TX,2020.0,179.0,1.1160414e+06,pending,
106,Texas LECOS,TX,2021.0,179.0,1.1160414e+06,pending,
217,Austin Police,TX,2001.0,180.0,1.080734e+06,pending,
217,Austin Police,TX,2002.0,180.0,1.080734e+06,pending,
217,Austin Police,TX,2003.0,180.0,1.080734e+06,pending,
217,Austin Police,TX,2004.0,180.0,1.080734e+06,pending,
217,Austin Police,TX,2005.0,180.0,1.080734e+06,pending,
217,Austin Police,TX,2006.0,180.0,1.080734e+06,pending,
217,Austin Police,TX,2007.0,180.0,1.080734e+06,pending,
217,Austin Police,TX,2008.0,180.0,1.080734e+06,pending,
217,Austin Police,TX,2009.0,180.0,1.080734e+06,pending,
217,Austin Police,TX,2010.0,180.0,1.080734e+06,pending,
217,Austin Police,TX,2011.0,180.0,1.080734e+06,pending,
217,Austin Police,TX,2012.0,180.0,1.080734e+06,pending,
217,Austin Police,TX,2013.0,180.0,1.080734e+06,pending,
217,Austin Police,TX,2014.0,180.0,1.080734e+06,pending,
217,Austin Police,TX,2015.0,180.0,1.080734e+06,pending,
217,Austin Police,TX,2016.0,180.0,1.080734e+06,pending,
217,Austin Police,TX,2017.0,180.0,1.080734e+06,pending,
217,Austin Police,TX,2018.0,180.0,1.080734e+06,pending,
217,Austin Police,TX,2019.0,180.0,1.080734e+06,pending,
217,Austin Police,TX,2020.0,180.0,1.080734e+06,pending,
217,Austin Police,TX,2021.0,180.0,1.080734e+06,pending,
222,Kansas City (MO) Police,MO,2017.0,181.0,1.0336429e+06,pending,
222,Kansas City (MO) Police,MO,2018.0,181.0,1.0336429e+06,pending,
222,Kansas City (MO) Police,MO,2019.0,181.0,1.0336429e+06,pending,
222,Kansas City (MO) Police,MO,2020.0,181.0,1.0336429e+06,pending,
222,Kansas City (MO) Police,MO,2021.0,181.0,1.0336429e+06,pending,
176,Tucson Supplemental RS,AZ,2002.0,182.0,1.0133803e+06,pending,
176,Tucson Supplemental RS,AZ,2003.0,182.0,1.0133803e+06,pending,
176,Tucson Supplemental RS,AZ,2004.0,182.0,1.0133803e+06,pending,
176,Tucson Supplemental RS,AZ,2005.0,182.0,1.0133803e+06,pending,
176,Tucson Supplemental RS,AZ,2006.0,182.0,1.0133803e+06,pending,
176,Tucson Supplemental RS,AZ,2007.0,182.0,1.0133803e+06,pending,
176,Tucson Supplemental RS,AZ,2008.0,182.0,1.0133803e+06,pending,
176,Tucson Supplemental RS,AZ,2009.0,182.0,1.0133803e+06,pending,
176,Tucson Supplemental RS,AZ,2010.0,182.0,1.0133803e+06,pending,
176,Tucson Supplemental RS,AZ,2011.0,182.0,1.0133803e+06,pending,
176,Tucson Supplemental RS,AZ,2012.0,182.0,1.0133803e+06,pending,
176,Tucson Supplemental RS,AZ,2013.0,182.0,1.0133803e+06,pending,
176,Tucson Supplemental RS,AZ,2014.0,182.0,1.0133803e+06,pending,
176,Tucson Supplemental RS,AZ,2015.0,182.0,1.0133803e+06,pending,
176,Tucson Supplemental RS,AZ,2016.0,182.0,1.0133803e+06,pending,
176,Tucson Supplemental RS,AZ,2017.0,182.0,1.0133803e+06,pending,
176,Tucson Supplemental RS,AZ,2018.0,182.0,1.0133803e+06,pending,
176,Tucson Supplemental RS,AZ,2019.0,182.0,1.0133803e+06,pending,
176,Tucson Supplemental RS,AZ,2020.0,182.0,1.0133803e+06,pending,
176,Tucson Supplemental RS,AZ,2021.0,182.0,1.0133803e+06,pending,
177,Lexington-Fayette County Police and Fire,KY,2015.0,183.0,995270.3,pending,
177,Lexington-Fayette County Police and Fire,KY,2016.0,183.0,995270.3,pending,
177,Lexington-Fayette County Police and Fire,KY,2017.0,183.0,995270.3,pending,
177,Lexington-Fayette County Police and Fire,KY,2018.0,183.0,995270.3,pending,
177,Lexington-Fayette County Police and Fire,KY,2019.0,183.0,995270.3,pending,
177,Lexington-Fayette County Police and Fire,KY,2020.0,183.0,995270.3,pending,
177,Lexington-Fayette County Police and Fire,KY,2021.0,183.0,995270.3,pending,
102,St. Louis School Employees,MO,2001.0,184.0,972827.6,pending,
102,St. Louis School Employees,MO,2002.0,184.0,972827.6,pending,
102,St. Louis School Employees,MO,2003.0,184.0,972827.6,pending,
102,St. Louis School Employees,MO,2004.0,184.0,972827.6,pending,
102,St. Louis School Employees,MO,2005.0,184.0,972827.6,pending,
102,St. Louis School Employees,MO,2006.0,184.0,972827.6,pending,
102,St. Louis School Employees,MO,2007.0,184.0,972827.6,pending,
102,St. Louis School Employees,MO,2008.0,184.0,972827.6,pending,
102,St. Louis School Employees,MO,2009.0,184.0,972827.6,pending,
102,St. Louis School Employees,MO,2010.0,184.0,972827.6,pending,
102,St. Louis School Employees,MO,2011.0,184.0,972827.6,pending,
102,St. Louis School Employees,MO,2012.0,184.0,972827.6,pending,
102,St. Louis School Employees,MO,2013.0,184.0,972827.6,pending,
102,St. Louis School Employees,MO,2014.0,184.0,972827.6,pending,
102,St. Louis School Employees,MO,2015.0,184.0,972827.6,pending,
102,St. Louis School Employees,MO,2016.0,184.0,972827.6,pending,
102,St. Louis School Employees,MO,2017.0,184.0,972827.6,pending,
102,St. Louis School Employees,MO,2018.0,184.0,972827.6,pending,
102,St. Louis School Employees,MO,2019.0,184.0,972827.6,pending,
102,St. Louis School Employees,MO,2020.0,184.0,972827.6,pending,
102,St. Louis School Employees,MO,2021.0,184.0,972827.6,pending,
178,Oklahoma City ERS,OK,2002.0,185.0,944116.75,pending,
178,Oklahoma City ERS,OK,2004.0,185.0,944116.75,pending,
178,Oklahoma City ERS,OK,2005.0,185.0,944116.75,pending,
178,Oklahoma City ERS,OK,2006.0,185.0,944116.75,pending,
178,Oklahoma City ERS,OK,2007.0,185.0,944116.75,pending,
178,Oklahoma City ERS,OK,2008.0,185.0,944116.75,pending,
178,Oklahoma City ERS,OK,2009.0,185.0,944116.75,pending,
178,Oklahoma City ERS,OK,2010.0,185.0,944116.75,pending,
178,Oklahoma City ERS,OK,2011.0,185.0,944116.75,pending,
178,Oklahoma City ERS,OK,2012.0,185.0,944116.75,pending,
178,Oklahoma City ERS,OK,2013.0,185.0,944116.75,pending,
178,Oklahoma City ERS,OK,2014.0,185.0,944116.75,pending,
178,Oklahoma City ERS,OK,2015.0,185.0,944116.75,pending,
178,Oklahoma City ERS,OK,2016.0,185.0,944116.75,pending,
178,Oklahoma City ERS,OK,2017.0,185.0,944116.75,pending,
178,Oklahoma City ERS,OK,2018.0,185.0,944116.75,pending,
178,Oklahoma City ERS,OK,2019.0,185.0,944116.75,pending,
178,Oklahoma City ERS,OK,2020.0,185.0,944116.75,pending,
178,Oklahoma City ERS,OK,2021.0,185.0,944116.75,pending,
55,Minneapolis ERF,MN,2001.0,186.0,935946.0,pending,
55,Minneapolis ERF,MN,2002.0,186.0,935946.0,pending,
55,Minneapolis ERF,MN,2003.0,186.0,935946.0,pending,
55,Minneapolis ERF,MN,2004.0,186.0,935946.0,pending,
55,Minneapolis ERF,MN,2005.0,186.0,935946.0,pending,
55,Minneapolis ERF,MN,2006.0,186.0,935946.0,pending,
55,Minneapolis ERF,MN,2007.0,186.0,935946.0,pending,
55,Minneapolis ERF,MN,2008.0,186.0,935946.0,pending,
55,Minneapolis ERF,MN,2009.0,186.0,935946.0,pending,
55,Minneapolis ERF,MN,2010.0,186.0,935946.0,pending,
55,Minneapolis ERF,MN,2011.0,186.0,935946.0,pending,
55,Minneapolis ERF,MN,2012.0,186.0,935946.0,pending,
55,Minneapolis ERF,MN,2013.0,186.0,935946.0,pending,
55,Minneapolis ERF,MN,2014.0,186.0,935946.0,pending,
226,Miami General and Sanitation Employees,FL,2001.0,187.0,933467.94,pending,
226,Miami General and Sanitation Employees,FL,2002.0,187.0,933467.94,pending,
226,Miami General and Sanitation Employees,FL,2003.0,187.0,933467.94,pending,
226,Miami General and Sanitation Employees,FL,2004.0,187.0,933467.94,pending,
226,Miami General and Sanitation Employees,FL,2005.0,187.0,933467.94,pending,
226,Miami General and Sanitation Employees,FL,2006.0,187.0,933467.94,pending,
226,Miami General and Sanitation Employees,FL,2007.0,187.0,933467.94,pending,
226,Miami General and Sanitation Employees,FL,2008.0,187.0,933467.94,pending,
226,Miami General and Sanitation Employees,FL,2009.0,187.0,933467.94,pending,
226,Miami General and Sanitation Employees,FL,2010.0,187.0,933467.94,pending,
226,Miami General and Sanitation Employees,FL,2011.0,187.0,933467.94,pending,
226,Miami General and Sanitation Employees,FL,2012.0,187.0,933467.94,pending,
226,Miami General and Sanitation Employees,FL,2013.0,187.0,933467.94,pending,
226,Miami General and Sanitation Employees,FL,2014.0,187.0,933467.94,pending,
226,Miami General and Sanitation Employees,FL,2015.0,187.0,933467.94,pending,
226,Miami General and Sanitation Employees,FL,2016.0,187.0,933467.94,pending,
226,Miami General and Sanitation Employees,FL,2017.0,187.0,933467.94,pending,
226,Miami General and Sanitation Employees,FL,2018.0,187.0,933467.94,pending,
226,Miami General and Sanitation Employees,FL,2019.0,187.0,933467.94,pending,
226,Miami General and Sanitation Employees,FL,2020.0,187.0,933467.94,pending,
226,Miami General and Sanitation Employees,FL,2021.0,187.0,933467.94,pending,
219,St. Louis Police,MO,2021.0,188.0,931651.2,pending,
205,Atlanta Fire,GA,2012.0,189.0,928729.0,pending,
205,Atlanta Fire,GA,2013.0,189.0,928729.0,pending,
205,Atlanta Fire,GA,2014.0,189.0,928729.0,pending,
205,Atlanta Fire,GA,2015.0,189.0,928729.0,pending,
205,Atlanta Fire,GA,2016.0,189.0,928729.0,pending,
205,Atlanta Fire,GA,2017.0,189.0,928729.0,pending,
205,Atlanta Fire,GA,2018.0,189.0,928729.0,pending,
205,Atlanta Fire,GA,2019.0,189.0,928729.0,pending,
205,Atlanta Fire,GA,2020.0,189.0,928729.0,pending,
205,Atlanta Fire,GA,2021.0,189.0,928729.0,pending,
199,Vermont Municipal Employees,VT,2003.0,190.0,926034.3,pending,
199,Vermont Municipal Employees,VT,2004.0,190.0,926034.3,pending,
199,Vermont Municipal Employees,VT,2005.0,190.0,926034.3,pending,
199,Vermont Municipal Employees,VT,2006.0,190.0,926034.3,pending,
199,Vermont Municipal Employees,VT,2007.0,190.0,926034.3,pending,
199,Vermont Municipal Employees,VT,2008.0,190.0,926034.3,pending,
199,Vermont Municipal Employees,VT,2009.0,190.0,926034.3,pending,
199,Vermont Municipal Employees,VT,2010.0,190.0,926034.3,pending,
199,Vermont Municipal Employees,VT,2011.0,190.0,926034.3,pending,
199,Vermont Municipal Employees,VT,2012.0,190.0,926034.3,pending,
199,Vermont Municipal Employees,VT,2013.0,190.0,926034.3,pending,
199,Vermont Municipal Employees,VT,2014.0,190.0,926034.3,pending,
199,Vermont Municipal Employees,VT,2015.0,190.0,926034.3,pending,
199,Vermont Municipal Employees,VT,2016.0,190.0,926034.3,pending,
199,Vermont Municipal Employees,VT,2017.0,190.0,926034.3,pending,
199,Vermont Municipal Employees,VT,2018.0,190.0,926034.3,pending,
199,Vermont Municipal Employees,VT,2019.0,190.0,926034.3,pending,
199,Vermont Municipal Employees,VT,2020.0,190.0,926034.3,pending,
199,Vermont Municipal Employees,VT,2021.0,190.0,926034.3,pending,
200,St. Louis Employees,MO,2007.0,191.0,920789.8,pending,
200,St. Louis Employees,MO,2008.0,191.0,920789.8,pending,
200,St. Louis Employees,MO,2009.0,191.0,920789.8,pending,
200,St. Louis Employees,MO,2010.0,191.0,920789.8,pending,
200,St. Louis Employees,MO,2011.0,191.0,920789.8,pending,
200,St. Louis Employees,MO,2012.0,191.0,920789.8,pending,
200,St. Louis Employees,MO,2013.0,191.0,920789.8,pending,
200,St. Louis Employees,MO,2014.0,191.0,920789.8,pending,
200,St. Louis Employees,MO,2015.0,191.0,920789.8,pending,
200,St. Louis Employees,MO,2016.0,191.0,920789.8,pending,
200,St. Louis Employees,MO,2017.0,191.0,920789.8,pending,
200,St. Louis Employees,MO,2018.0,191.0,920789.8,pending,
200,St. Louis Employees,MO,2019.0,191.0,920789.8,pending,
200,St. Louis Employees,MO,2020.0,191.0,920789.8,pending,
200,St. Louis Employees,MO,2021.0,191.0,920789.8,pending,
209,Wichita Police and Fire,KS,2001.0,192.0,898696.25,pending,
209,Wichita Police and Fire,KS,2002.0,192.0,898696.25,pending,
209,Wichita Police and Fire,KS,2003.0,192.0,898696.25,pending,
209,Wichita Police and Fire,KS,2004.0,192.0,898696.25,pending,
209,Wichita Police and Fire,KS,2005.0,192.0,898696.25,pending,
209,Wichita Police and Fire,KS,2006.0,192.0,898696.25,pending,
209,Wichita Police and Fire,KS,2007.0,192.0,898696.25,pending,
209,Wichita Police and Fire,KS,2008.0,192.0,898696.25,pending,
209,Wichita Police and Fire,KS,2009.0,192.0,898696.25,pending,
209,Wichita Police and Fire,KS,2010.0,192.0,898696.25,pending,
209,Wichita Police and Fire,KS,2011.0,192.0,898696.25,pending,
209,Wichita Police and Fire,KS,2012.0,192.0,898696.25,pending,
209,Wichita Police and Fire,KS,2013.0,192.0,898696.25,pending,
209,Wichita Police and Fire,KS,2014.0,192.0,898696.25,pending,
209,Wichita Police and Fire,KS,2015.0,192.0,898696.25,pending,
209,Wichita Police and Fire,KS,2016.0,192.0,898696.25,pending,
209,Wichita Police and Fire,KS,2017.0,192.0,898696.25,pending,
209,Wichita Police and Fire,KS,2018.0,192.0,898696.25,pending,
209,Wichita Police and Fire,KS,2019.0,192.0,898696.25,pending,
209,Wichita Police and Fire,KS,2020.0,192.0,898696.25,pending,
209,Wichita Police and Fire,KS,2021.0,192.0,898696.25,pending,
172,Omaha Police and Fire,NE,2006.0,193.0,800871.25,pending,
172,Omaha Police and Fire,NE,2009.0,193.0,800871.25,pending,
172,Omaha Police and Fire,NE,2010.0,193.0,800871.25,pending,
172,Omaha Police and Fire,NE,2011.0,193.0,800871.25,pending,
172,Omaha Police and Fire,NE,2012.0,193.0,800871.25,pending,
172,Omaha Police and Fire,NE,2013.0,193.0,800871.25,pending,
172,Omaha Police and Fire,NE,2014.0,193.0,800871.25,pending,
172,Omaha Police and Fire,NE,2015.0,193.0,800871.25,pending,
172,Omaha Police and Fire,NE,2016.0,193.0,800871.25,pending,
172,Omaha Police and Fire,NE,2017.0,193.0,800871.25,pending,
172,Omaha Police and Fire,NE,2018.0,193.0,800871.25,pending,
172,Omaha Police and Fire,NE,2019.0,193.0,800871.25,pending,
207,Kansas City (MO) Schools,MO,2002.0,194.0,753497.4,pending,
207,Kansas City (MO) Schools,MO,2003.0,194.0,753497.4,pending,
207,Kansas City (MO) Schools,MO,2004.0,194.0,753497.4,pending,
207,Kansas City (MO) Schools,MO,2005.0,194.0,753497.4,pending,
207,Kansas City (MO) Schools,MO,2006.0,194.0,753497.4,pending,
207,Kansas City (MO) Schools,MO,2007.0,194.0,753497.4,pending,
207,Kansas City (MO) Schools,MO,2008.0,194.0,753497.4,pending,
207,Kansas City (MO) Schools,MO,2009.0,194.0,753497.4,pending,
207,Kansas City (MO) Schools,MO,2010.0,194.0,753497.4,pending,
207,Kansas City (MO) Schools,MO,2011.0,194.0,753497.4,pending,
207,Kansas City (MO) Schools,MO,2012.0,194.0,753497.4,pending,
207,Kansas City (MO) Schools,MO,2013.0,194.0,753497.4,pending,
207,Kansas City (MO) Schools,MO,2014.0,194.0,753497.4,pending,
207,Kansas City (MO) Schools,MO,2015.0,194.0,753497.4,pending,
207,Kansas City (MO) Schools,MO,2016.0,194.0,753497.4,pending,
207,Kansas City (MO) Schools,MO,2017.0,194.0,753497.4,pending,
207,Kansas City (MO) Schools,MO,2018.0,194.0,753497.4,pending,
207,Kansas City (MO) Schools,MO,2019.0,194.0,753497.4,pending,
207,Kansas City (MO) Schools,MO,2020.0,194.0,753497.4,pending,
207,Kansas City (MO) Schools,MO,2021.0,194.0,753497.4,pending,
179,Wichita ERS,KS,2001.0,195.0,728717.94,pending,
179,Wichita ERS,KS,2002.0,195.0,728717.94,pending,
179,Wichita ERS,KS,2003.0,195.0,728717.94,pending,
179,Wichita ERS,KS,2004.0,195.0,728717.94,pending,
179,Wichita ERS,KS,2005.0,195.0,728717.94,pending,
179,Wichita ERS,KS,2006.0,195.0,728717.94,pending,
179,Wichita ERS,KS,2007.0,195.0,728717.94,pending,
179,Wichita ERS,KS,2008.0,195.0,728717.94,pending,
179,Wichita ERS,KS,2009.0,195.0,728717.94,pending,
179,Wichita ERS,KS,2010.0,195.0,728717.94,pending,
179,Wichita ERS,KS,2011.0,195.0,728717.94,pending,
179,Wichita ERS,KS,2012.0,195.0,728717.94,pending,
179,Wichita ERS,KS,2013.0,195.0,728717.94,pending,
179,Wichita ERS,KS,2014.0,195.0,728717.94,pending,
179,Wichita ERS,KS,2015.0,195.0,728717.94,pending,
179,Wichita ERS,KS,2016.0,195.0,728717.94,pending,
179,Wichita ERS,KS,2017.0,195.0,728717.94,pending,
179,Wichita ERS,KS,2018.0,195.0,728717.94,pending,
179,Wichita ERS,KS,2019.0,195.0,728717.94,pending,
179,Wichita ERS,KS,2020.0,195.0,728717.94,pending,
179,Wichita ERS,KS,2021.0,195.0,728717.94,pending,
182,Charlotte (NC) Firefighters' RS,NC,2001.0,196.0,676330.0,pending,
182,Charlotte (NC) Firefighters' RS,NC,2002.0,196.0,676330.0,pending,
182,Charlotte (NC) Firefighters' RS,NC,2003.0,196.0,676330.0,pending,
182,Charlotte (NC) Firefighters' RS,NC,2004.0,196.0,676330.0,pending,
182,Charlotte (NC) Firefighters' RS,NC,2005.0,196.0,676330.0,pending,
182,Charlotte (NC) Firefighters' RS,NC,2006.0,196.0,676330.0,pending,
182,Charlotte (NC) Firefighters' RS,NC,2007.0,196.0,676330.0,pending,
182,Charlotte (NC) Firefighters' RS,NC,2008.0,196.0,676330.0,pending,
182,Charlotte (NC) Firefighters' RS,NC,2009.0,196.0,676330.0,pending,
182,Charlotte (NC) Firefighters' RS,NC,2010.0,196.0,676330.0,pending,
182,Charlotte (NC) Firefighters' RS,NC,2011.0,196.0,676330.0,pending,
182,Charlotte (NC) Firefighters' RS,NC,2012.0,196.0,676330.0,pending,
182,Charlotte (NC) Firefighters' RS,NC,2013.0,196.0,676330.0,pending,
182,Charlotte (NC) Firefighters' RS,NC,2014.0,196.0,676330.0,pending,
182,Charlotte (NC) Firefighters' RS,NC,2015.0,196.0,676330.0,pending,
182,Charlotte (NC) Firefighters' RS,NC,2016.0,196.0,676330.0,pending,
182,Charlotte (NC) Firefighters' RS,NC,2017.0,196.0,676330.0,pending,
182,Charlotte (NC) Firefighters' RS,NC,2018.0,196.0,676330.0,pending,
182,Charlotte (NC) Firefighters' RS,NC,2019.0,196.0,676330.0,pending,
182,Charlotte (NC) Firefighters' RS,NC,2020.0,196.0,676330.0,pending,
182,Charlotte (NC) Firefighters' RS,NC,2021.0,196.0,676330.0,pending,
223,Kansas City (MO) Fire,MO,2017.0,197.0,674155.0,pending,
223,Kansas City (MO) Fire,MO,2018.0,197.0,674155.0,pending,
223,Kansas City (MO) Fire,MO,2019.0,197.0,674155.0,pending,
223,Kansas City (MO) Fire,MO,2020.0,197.0,674155.0,pending,
223,Kansas City (MO) Fire,MO,2021.0,197.0,674155.0,pending,
185,Sioux Falls ERS,SD,2017.0,198.0,635932.2,pending,
185,Sioux Falls ERS,SD,2018.0,198.0,635932.2,pending,
185,Sioux Falls ERS,SD,2019.0,198.0,635932.2,pending,
185,Sioux Falls ERS,SD,2020.0,198.0,635932.2,pending,
185,Sioux Falls ERS,SD,2021.0,198.0,635932.2,pending,
234,Delaware Police and Fire,DE,2001.0,199.0,625792.0,pending,
234,Delaware Police and Fire,DE,2002.0,199.0,625792.0,pending,
234,Delaware Police and Fire,DE,2003.0,199.0,625792.0,pending,
234,Delaware Police and Fire,DE,2004.0,199.0,625792.0,pending,
234,Delaware Police and Fire,DE,2005.0,199.0,625792.0,pending,
234,Delaware Police and Fire,DE,2006.0,199.0,625792.0,pending,
234,Delaware Police and Fire,DE,2007.0,199.0,625792.0,pending,
234,Delaware Police and Fire,DE,2008.0,199.0,625792.0,pending,
234,Delaware Police and Fire,DE,2009.0,199.0,625792.0,pending,
234,Delaware Police and Fire,DE,2010.0,199.0,625792.0,pending,
234,Delaware Police and Fire,DE,2011.0,199.0,625792.0,pending,
234,Delaware Police and Fire,DE,2012.0,199.0,625792.0,pending,
234,Delaware Police and Fire,DE,2013.0,199.0,625792.0,pending,
234,Delaware Police and Fire,DE,2014.0,199.0,625792.0,pending,
234,Delaware Police and Fire,DE,2015.0,199.0,625792.0,pending,
234,Delaware Police and Fire,DE,2016.0,199.0,625792.0,pending,
234,Delaware Police and Fire,DE,2017.0,199.0,625792.0,pending,
234,Delaware Police and Fire,DE,2018.0,199.0,625792.0,pending,
234,Delaware Police and Fire,DE,2019.0,199.0,625792.0,pending,
234,Delaware Police and Fire,DE,2020.0,199.0,625792.0,pending,
234,Delaware Police and Fire,DE,2021.0,199.0,625792.0,pending,
181,New Castle County Pension,DE,2003.0,200.0,552356.44,pending,
181,New Castle County Pension,DE,2004.0,200.0,552356.44,pending,
181,New Castle County Pension,DE,2005.0,200.0,552356.44,pending,
181,New Castle County Pension,DE,2006.0,200.0,552356.44,pending,
181,New Castle County Pension,DE,2007.0,200.0,552356.44,pending,
181,New Castle County Pension,DE,2008.0,200.0,552356.44,pending,
181,New Castle County Pension,DE,2009.0,200.0,552356.44,pending,
181,New Castle County Pension,DE,2010.0,200.0,552356.44,pending,
181,New Castle County Pension,DE,2011.0,200.0,552356.44,pending,
181,New Castle County Pension,DE,2012.0,200.0,552356.44,pending,
181,New Castle County Pension,DE,2013.0,200.0,552356.44,pending,
181,New Castle County Pension,DE,2014.0,200.0,552356.44,pending,
181,New Castle County Pension,DE,2015.0,200.0,552356.44,pending,
181,New Castle County Pension,DE,2016.0,200.0,552356.44,pending,
181,New Castle County Pension,DE,2017.0,200.0,552356.44,pending,
181,New Castle County Pension,DE,2018.0,200.0,552356.44,pending,
181,New Castle County Pension,DE,2019.0,200.0,552356.44,pending,
181,New Castle County Pension,DE,2020.0,200.0,552356.44,pending,
181,New Castle County Pension,DE,2021.0,200.0,552356.44,pending,
180,New Orleans ERS,LA,2003.0,201.0,510029.84,pending,
180,New Orleans ERS,LA,2004.0,201.0,510029.84,pending,
180,New Orleans ERS,LA,2005.0,201.0,510029.84,pending,
180,New Orleans ERS,LA,2006.0,201.0,510029.84,pending,
180,New Orleans ERS,LA,2007.0,201.0,510029.84,pending,
180,New Orleans ERS,LA,2008.0,201.0,510029.84,pending,
180,New Orleans ERS,LA,2009.0,201.0,510029.84,pending,
180,New Orleans ERS,LA,2010.0,201.0,510029.84,pending,
180,New Orleans ERS,LA,2011.0,201.0,510029.84,pending,
180,New Orleans ERS,LA,2012.0,201.0,510029.84,pending,
180,New Orleans ERS,LA,2013.0,201.0,510029.84,pending,
180,New Orleans ERS,LA,2014.0,201.0,510029.84,pending,
180,New Orleans ERS,LA,2015.0,201.0,510029.84,pending,
180,New Orleans ERS,LA,2016.0,201.0,510029.84,pending,
180,New Orleans ERS,LA,2017.0,201.0,510029.84,pending,
180,New Orleans ERS,LA,2018.0,201.0,510029.84,pending,
180,New Orleans ERS,LA,2019.0,201.0,510029.84,pending,
180,New Orleans ERS,LA,2020.0,201.0,510029.84,pending,
180,New Orleans ERS,LA,2021.0,201.0,510029.84,pending,
169,Providence ERS,RI,2006.0,202.0,439388.0,pending,
169,Providence ERS,RI,2007.0,202.0,439388.0,pending,
169,Providence ERS,RI,2008.0,202.0,439388.0,pending,
169,Providence ERS,RI,2009.0,202.0,439388.0,pending,
169,Providence ERS,RI,2010.0,202.0,439388.0,pending,
169,Providence ERS,RI,2011.0,202.0,439388.0,pending,
169,Providence ERS,RI,2012.0,202.0,439388.0,pending,
169,Providence ERS,RI,2013.0,202.0,439388.0,pending,
169,Providence ERS,RI,2014.0,202.0,439388.0,pending,
169,Providence ERS,RI,2015.0,202.0,439388.0,pending,
169,Providence ERS,RI,2016.0,202.0,439388.0,pending,
169,Providence ERS,RI,2017.0,202.0,439388.0,pending,
169,Providence ERS,RI,2018.0,202.0,439388.0,pending,
169,Providence ERS,RI,2019.0,202.0,439388.0,pending,
169,Providence ERS,RI,2020.0,202.0,439388.0,pending,
169,Providence ERS,RI,2021.0,202.0,439388.0,pending,
184,Anchorage Police and Fire,AK,2014.0,203.0,319620.25,pending,
184,Anchorage Police and Fire,AK,2015.0,203.0,319620.25,pending,
224,Pittsburgh Fire,PA,2005.0,204.0,311199.8,pending,
224,Pittsburgh Fire,PA,2006.0,204.0,311199.8,pending,
224,Pittsburgh Fire,PA,2007.0,204.0,311199.8,pending,
224,Pittsburgh Fire,PA,2008.0,204.0,311199.8,pending,
224,Pittsburgh Fire,PA,2009.0,204.0,311199.8,pending,
224,Pittsburgh Fire,PA,2010.0,204.0,311199.8,pending,
224,Pittsburgh Fire,PA,2011.0,204.0,311199.8,pending,
224,Pittsburgh Fire,PA,2012.0,204.0,311199.8,pending,
224,Pittsburgh Fire,PA,2013.0,204.0,311199.8,pending,
224,Pittsburgh Fire,PA,2014.0,204.0,311199.8,pending,
224,Pittsburgh Fire,PA,2015.0,204.0,311199.8,pending,
224,Pittsburgh Fire,PA,2016.0,204.0,311199.8,pending,
224,Pittsburgh Fire,PA,2017.0,204.0,311199.8,pending,
224,Pittsburgh Fire,PA,2018.0,204.0,311199.8,pending,
224,Pittsburgh Fire,PA,2019.0,204.0,311199.8,pending,
224,Pittsburgh Fire,PA,2020.0,204.0,311199.8,pending,
190,Manchester ERS,NH,2001.0,205.0,287263.22,pending,
190,Manchester ERS,NH,2002.0,205.0,287263.22,pending,
190,Manchester ERS,NH,2003.0,205.0,287263.22,pending,
190,Manchester ERS,NH,2004.0,205.0,287263.22,pending,
190,Manchester ERS,NH,2005.0,205.0,287263.22,pending,
190,Manchester ERS,NH,2006.0,205.0,287263.22,pending,
190,Manchester ERS,NH,2007.0,205.0,287263.22,pending,
190,Manchester ERS,NH,2008.0,205.0,287263.22,pending,
190,Manchester ERS,NH,2009.0,205.0,287263.22,pending,
190,Manchester ERS,NH,2010.0,205.0,287263.22,pending,
190,Manchester ERS,NH,2011.0,205.0,287263.22,pending,
190,Manchester ERS,NH,2012.0,205.0,287263.22,pending,
190,Manchester ERS,NH,2013.0,205.0,287263.22,pending,
190,Manchester ERS,NH,2014.0,205.0,287263.22,pending,
190,Manchester ERS,NH,2015.0,205.0,287263.22,pending,
190,Manchester ERS,NH,2016.0,205.0,287263.22,pending,
190,Manchester ERS,NH,2017.0,205.0,287263.22,pending,
190,Manchester ERS,NH,2018.0,205.0,287263.22,pending,
190,Manchester ERS,NH,2019.0,205.0,287263.22,pending,
190,Manchester ERS,NH,2020.0,205.0,287263.22,pending,
190,Manchester ERS,NH,2021.0,205.0,287263.22,pending,
183,Pittsburgh Police,PA,2005.0,206.0,264759.9,pending,
183,Pittsburgh Police,PA,2006.0,206.0,264759.9,pending,
183,Pittsburgh Police,PA,2007.0,206.0,264759.9,pending,
183,Pittsburgh Police,PA,2008.0,206.0,264759.9,pending,
183,Pittsburgh Police,PA,2009.0,206.0,264759.9,pending,
183,Pittsburgh Police,PA,2010.0,206.0,264759.9,pending,
183,Pittsburgh Police,PA,2011.0,206.0,264759.9,pending,
183,Pittsburgh Police,PA,2012.0,206.0,264759.9,pending,
183,Pittsburgh Police,PA,2013.0,206.0,264759.9,pending,
183,Pittsburgh Police,PA,2014.0,206.0,264759.9,pending,
183,Pittsburgh Police,PA,2015.0,206.0,264759.9,pending,
183,Pittsburgh Police,PA,2016.0,206.0,264759.9,pending,
183,Pittsburgh Police,PA,2017.0,206.0,264759.9,pending,
183,Pittsburgh Police,PA,2018.0,206.0,264759.9,pending,
203,Omaha ERS,NE,2010.0,207.0,255460.06,pending,
203,Omaha ERS,NE,2011.0,207.0,255460.06,pending,
203,Omaha ERS,NE,2012.0,207.0,255460.06,pending,
203,Omaha ERS,NE,2013.0,207.0,255460.06,pending,
203,Omaha ERS,NE,2014.0,207.0,255460.06,pending,
203,Omaha ERS,NE,2015.0,207.0,255460.06,pending,
203,Omaha ERS,NE,2016.0,207.0,255460.06,pending,
203,Omaha ERS,NE,2017.0,207.0,255460.06,pending,
203,Omaha ERS,NE,2018.0,207.0,255460.06,pending,
203,Omaha ERS,NE,2019.0,207.0,255460.06,pending,
187,Burlington (VT) ERS,VT,2009.0,208.0,248934.92,pending,
187,Burlington (VT) ERS,VT,2010.0,208.0,248934.92,pending,
187,Burlington (VT) ERS,VT,2011.0,208.0,248934.92,pending,
187,Burlington (VT) ERS,VT,2012.0,208.0,248934.92,pending,
187,Burlington (VT) ERS,VT,2013.0,208.0,248934.92,pending,
187,Burlington (VT) ERS,VT,2014.0,208.0,248934.92,pending,
187,Burlington (VT) ERS,VT,2015.0,208.0,248934.92,pending,
187,Burlington (VT) ERS,VT,2016.0,208.0,248934.92,pending,
187,Burlington (VT) ERS,VT,2017.0,208.0,248934.92,pending,
187,Burlington (VT) ERS,VT,2018.0,208.0,248934.92,pending,
187,Burlington (VT) ERS,VT,2019.0,208.0,248934.92,pending,
187,Burlington (VT) ERS,VT,2020.0,208.0,248934.92,pending,
187,Burlington (VT) ERS,VT,2021.0,208.0,248934.92,pending,
232,Sioux Falls Fire,SD,2012.0,209.0,228607.98,pending,
232,Sioux Falls Fire,SD,2013.0,209.0,228607.98,pending,
232,Sioux Falls Fire,SD,2014.0,209.0,228607.98,pending,
232,Sioux Falls Fire,SD,2015.0,209.0,228607.98,pending,
232,Sioux Falls Fire,SD,2016.0,209.0,228607.98,pending,
232,Sioux Falls Fire,SD,2017.0,209.0,228607.98,pending,
232,Sioux Falls Fire,SD,2018.0,209.0,228607.98,pending,
232,Sioux Falls Fire,SD,2019.0,209.0,228607.98,pending,
232,Sioux Falls Fire,SD,2020.0,209.0,228607.98,pending,
232,Sioux Falls Fire,SD,2021.0,209.0,228607.98,pending,
24,Duluth Teachers,MN,2004.0,210.0,226071.06,pending,
24,Duluth Teachers,MN,2005.0,210.0,226071.06,pending,
24,Duluth Teachers,MN,2006.0,210.0,226071.06,pending,
24,Duluth Teachers,MN,2007.0,210.0,226071.06,pending,
24,Duluth Teachers,MN,2008.0,210.0,226071.06,pending,
24,Duluth Teachers,MN,2009.0,210.0,226071.06,pending,
24,Duluth Teachers,MN,2010.0,210.0,226071.06,pending,
24,Duluth Teachers,MN,2011.0,210.0,226071.06,pending,
24,Duluth Teachers,MN,2012.0,210.0,226071.06,pending,
24,Duluth Teachers,MN,2013.0,210.0,226071.06,pending,
24,Duluth Teachers,MN,2014.0,210.0,226071.06,pending,
196,Pittsburgh Municipal,PA,2005.0,211.0,223576.03,pending,
196,Pittsburgh Municipal,PA,2006.0,211.0,223576.03,pending,
196,Pittsburgh Municipal,PA,2007.0,211.0,223576.03,pending,
196,Pittsburgh Municipal,PA,2008.0,211.0,223576.03,pending,
196,Pittsburgh Municipal,PA,2009.0,211.0,223576.03,pending,
196,Pittsburgh Municipal,PA,2010.0,211.0,223576.03,pending,
196,Pittsburgh Municipal,PA,2011.0,211.0,223576.03,pending,
196,Pittsburgh Municipal,PA,2012.0,211.0,223576.03,pending,
196,Pittsburgh Municipal,PA,2013.0,211.0,223576.03,pending,
196,Pittsburgh Municipal,PA,2014.0,211.0,223576.03,pending,
196,Pittsburgh Municipal,PA,2015.0,211.0,223576.03,pending,
196,Pittsburgh Municipal,PA,2016.0,211.0,223576.03,pending,
196,Pittsburgh Municipal,PA,2017.0,211.0,223576.03,pending,
196,Pittsburgh Municipal,PA,2018.0,211.0,223576.03,pending,
228,Kansas City (MO) Civilian,MO,2017.0,212.0,174187.75,pending,
228,Kansas City (MO) Civilian,MO,2018.0,212.0,174187.75,pending,
228,Kansas City (MO) Civilian,MO,2019.0,212.0,174187.75,pending,
228,Kansas City (MO) Civilian,MO,2020.0,212.0,174187.75,pending,
228,Kansas City (MO) Civilian,MO,2021.0,212.0,174187.75,pending,
202,Jersey City Municipal Employees,NJ,2017.0,213.0,147189.5,pending,
202,Jersey City Municipal Employees,NJ,2018.0,213.0,147189.5,pending,
202,Jersey City Municipal Employees,NJ,2019.0,213.0,147189.5,pending,
202,Jersey City Municipal Employees,NJ,2020.0,213.0,147189.5,pending,
192,Bismarck Employees' Pension Plan,ND,2001.0,214.0,118296.16,pending,
192,Bismarck Employees' Pension Plan,ND,2002.0,214.0,118296.16,pending,
192,Bismarck Employees' Pension Plan,ND,2003.0,214.0,118296.16,pending,
192,Bismarck Employees' Pension Plan,ND,2004.0,214.0,118296.16,pending,
192,Bismarck Employees' Pension Plan,ND,2005.0,214.0,118296.16,pending,
192,Bismarck Employees' Pension Plan,ND,2006.0,214.0,118296.16,pending,
192,Bismarck Employees' Pension Plan,ND,2007.0,214.0,118296.16,pending,
192,Bismarck Employees' Pension Plan,ND,2008.0,214.0,118296.16,pending,
192,Bismarck Employees' Pension Plan,ND,2009.0,214.0,118296.16,pending,
192,Bismarck Employees' Pension Plan,ND,2010.0,214.0,118296.16,pending,
192,Bismarck Employees' Pension Plan,ND,2011.0,214.0,118296.16,pending,
192,Bismarck Employees' Pension Plan,ND,2012.0,214.0,118296.16,pending,
192,Bismarck Employees' Pension Plan,ND,2013.0,214.0,118296.16,pending,
192,Bismarck Employees' Pension Plan,ND,2014.0,214.0,118296.16,pending,
192,Bismarck Employees' Pension Plan,ND,2015.0,214.0,118296.16,pending,
192,Bismarck Employees' Pension Plan,ND,2016.0,214.0,118296.16,pending,
192,Bismarck Employees' Pension Plan,ND,2017.0,214.0,118296.16,pending,
192,Bismarck Employees' Pension Plan,ND,2018.0,214.0,118296.16,pending,
192,Bismarck Employees' Pension Plan,ND,2019.0,214.0,118296.16,pending,
192,Bismarck Employees' Pension Plan,ND,2020.0,214.0,118296.16,pending,
195,Delaware County and Municipal Employees,DE,2001.0,215.0,96932.0,pending,
195,Delaware County and Municipal Employees,DE,2002.0,215.0,96932.0,pending,
195,Delaware County and Municipal Employees,DE,2003.0,215.0,96932.0,pending,
195,Delaware County and Municipal Employees,DE,2004.0,215.0,96932.0,pending,
195,Delaware County and Municipal Employees,DE,2005.0,215.0,96932.0,pending,
195,Delaware County and Municipal Employees,DE,2006.0,215.0,96932.0,pending,
195,Delaware County and Municipal Employees,DE,2007.0,215.0,96932.0,pending,
195,Delaware County and Municipal Employees,DE,2008.0,215.0,96932.0,pending,
195,Delaware County and Municipal Employees,DE,2009.0,215.0,96932.0,pending,
195,Delaware County and Municipal Employees,DE,2010.0,215.0,96932.0,pending,
195,Delaware County and Municipal Employees,DE,2011.0,215.0,96932.0,pending,
195,Delaware County and Municipal Employees,DE,2012.0,215.0,96932.0,pending,
195,Delaware County and Municipal Employees,DE,2013.0,215.0,96932.0,pending,
195,Delaware County and Municipal Employees,DE,2014.0,215.0,96932.0,pending,
195,Delaware County and Municipal Employees,DE,2015.0,215.0,96932.0,pending,
195,Delaware County and Municipal Employees,DE,2016.0,215.0,96932.0,pending,
195,Delaware County and Municipal Employees,DE,2017.0,215.0,96932.0,pending,
195,Delaware County and Municipal Employees,DE,2018.0,215.0,96932.0,pending,
195,Delaware County and Municipal Employees,DE,2019.0,215.0,96932.0,pending,
195,Delaware County and Municipal Employees,DE,2020.0,215.0,96932.0,pending,
195,Delaware County and Municipal Employees,DE,2021.0,215.0,96932.0,pending,
193,Des Moines Water Works,IA,2018.0,216.0,63863.6,pending,
193,Des Moines Water Works,IA,2019.0,216.0,63863.6,pending,
193,Des Moines Water Works,IA,2021.0,216.0,63863.6,pending,
230,Bismarck Police Plan,ND,2021.0,217.0,53951.297,pending,
